Time,0,1,2,3,4,5,6,7,8,9,10,11,12,13,14,15,16,17,18,19,20,21,22,23,24,25,26,27,28,29,30,31,32,33,34,35,36,37,38,39,40,41,42,43,44,45,46,47
00:00,24.982745398773005,14.125,12.188149053145999,11.966898954703833,16.45985401459854,16.0999453850355,18.699029126213592,6.9000340020401225,17.05419029615627,20.56641975308642,13.681969394544245,15.806018269747447,37.72407045009785,28.573007103393845,21.45388865278368,23.988191423244253,36.58020231213873,30.387196695921528,32.67835671342685,8.682034976152623,14.157072368421053,14.273714016045304,34.33270440251572,19.6212583995113,16.20046403712297,8.932786044125193,39.43127753303965,26.314899154196485,19.70242444370641,18.851076555023923,18.382716049382715,18.55173858399665,15.980053191489361,15.679874213836477,15.796308724832215,30.124436090225565,38.80416666666667,23.369215291750503,63.139135959339264,14.899814471243042,9.464539007092199,29.187299550994226,22.87264457439896,7.698308595098378,6.8436,13.09738430583501,20.71372740595994,20.913559322033898
00:20,24.85620107128142,14.391684901531729,12.784984984984986,13.223634053367217,16.687150837988828,16.58289334741288,20.325075075075077,8.421936405859235,17.564655172413794,19.234549878345497,14.464681440443213,15.011076923076923,38.64767518009168,29.11732283464567,22.03486394557823,25.1858407079646,36.48710601719198,31.90067956089911,32.37394331178518,8.84447900466563,14.367421180274858,12.827063996091841,34.38788257339163,19.80966498665876,17.280391243595716,9.704626334519572,40.95456570155902,33.474164133738604,20.417232021709633,18.90566037735849,19.71161825726141,20.078334825425245,15.920404573438875,15.957023733162284,17.423571428571428,27.649439102564102,37.19691516709511,19.60469483568075,60.950538998097656,14.661985018726591,9.678949597628124,28.65214606021781,20.877742946708462,7.58145106091718,6.638501394978079,13.577520924671184,20.435759648265755,21.423509075194467
00:40,25.051602814698985,13.018579234972677,12.052005012531328,13.498916341569137,16.057065217391305,16.549568965517242,21.63312202852615,7.554998328318288,17.54182754182754,19.194539249146757,13.174061433447099,15.959551960174238,40.31803060545575,29.62762520193861,23.40517998244074,21.78612059158134,36.515280739161334,30.645242914979757,34.297679112008076,8.714053614947197,14.348068669527898,13.394177449168208,35.751234567901236,17.934315169366716,16.532122905027933,9.36788096459723,37.26211546565529,36.945049739459975,22.555109326193662,18.528811524609843,17.530528476141612,20.825531914893617,14.551393728222996,15.920685279187817,17.17617866004963,25.12713547874454,38.618997912317326,20.166586422725086,64.96488946684005,13.949571836346337,8.491037932471864,27.468589743589742,18.77459526774595,6.222638936242755,5.513375295043273,12.450862414761332,18.001948368241596,20.069981583793737
01:00,24.444169756901523,14.012658227848101,11.724683544303797,13.058798646362098,17.530758226037197,16.79142403388036,20.691348402182385,7.98019801980198,17.073977936404933,20.65107018417123,16.05805958747135,13.249378109452737,38.57047872340426,30.86115702479339,24.40713671539123,22.94993894993895,36.996395097332375,32.82645956079271,35.55589430894309,8.564142194744976,12.946008484381025,12.450156985871272,35.943231441048034,16.651115618661258,16.113817537643932,11.252669039145907,38.1464135021097,36.77893175074184,24.010481181515008,19.296296296296298,17.391587381071606,21.729504172803143,16.875277407900576,17.356598984771573,16.669715089693984,29.105864994466987,41.823621227887614,21.326761951700345,79.72912423625255,15.877956480605487,9.280764635603346,30.58219623131904,24.471932114882506,7.466257668711656,6.808624229979466,13.02915082382763,20.924168297455967,21.70847176079734
01:20,24.475878986099755,13.658421672555948,12.805901639344262,13.572506286672255,16.81904761904762,16.253580901856765,22.533333333333335,8.45863371095091,18.017060367454068,19.809290953545233,15.012987012987013,15.021889400921658,38.51765489673551,32.63091216216216,25.380662020905923,22.59751552795031,37.7994207096307,31.292619542619544,34.611925214754926,9.054157131960336,9.70210970464135,15.717286652078775,35.948070175438595,17.643312101910826,16.88679245283019,12.780896110290497,36.29682410423453,33.75045427013931,24.346100599907707,19.9976838448176,18.724120346761858,23.481770833333332,15.435684647302905,18.96558197747184,16.990613476366075,27.99882445141066,39.93533604887984,21.47756874095514,55.314215985356924,16.269266480965644,10.341213553979511,31.56510583707505,23.961880559085134,8.27038043478261,7.907936507936508,14.250876509544215,21.67789373814042,22.65892857142857
01:40,25.335329341317365,14.602609727164888,11.942101950912523,13.963466440101953,16.828418230563003,17.457978723404256,21.79019908116386,8.58628841607565,16.363744782349432,18.592522479886416,14.691689008042895,14.191024863553668,38.81599479843953,31.70495867768595,26.423529411764704,24.580012650221377,37.47979797979798,30.271684945164505,33.285858585858584,9.084226646248085,12.494362017804153,15.067033976124884,36.691380349608195,17.73133911098686,15.929847494553377,16.789673140691615,38.504222972972975,33.730722891566266,23.654135338345863,18.74827188940092,17.710181451612904,20.691068814055637,14.566787003610107,18.928436911487758,16.617636807249912,26.057393383818255,37.96347736625514,20.540047961630695,69.31899404367968,14.48330241187384,8.56058339566193,26.8048010107391,20.862745098039216,6.942281420765028,6.93581616481775,12.716872791519435,20.395906140788817,21.208
02:00,25.317093311312963,14.170842824601367,10.857142857142858,14.03805938937683,16.953168044077135,17.430548163916978,24.748542880932558,8.70242782152231,16.961165048543688,19.60242650489967,13.916943521594684,15.582599118942731,38.744805194805195,31.093648208469055,25.675615212527966,22.557489123679304,38.48937728937729,30.695891783567134,34.54639175257732,9.134248665141113,15.08709055876686,12.360475754803293,32.504046242774564,17.444036178631997,16.303282275711158,16.625,37.52838241570636,35.3667638483965,21.756461232604373,18.75129832660127,17.31017369727047,20.320934668574154,14.252773375594295,17.82836787564767,16.647777400746524,25.580300632911392,41.61786085150571,19.591147072822466,70.26354029062087,13.459610027855152,8.827941176470588,28.16548615582743,19.738346799254195,6.8754704071159765,6.852472415202288,12.592503022974608,19.434782608695652,20.5032080659945
02:20,23.190713101160863,13.864864864864865,11.136150234741784,12.894282188399835,15.599472990777338,16.5289124668435,24.1897265948633,7.871031096563011,16.158816425120772,18.324375294672326,14.755305039787798,12.830560690080098,36.91163382072473,29.897681854516385,24.999569522169608,23.513547574039066,38.2866568914956,29.88894422310757,34.393451143451145,9.429009976976209,14.15705378020265,12.210738255033558,31.830392714854867,18.186294867991695,16.687745311818578,15.488003838771593,35.94170933438362,36.49544235924933,21.54918306102034,19.240943070730303,17.215892771661082,20.8044776119403,15.47643362136685,17.344444444444445,16.088030619345858,26.700555996822875,43.7456,22.686411149825783,72.78842315369262,14.788949275362318,9.79656538969617,27.9003807106599,22.355858648481092,7.918946648426813,7.45124439004488,14.370578778135048,21.82486433152442,20.71217712177122
02:40,24.19386909693455,14.75995575221239,13.123697916666666,14.793994995829857,17.387617765814266,18.446345256609643,22.98613251155624,8.568115942028985,17.811411411411413,20.149056603773584,14.662949194547707,16.017897091722595,39.06976744186046,29.84456780333069,25.547598627787306,23.388993120700437,38.543948126801155,30.964506172839506,33.51392405063291,9.953761755485893,15.346763823403343,14.02851619139681,33.67816091954023,19.1345600920069,16.589924878479895,18.142607937200175,38.30524978831499,36.441159749857874,24.159362549800797,18.9484126984127,17.674429657794676,19.867562380038386,16.205278592375368,17.613621480026197,18.167013167013167,25.23566627125346,42.6443864229765,19.29854254818994,56.49686323713927,13.634212920837125,9.243166054671562,28.211267605633804,21.183125,7.6912378303198885,7.294199535962877,13.749790444258172,20.396543209876544,22.08253358925144
03:00,23.730385782401388,14.349881796690307,12.875418620227729,12.913771452490582,16.469827586206897,16.722361180590294,23.162096774193547,7.671044202434337,16.699814700432366,17.99434495758718,13.379032258064516,12.740251949610078,37.90183246073298,28.224313725490195,24.34505788067676,24.449400798934754,37.383502170767,30.949188056574123,35.69493278179938,9.322604242867593,14.76923076923077,12.951474785918172,32.33468913422429,17.48876728110599,16.44494584837545,17.05586592178771,37.33177371331348,35.137396121883654,23.180291648254528,19.28514285714286,15.992056487202118,19.95678722404885,15.387387387387387,16.527106466361854,16.153954802259886,26.191987306624355,46.82538832351366,21.049603174603174,67.56278464541315,13.311934900542495,9.481766612641815,29.096067053513863,20.665236051502145,7.343866802582399,7.603730664240218,13.973572037510657,20.53492916463117,20.19047619047619
03:20,24.32753500212134,14.983112183353438,15.399310344827587,13.377350776778414,14.735083532219571,17.620030975735673,21.044528301886793,8.5408128988915,17.088793631353337,18.42924528301887,14.15373665480427,14.1415770609319,37.49807445442875,27.394388152766954,22.62461807071148,25.132890365448507,37.31726618705036,30.771103055411704,32.68394564670357,9.482189973614776,14.478689995513683,13.711066398390342,33.702127659574465,17.614150673159553,15.765873015873016,18.33954092680814,36.42851307189542,35.74159192825112,22.489734816082123,19.46418499717992,14.846918489065606,20.245398773006134,16.780433820274457,17.457815565729234,17.253889674681755,27.247119586809696,43.11146838156485,21.16724053123463,80.11491108071135,14.171628721541156,9.559983733224888,29.946278317152103,21.07240099009901,7.698255217242559,7.8898809523809526,14.63877874702617,21.216216216216218,23.20700636942675
03:40,29.203440860215053,14.931350114416476,11.945652173913043,15.304437992534218,15.290284360189574,21.55287958115183,29.527016444792483,11.28988915015116,22.361661341853036,23.71189679885332,14.103709311127933,17.502658003544006,47.727864583333336,38.2622187742436,27.703222918531782,22.423537234042552,49.037527593818986,39.125128733264674,43.66184074457084,10.399860432658757,16.76508521418701,15.77263818110545,36.35915915915916,21.760210035005834,19.79164795689268,23.076460481099655,41.97282139775669,36.853372434017594,27.163852122318577,24.376828554710357,22.86015403323875,25.340771734077173,22.463594470046083,20.932007697241822,21.122956645344704,34.20756972111554,58.49063876651982,25.4182156133829,75.95584239130434,18.52420856610801,12.30490317264112,36.99740932642487,26.38533834586466,9.878932968536251,9.632083696599826,16.100395256916997,25.623031496062993,25.11400651465798
04:00,31.79096283783784,14.720245398773006,12.082105263157894,17.65842604037907,15.720297029702971,26.44160583941606,30.693224125093074,11.689219095795131,23.324620060790274,22.748832866479926,12.450106157112527,19.278008298755186,51.94291212315587,37.5441400304414,28.79164835164835,22.63368983957219,58.237638376383764,44.28190954773869,51.24053224155578,9.498327759197325,17.326477024070023,15.329084588644264,37.225844694724366,24.685780480741386,22.033839479392626,27.253006872852232,47.4653670676068,43.51456815816857,28.28782452999105,23.08347245409015,23.54886914378029,23.966736842105263,22.64631282292156,20.93851132686084,20.99787234042553,31.507899807321774,65.84366428963247,25.223463687150836,102.89439184268026,18.415384615384614,12.473705179282868,38.25500322788896,25.777708592777085,8.10857726344452,7.675041876046901,16.477582846003898,24.52159146045609,25.104421448730008
04:20,33.639202081526456,14.699257425742575,12.402258292166549,17.575905575905576,15.55006031363088,26.382474226804124,27.850901525658806,12.820240137221269,22.965868263473055,25.52516619183286,12.38241451500349,19.090193704600484,53.31971465629053,38.31336405529954,29.767982456140352,22.907608695652176,58.80521361332368,45.35114885114885,52.135575942915395,9.307174887892376,19.5801393728223,15.836386876864081,37.25043277553376,26.50648228176318,23.026637554585154,25.670763827919227,52.666228070175436,45.42763157894737,31.945997157745143,23.697331061896648,23.838900634249473,26.624772313296905,23.19234404536862,22.572595851665618,22.18103756708408,35.610962054426984,65.84797843665768,27.89126213592233,99.68641114982579,18.886948529411764,15.135802469135802,41.52728468113084,27.10532615200479,9.0170706725845,8.476976976976976,17.774013551215624,26.445098039215686,29.299382716049383
04:40,31.828041237113403,14.27972027972028,11.665017667844523,17.53047034764826,15.21376811594203,25.340790842872007,30.682316118935837,12.288507718696398,22.78082191780822,26.271830985915493,15.737989103516592,20.56611570247934,52.75579896907217,36.25408618127786,30.366666666666667,22.48362892223738,58.17334304442826,44.05478087649402,47.92028254288597,9.646792452830189,17.290447504302925,18.385061638868745,37.82034503271862,25.56366772060937,21.396388650042994,25.54028021015762,53.310512367491164,44.52802893309222,30.491906474820144,22.97678369195923,21.455580865603643,25.749772105742935,23.395169082125605,21.660836976889446,23.13851109520401,33.86918045402078,61.132014965259216,28.624755381604697,104.9324512534819,18.365965233302838,11.551528384279475,41.05559189012426,29.716825396825396,8.892941573792637,8.679960610536682,17.17034834324554,28.489624505928855,30.884575026232948
05:00,32.42336083369518,14.063511830635118,11.551961459050242,17.11926977687627,15.98060606060606,23.986265187533018,29.637795275590552,12.6530679933665,22.59748427672956,26.595430747263208,15.031697341513292,20.165233415233416,52.172750977835726,35.51221317542561,30.6308957161402,20.982005141388175,59.02291204730229,43.82170542635659,51.25333333333333,9.508449669360765,19.35186721991701,16.45945945945946,35.79703264094955,27.069043576683644,21.243776824034335,24.236038394415356,53.99954233409611,42.301863354037266,30.325868372943326,23.80913091309131,19.860903905221587,24.647313691507797,23.52141176470588,22.37682926829268,23.249639249639248,34.49227799227799,66.96886947023485,27.346282973621104,105.21182266009852,20.230980751604033,14.314444960520204,41.03238341968912,31.449174078780178,10.024562584118438,8.668126520681264,17.48211382113821,28.661282427802252,31.201207243460765
05:20,33.26127659574468,13.77132701421801,11.19591836734694,17.395435684647303,15.294972067039106,23.87566418703507,28.635521235521235,12.264412238325281,21.72974644403216,26.852278177458032,14.57869539198085,19.53792735042735,53.47419986936643,34.97717231222386,30.642045454545453,22.03257978723404,58.755685986793836,42.20905923344948,48.46377551020408,9.465817694369973,19.561181434599156,20.58645096056623,36.843230403800476,26.86731763354394,21.683760683760685,26.11403887688985,52.10899424014178,40.983496332518335,28.629498000888493,22.925720620842572,19.151147682979644,26.28727272727273,23.308681672025724,24.273736812881733,24.19602169981917,36.3547507788162,62.53279569892473,31.38617886178862,88.93854033290653,20.41363211951447,13.132969798657719,41.03437094682231,30.31565814098565,9.311208940060954,8.562529947292765,17.491938655131733,29.1351217088922,33.07387580299786
05:40,32.68038111736683,12.883631713554987,10.51641586867305,16.899918962722854,14.525,23.550497121925694,27.471608832807572,10.538755980861245,21.552190721649485,25.334131163236,11.950097213220998,18.860959319975713,51.589473684210525,32.997093023255815,29.893385552654482,20.660526315789475,58.69144981412639,41.64826894129453,46.41794087665647,8.452035886818496,19.602452531645568,17.46501328609389,36.92084592145015,26.336088939566704,21.299036777583186,24.784843205574912,53.44330813694975,43.10224719101124,29.891693437356587,22.249863908546544,23.716122650840752,25.23926116838488,22.502017032720754,20.324742268041238,22.361499148211244,36.128943217665615,59.694888178913736,27.28767795778105,81.68757841907151,20.197209302325582,12.022813688212928,40.180989583333336,27.724736515809052,9.000340251786321,7.47122641509434,16.79056974459725,27.33912611717974,30.511387163561075
06:00,33.10878839590443,13.901298701298701,11.768058316766071,18.201071281417388,15.716216216216216,24.66314119513485,26.0,12.410912765240822,22.55116580310881,26.862264150943396,13.130589070262598,20.056140350877193,51.807817589576544,35.72982975573649,31.958094397882665,21.7555414819506,59.187824795842616,42.1145,47.792908530318606,9.842712842712842,20.430998756734354,16.709310850439884,36.03607937462417,27.803172737955347,21.29637526652452,24.043250327653997,54.1729055258467,42.39929536112742,31.005029721079104,22.17996786288163,20.145670906852686,27.02503352704515,23.725436179981635,22.113519680547633,23.919167803547065,37.563031423290205,64.6140350877193,30.848884381338742,85.38013915243516,20.52795600366636,11.434975767366721,41.40415854450942,29.035021888680426,8.767748478701826,8.466105656848995,17.24087284934956,27.597922848664687,30.00388349514563
06:20,27.03710715638016,13.481830417227457,11.777027027027026,16.955704137066444,15.421621621621622,23.510388918486946,22.942132639791936,11.944164143962327,20.943467336683415,27.072318007662837,12.394023627519111,18.548269581056466,51.36363636363637,35.40103397341211,32.008355321020225,21.15591054313099,59.720687079910384,42.26216077828981,44.977238239757206,9.363427697016068,18.580459770114942,19.801366520253783,35.65726043503821,25.610514086552424,21.28450954283178,22.373257839721255,53.036547776309995,39.45638432364096,29.134423251589464,23.944151738672286,21.46597692001592,27.823843416370106,24.648097826086957,23.872686483454853,24.416523235800344,39.56022408963585,61.41028387787895,32.21031547320982,91.8932406822489,23.25685557586837,14.657695542472666,44.133637548891784,32.28969006957622,10.686882453151618,9.369942196531792,18.871773522064945,31.91459781529295,32.83540669856459
06:40,25.908274054661174,12.720194647201946,10.67986577181208,16.691639072847682,14.628385698808234,23.751066098081022,22.98233995584989,10.108601793424112,19.83210332103321,25.039152464302166,10.480188045668234,21.15571507454445,50.421052631578945,33.71751824817518,31.637931034482758,18.81845780206436,57.316171138506164,40.81635725037632,45.96586856851758,8.203891050583657,17.89001319841619,15.531397174254318,36.09993943064809,24.92294471498138,19.913344887348355,22.428695652173914,51.795180722891565,33.55849306014541,29.04465930018416,20.251565762004176,23.659079413252403,26.351293103448278,21.826261723983922,19.421707179197288,21.87868743785217,36.28224522292994,63.35956284153006,28.359979889391653,90.01624431448992,19.195555555555554,13.029736618521666,39.95210355987055,28.949717159019485,8.84691442209342,7.364711447492905,17.084189723320158,29.57375381485249,29.005825242718448
07:00,29.976519916142557,13.75130890052356,11.33155792276964,17.192102015631427,15.148070907194995,23.674042093901782,24.00974251913709,11.236923076923077,21.455882352941178,26.981421272642823,12.086036671368124,18.367480643240025,50.500656167979,35.461425422483465,32.22654867256637,20.35876418663304,58.265112891478516,44.42745709828393,42.781882591093115,9.113533834586466,20.231477773327995,17.25045045045045,37.772076372315034,24.417022487902077,19.366295838483726,25.34918594687232,53.33697632058288,34.39761431411531,30.012289485662265,22.00365344467641,21.092933618843684,27.621320249776986,23.099376114081995,22.449189189189187,23.638774104683197,39.67194478278522,66.62658576944291,30.855919395465996,87.92077922077922,20.562162162162164,13.770373705538045,43.91046741277156,28.888546798029555,9.86986301369863,8.940482046237088,18.64520048602673,30.850603621730382,31.644120707596255
07:20,28.27030303030303,13.408239700374532,11.644415069398546,17.839772265148433,15.671280276816608,23.721868365180466,30.71099744245524,11.167597765363128,20.693140794223826,27.481447124304268,11.701982228298018,20.205097806757557,51.3158940397351,36.84026745913819,32.307658450704224,19.993788819875775,57.06534090909091,43.11658031088083,44.569556451612904,8.708994708994709,19.851632047477747,15.969685767097967,37.99694376528117,26.086430423509075,19.65914893617021,26.312607204116638,53.21840659340659,34.9443447037702,30.27248201438849,22.345931758530185,19.47091295116773,26.536320139190952,22.811722912966253,19.04769921436588,21.628590740114905,38.57183326588426,63.94569391113549,30.128902316213495,86.33028720626632,19.57019230769231,11.975873544093178,40.894361633182115,28.6,9.250690607734807,8.454634624816086,16.58647225597408,29.145885916203937,28.44911937377691
07:40,27.942094455852157,13.688328912466844,11.647952443857331,17.655852156057495,16.81002331002331,25.695027624309393,29.807754442649436,10.78968123562274,20.881818181818183,27.4175519630485,12.51791988756149,20.28931203931204,50.76520051746442,38.009209516500384,32.493174812857774,20.38249694002448,57.571123755334284,44.19292771710868,43.27910523640061,8.144337527757218,19.356023102310232,15.840883564208161,38.37803398058252,26.30134189031505,19.5462080397845,26.56970220112214,55.07485166590598,34.59126700071582,29.730194658216387,23.43237370994025,17.65844481605351,26.069899519440803,24.49056603773585,20.387965616045847,21.627563025210083,38.623371335504885,63.10529187124932,30.058973055414338,83.84620376378975,19.515711645101664,12.017581475128646,41.98422090729783,30.132578281145904,8.937989778534924,8.663585002568054,16.485632183908045,30.38445807770961,27.905870445344128
08:00,26.993155893536123,14.121982210927573,12.2630173564753,17.98221670802316,16.401063829787233,25.208700440528634,27.120765832106038,11.27153871940999,21.581818181818182,26.769940064545874,12.481168831168832,20.009918319719954,51.392691029900334,36.58854559155991,32.8421052631579,20.4194587628866,59.23935389133627,45.229594523433384,44.83572159672467,8.84896551724138,19.50467669784465,17.367041198501873,35.86150234741784,26.871535022354696,21.475375626043405,25.86823734729494,53.57168063520071,33.05505226480836,31.084089823220257,23.44021164021164,19.077359254759013,26.30762747576907,23.153954802259886,18.857545045045047,21.976714100905564,39.062119366626064,63.887622149837135,30.996410256410257,85.01049180327868,19.43646408839779,12.413005272407732,42.21156373193167,26.460707858428314,8.79503738953093,8.115553388590932,17.139573070607554,29.522898842476096,30.13939393939394
08:20,27.15286361763494,13.142307692307693,12.787234042553191,17.2785802723896,16.35529411764706,24.554189944134077,31.324584426946632,11.077471967380225,21.13730407523511,26.392329020332717,12.374125874125873,20.30351262349067,51.1768251841929,36.66413373860183,31.39817232375979,20.71945701357466,57.94584837545126,42.96847545219638,43.76986160943106,8.792130660727542,20.160128102481984,15.642938280954183,37.376279349789286,22.92251223491028,20.65859872611465,27.183734939759034,52.3841961852861,32.7128580946036,30.056754221388367,25.001066666666667,18.975533980582526,26.10818059901654,23.45570216776626,18.653498871331827,22.577572475310607,40.435490435490436,67.82052720134605,30.282630522088354,98.48982360922659,20.545950864422203,11.880942184154176,42.91963109354414,29.555414819506016,9.69548872180451,8.719184890656063,17.096273291925467,31.112895132965377,30.11781888997079
08:40,26.628480509148766,12.291616038882138,10.93452380952381,16.490650406504066,15.052443384982121,24.711283185840706,28.754807692307693,10.257025359835504,19.827175954915468,26.30488383119962,11.338181818181818,18.49131216297184,50.83577127659574,33.82296296296296,30.713164777680905,20.039087947882734,56.27376697641172,45.05632306057386,43.74755784061696,7.773188405797101,19.57991231566361,18.397097625329817,37.68628640776699,25.68480523342254,20.269277351635044,26.73560209424084,54.93938033228559,32.673881673881674,30.18602409638554,23.38087520259319,18.54210305823209,24.02110595187843,22.1196333815726,18.602609727164886,20.86427457098284,38.54158215010142,61.657937806873974,29.988039521580863,97.59112959112959,18.86279926335175,10.381979695431472,40.59207920792079,26.156407035175878,8.291044776119403,7.458758109360519,15.518223711772098,29.413932357395254,27.511385199240987
09:00,26.778038296209456,13.356510745891278,11.930142302716689,16.72539489671932,15.541284403669724,23.888352120236178,29.65655737704918,11.056010928961749,19.207142857142856,25.544988344988344,12.562729273661041,19.033272837265578,51.95244474212994,37.23335883703137,31.613973799126637,20.671296296296298,57.47738693467337,42.71339563862929,43.81955278211129,8.787508486082825,19.598164405426974,17.349586417065737,34.08895348837209,24.31237322515213,20.429302875147695,26.30641641204714,54.77922077922078,34.660037290242386,30.64625850340136,24.993444276348967,19.325429272281276,26.860444041685547,23.702780441035475,18.395869191049915,21.687560270009644,40.146590445079624,69.01610216546364,32.941812564366636,90.73941798941799,19.544327931363203,12.261904761904763,43.39750328515112,29.97683155917345,10.125602202339985,9.016706443914082,16.08173076923077,32.22409392547218,29.80039331366765
09:20,29.515217391304347,13.595907928388748,11.75,16.864942528735632,16.031476997578693,24.812264658418506,31.751848808545603,10.620643431635388,20.612332112332112,26.476617855455835,11.821688500727802,18.725925925925925,51.29306930693069,37.62267080745342,30.258843830888697,21.614141414141415,56.98716119828816,43.70113753877973,45.631741140215716,8.692486444616577,18.75480594849474,17.177330895795247,34.53941176470588,24.669754931261206,20.069737408523462,27.074859368238858,52.38076416337286,33.515047879616965,30.294455066921607,24.365841334007076,19.31749123490456,26.482879719051798,23.19360648356596,20.40567612687813,21.868437697659708,39.462260608336464,66.96511627906976,31.126796714579054,98.8322672352523,18.192585895117542,11.244500846023689,40.96488946684005,29.00064184852375,9.43056027164686,7.906858202038925,15.99167761717039,29.551236749116608,30.002042900919307
09:40,29.215669014084508,13.877038895859473,11.44516547696301,16.5825946817083,14.62962962962963,24.248507867607163,31.364987613542528,10.709103353867214,20.493775933609957,26.789772727272727,12.027896995708154,19.530467899891185,51.46281540504648,37.919129082426124,30.327683615819208,20.754641909814325,57.090715804394044,43.261744966442954,41.66935483870968,8.880131362889983,18.708579881656803,17.644954128440368,35.2583932853717,24.057692307692307,20.864864864864863,27.72023233301065,54.38522777532066,34.74076281287247,29.657290201593998,25.69468546637744,23.098765432098766,25.917693661971832,23.677653902084344,19.859942363112392,19.673251295336787,41.109756097560975,65.67087218869995,32.36584080126516,102.28956007879185,19.141696750902526,12.242331288343559,42.38355263157895,29.491340602950608,9.400338409475465,8.47039627039627,16.786771105308965,31.871794871794872,29.253731343283583
10:00,30.725709372312984,12.646153846153846,10.876288659793815,16.240613645538957,16.083333333333332,24.74986286341196,30.256326530612245,10.788885123686885,19.52,26.562116202172888,11.142163661581137,16.45252403846154,52.459715639810426,39.12283464566929,30.454624781849912,20.688207861425717,57.047551454932574,42.3828125,42.87213448802853,8.486381322957198,19.63559662515066,13.078157711095603,36.671462829736214,23.451566542109802,19.65213746856664,26.464954288202,56.158242796410015,35.901948842874546,30.153008053055423,24.41680216802168,22.102821616451457,24.725507121277513,23.256632653061224,20.150322959483265,20.470718581829694,40.26508972267537,64.8494271685761,29.848637739656912,92.97277059223961,18.317204301075268,10.516389953171563,40.12967741935484,27.92620387742339,8.711616847826088,7.747164461247637,15.478597635548308,28.99443882709808,26.388829215896884
10:20,28.734128674904134,12.4070796460177,11.395806861499365,15.249590163934426,14.393691588785046,22.010503040353786,30.47307373653687,10.073153657682884,18.807531380753137,25.615056818181817,11.093088857545839,15.434757505773671,52.03084304318026,37.08715596330275,29.972198088618594,20.6981645139361,56.657742402315485,43.466237942122184,45.723214285714285,8.535714285714286,17.433440256615878,14.268619837627956,34.428825622775804,23.08890163464296,19.975877192982455,25.213411649534997,55.03062645011601,33.64290610006854,28.29807240244476,26.382885353812398,18.81813996316759,26.19834350479512,23.326803631151456,21.721320973348785,20.347913188647745,42.177696078431374,66.03106267029973,35.064465408805034,96.85302013422819,21.21505376344086,11.930667800935773,43.77166882276843,34.071335078534034,10.656059580230197,9.390117647058824,16.869283865401208,34.86805909322466,32.138740661686235
10:40,27.614204296361244,12.643589743589743,11.482223658694247,15.206639004149377,15.207207207207206,22.20935290918978,30.472033898305085,9.993405067684831,19.307177615571778,26.25230024213075,11.60188542422045,16.345868945868947,50.08905506458192,38.25899843505477,29.154849934754242,20.157543391188252,56.93143690736689,43.35197889182058,42.959225280326194,8.72544080604534,18.504549214226632,17.183768656716417,33.575776019476564,22.71545173093161,19.1216457960644,24.124131944444443,56.38555922605002,31.960704607046072,28.79712918660287,25.610695187165774,22.54745925215724,27.48744670772146,23.253249879634087,26.497526113249037,18.455394524959743,42.67877551020408,76.43579545454546,32.74254881808839,111.9992795389049,19.399253731343283,11.583442838370566,43.19896305897602,33.485207100591715,10.054127198917456,8.248939179632249,16.54561558901683,33.9413881748072,30.677189409368637
11:00,30.26094495015171,13.09895227008149,11.854828256642904,16.8125,14.200224971878516,24.68421052631579,31.226079593564776,11.865983156352984,19.029362880886428,27.526441162458312,12.535112359550562,20.547774158523342,50.13196286472149,41.04556550040684,30.56624946050928,22.457937584803258,57.77474150664697,43.573803526448366,42.41122913505311,8.817384370015949,20.166803615447822,17.78355621594849,36.3271144278607,23.686336293325695,20.35375,26.281325012001922,54.0735294117647,33.73324213406293,29.90371782650143,25.328073993471165,22.845254791958858,24.87526607066837,24.024974515800203,21.708571428571428,20.597521200260925,41.20935960591133,63.65346534653465,27.444809769844998,92.23501997336884,18.475685234305924,11.288996906760937,39.91935483870968,32.31136516476126,9.638472032742156,8.131801125703564,15.904719101123595,31.361125319693095,30.13640922768305
11:20,26.59103104637792,13.530516431924882,12.146962769431743,17.64600326264274,16.10362047440699,25.174715138361368,32.943576388888886,12.292940320232896,19.22334455667789,26.75230694511899,12.372881355932204,20.39439655172414,51.48008102633356,38.234482758620686,31.403829416884246,22.776785714285715,58.61259956553222,43.74714434060228,41.91219267436026,9.664497469269703,20.452471482889734,16.530765617660872,36.14848484848485,23.47317627022424,19.938573883161514,24.378765432098767,56.317224880382774,34.158520475561424,29.85169491525424,24.898768077129084,24.54573484069887,25.332603938730852,23.261380323054333,26.63407661520869,20.09626842270304,40.56114028507127,68.70660011092623,29.248866498740554,94.68737201365188,17.835971223021584,10.717079530638852,39.89147286821706,27.58786741713571,8.739203778677464,7.67697431018078,15.034651266103953,30.11266149870801,30.17494824016563
11:40,31.597112860892388,12.89911308203991,11.853092783505154,17.5931790499391,15.747428571428571,25.70990695128626,31.479793637145313,12.049966009517336,19.51480263157895,26.817483189241113,13.010378057820608,18.202222222222222,52.12196765498652,38.17687595712098,31.705676855895195,22.070307167235494,57.9182658137882,45.40137857900318,41.679085941381025,9.141210374639769,20.709751434034416,19.149210903873744,34.59121171770972,25.19611256164781,20.01921434671221,23.759743463246178,56.54454502143878,34.41328903654485,30.61416184971098,25.405913978494624,22.44776119402985,24.441019317714755,23.472584856396868,22.971807628524047,18.724808673469386,41.77448747152619,68.83155530600786,30.180336220071318,92.65160848733744,18.860403863037753,10.531583264971289,40.21588725176169,31.80743243243243,8.943937858831475,8.065897065897065,15.565556036347902,29.73326520183955,27.169014084507044
12:00,30.11785095320624,14.443772672309553,11.644286636539704,17.522867737948083,16.115296803652967,24.269354838709678,31.39878892733564,10.577580539119001,18.73521432447097,27.837051406401553,12.904270986745214,16.935072463768115,49.862694300518136,40.66449511400651,31.091619626574033,22.534726904922454,58.46578366445916,42.40350877192982,42.62674650698603,9.05617088607595,20.47608024691358,18.695247427731505,37.15798922800718,22.83134813210612,19.99579831932773,24.89389534883721,54.38757533611498,32.029139072847684,27.688604240282686,25.237866666666665,22.686787072243344,25.089198036006547,22.874,24.222965440356745,19.974358974358974,43.18582612278533,68.0140134529148,28.44003777148253,93.23825731790333,18.541083916083917,12.646025878003696,40.21971649484536,27.887844611528823,9.132788559754852,7.759450171821306,15.566076574722107,30.173490276356194,30.673570019723865
12:20,29.991673970201578,13.256626506024096,11.712532299741602,17.01815111861545,16.19927536231884,23.190069407367858,31.660914581535806,11.430165708488333,18.61764705882353,28.669751583049198,13.07158671586716,17.40877192982456,52.28428761651132,36.267710663683815,31.660402097902097,21.915368991198374,57.71818181818182,42.14731707317073,46.33067331670823,8.988161010260457,20.072621035058432,17.429139731476877,34.4336917562724,23.963815789473685,20.208916083916083,22.922535211267604,56.251303935514464,32.82203969883641,29.069353327085285,26.060684647302903,22.383075523202912,25.76301978199435,23.81584362139918,21.91846243447874,21.484789644012945,43.23860182370821,66.70708748615725,33.324538258575195,87.9269588313413,19.475270479134466,12.202286719437115,41.604922279792746,30.30744544287548,10.36702311141773,8.570897257089726,15.779049295774648,32.715388574369534,33.01030927835052
12:40,30.848160821214712,12.739380022962113,11.60062893081761,16.393462970624743,15.263824884792626,22.262820512820515,29.40893760539629,12.51064684612294,17.209289909236517,25.835497835497836,12.30637079455977,17.66140529531568,50.03393213572854,34.32272069464544,30.2183908045977,23.257905832747717,57.76417910447761,38.90252350321623,42.37970297029703,8.484944532488115,19.736679536679535,18.47614503816794,35.78378378378378,22.083333333333332,19.812472357363998,22.084938704028023,54.819173103134936,32.484224965706446,29.05976470588235,24.673982869379014,21.906507791017415,23.325259515570934,22.91258211217787,22.995428571428572,19.12803738317757,41.68492031058439,60.95114006514658,30.8866085171883,83.39281129653402,18.10978520286396,11.89777373920945,40.19757807520714,31.523622047244096,8.873063973063973,8.20625,15.9163052905464,30.8315683308119,30.705992509363295
13:00,29.634809294169223,12.781946072684642,11.268460575719649,16.687628442252365,16.057007125890735,22.308894878706198,28.88160136286201,11.250259605399792,17.92223439211391,27.98237885462555,12.243459302325581,17.985143442622952,50.22083879423329,35.44444444444444,31.51998223801066,21.13578595317726,57.16728624535316,38.72354104846686,48.64708886618999,8.572968490878939,18.654667224780244,18.10143769968051,33.00236546422235,21.69370816599732,20.46093133385951,21.089309282886052,53.00135379061372,32.626168224299064,28.706660583941606,24.014586709886547,22.724550898203592,24.316511909568025,21.46085232903865,21.970167064439142,19.58490566037736,39.959426229508196,62.33461327482172,31.84287966368891,89.4105334233626,17.63101160862355,10.790343627664202,41.06098360655738,28.035804020100503,7.679513184584178,7.271714922048997,14.28368794326241,30.371695178849144,30.17635270541082
13:20,29.798177083333332,13.212841854934602,12.290829145728644,17.012889812889814,16.814526588845656,23.799143010176753,31.710646041856233,11.82760989010989,18.940715883668904,27.23209995194618,12.259941089837998,15.925313568985176,51.742108797850904,35.59377316530764,32.18072824156305,22.64810996563574,56.922904191616766,39.69908960229995,47.467407781707934,9.653061224489797,19.50019342359768,18.92753623188406,34.22209436133487,23.131670689192813,19.932153392330385,21.53122212310437,53.69527306103717,34.767132867132865,26.392918825561313,26.29344883595019,21.781012091356917,24.03323029366306,23.318293281020107,25.64634847613571,21.54403639909002,43.01064265247646,67.00445682451253,35.24959828602035,95.27804214819851,19.980645161290322,12.715817694369973,45.111256544502616,32.92272429600524,9.567118644067797,9.10549645390071,15.847533632286995,33.09603658536585,33.04496578690127
13:40,29.708191126279864,13.494367959949937,11.780690537084398,16.61237113402062,15.747919143876338,24.433941997851772,29.942206654991242,12.12254213483146,18.626301369863015,27.576003824091778,12.757553956834533,18.568312284730194,51.07874015748032,36.54368932038835,31.965669014084508,21.993284083277366,58.003852080123266,41.76834532374101,47.34206549118388,8.96260162601626,19.7915547024952,18.926149558755224,32.983560090702944,23.16671162665228,20.515845070422536,22.089434458570803,51.965862539827036,35.90077319587629,29.02360018509949,25.415135135135134,22.18744313011829,23.26382978723404,23.367457962413454,25.903058280438547,22.68724279835391,42.38496302382909,69.95230171935663,28.752173913043478,95.60041265474553,19.109800362976408,12.488758992805755,42.362459546925564,29.42125480153649,9.060851926977687,8.283858998144712,15.168695652173913,33.20703933747412,30.493494423791823
14:00,32.17527993109388,12.454225352112676,11.981203007518797,17.404457284358234,17.03684879288437,25.477138246369016,30.404310344827586,10.62427372498386,19.81689342403628,27.837994214079075,12.403421240199572,19.154864709268853,52.48770764119601,37.540030211480364,32.22863436123348,23.067558528428094,57.73262032085562,42.93559160305343,47.68572874493927,9.863921217547,19.69172616547669,19.395316159250587,33.42253521126761,24.110452586206897,21.5308533916849,23.48363160192056,54.358534322820034,36.81740718198417,29.326286764705884,24.90740740740741,21.681713496084754,22.512859884836853,22.674406865219588,22.363088057901084,20.4396875,41.7168651555897,62.70776751765345,31.012800819252433,89.35885486018641,17.542137271937445,12.43818261249454,40.12596401028278,25.516490354698195,8.392857142857142,7.663452266152363,14.67240672406724,31.583764219234748,29.87145748987854
14:20,28.889505119453926,12.171800947867299,11.437845303867404,15.21476510067114,17.59857142857143,24.103960396039604,29.183035714285715,10.758253094910591,19.098616957306074,26.040210627094304,13.102755026061057,14.569848661233992,51.51252538930264,37.5705329153605,32.39238845144357,22.482993197278912,58.88009404388715,42.7669099756691,50.5368746776689,10.214868540344515,19.65536723163842,19.358114674441204,33.40477611940298,21.661256544502617,20.54541595925297,21.98156452416542,50.14376996805112,34.55148005148005,27.233806566104704,27.950792782941498,23.01136880400182,25.833592534992224,23.80389144905274,24.47125748502994,20.935036945812808,46.60757575757576,67.95022123893806,36.28782287822878,84.82781456953643,20.293436293436294,14.35857461024499,48.31596091205212,38.971803278688526,11.285955435516543,10.194545454545455,17.001254180602007,40.585743801652896,36.449426485922835
14:40,29.874469889737064,13.72929542645241,12.21875,16.603882693102022,16.081463990554898,25.583564686285396,25.3475073313783,11.041955731747604,19.034385569334837,27.040611562350694,12.872401433691756,17.080233793836346,50.036255767963084,40.06082725060827,32.57167755991286,23.413793103448278,58.561509433962264,44.46755162241888,48.7058526740666,8.916205533596838,20.403402646502837,18.80255023183926,34.592961876832845,23.126351003602675,23.77714748784441,23.206547905633126,54.791512915129154,37.66803039158387,29.76598702502317,24.95581014729951,22.97357630979499,23.37208413001912,22.8996003996004,21.690255220417633,23.11736020806242,42.82624845233182,59.644385026737964,32.856551009839464,91.5709526982012,18.048107255520506,13.45363951473137,43.8903479973736,29.949326491340603,9.049864314789687,8.774193548387096,15.820852296235001,32.38063524590164,34.05207226354941
15:00,27.972030981067125,11.903430749682338,11.44125,14.86181520850368,15.927058823529412,23.057577403585007,24.65419847328244,9.970627503337784,17.533672891907187,25.969436485195796,12.08145106091718,13.944127708095781,50.18666666666667,37.1822429906542,31.367653557224923,21.751176866173505,56.71772939346812,42.57712638154733,46.2542627883651,7.72138910812944,18.65376612567624,16.762695775984813,33.5302677532014,21.890227927691903,21.25480572597137,22.679741379310343,53.831655992680695,37.7240319606638,27.958117647058824,25.216657593903104,20.8130375735627,24.51033386327504,21.65672990063234,22.436164067013287,20.99504787058435,43.974654377880185,60.16460462614309,35.84105603448276,95.85088919288646,19.333898305084745,12.130565068493151,42.811175337186896,33.680213191205866,9.210204081632654,8.307296538821328,15.352674897119341,34.84153288451579,33.95444685466377
15:20,30.3931955211025,14.193138500635325,13.184653774173425,18.327713815789473,17.678132678132677,25.93481803367735,31.443946188340806,12.016982364467669,20.610644257703083,27.94783834586466,13.729514140681653,19.461172741679874,53.54576043068641,43.722943722943725,33.96297928602909,23.91198375084631,58.14001530221882,44.48347497639282,48.97852760736196,9.79264475743349,21.828306264501162,19.703036541430777,36.2985590778098,24.12833061446438,22.38216560509554,22.24642702468601,55.65219357756671,42.00738007380074,31.08936970837253,25.858481262327416,23.991799544419134,25.71377530766177,22.81107333657115,22.39602169981917,22.863370201691605,43.31719327041444,75.44431486880467,33.35192909280501,90.80448065173115,18.778337531486144,13.142564522736583,44.91358839050132,29.604828462515883,10.01157643854273,9.424312994876573,15.944601698342094,33.93454545454546,36.59814169570267
15:40,30.099485420240136,11.98879202988792,11.273939393939393,16.85082644628099,14.525241675617615,23.793293018141835,22.79718875502008,11.06406779661017,17.676931388438682,24.990362551629186,11.623983739837398,15.078364565587734,50.50993377483444,43.8411131059246,31.094373061586175,22.0859637340497,57.257842387146134,41.908447380840016,44.404522613065325,8.215277777777779,19.24864024864025,17.104565537555228,35.202429149797574,21.652083872637846,20.870158450704224,19.53671562082777,54.83178397521027,38.782019704433495,28.112132352941178,25.2304,21.487882944673068,25.846996753246753,21.17906976744186,21.077700568540745,20.72553619302949,42.0741045697818,54.14526315789474,33.40707497360084,81.74373795761079,18.386363636363637,11.714842059714409,42.36482084690554,32.24552090245521,8.55994503607008,7.766666666666667,15.15822002472188,33.21897810218978,35.09637188208617
16:00,27.984848484848484,11.464839094159714,10.8420085731782,14.837972579975073,14.76039119804401,23.804050355774493,28.706643658326144,10.33899456521739,17.96950875211745,25.336034318398475,12.854077253218884,15.20663404023926,49.68238375900459,43.66894781864842,30.00132802124834,22.00682128240109,58.861937452326465,41.509936984973336,45.53865717192269,7.811627906976744,19.206553297386975,16.540766208251473,36.98140615920976,21.393255443441316,20.070723684210527,18.02654867256637,54.76065276518586,42.05875370919881,27.525768535262205,25.00476442562202,21.36031092821216,26.337947882736156,21.04066985645933,24.359302325581396,19.346027577150362,44.288065843621396,63.8551912568306,35.842161583734615,90.56002682763246,19.220394736842106,11.357001972386588,45.40384615384615,32.51897905759162,9.394012388162423,8.751310147689376,15.832263585793752,35.994794377928166,38.0072202166065
16:20,32.23872906826964,13.501187648456057,12.787658802177859,17.194950331125828,15.993087557603687,26.472016895459344,27.38862559241706,12.096077127659575,18.681769147788565,26.358716475095786,13.243169398907105,18.18092643051771,53.221256684491976,44.12797881729921,31.844395604395604,23.344107744107745,59.50995405819295,42.980193236714975,41.73644578313253,9.288288288288289,20.226335717290702,18.161655988171514,37.84797687861272,24.317891816920945,20.35402397260274,17.927013796172673,54.58616010854817,40.78994271164863,30.197374589779653,24.792249730893435,23.16530514175877,26.60341240116521,21.05056179775281,25.063583815028903,20.225450901803608,40.93827160493827,52.10517970401691,29.917002012072434,79.54140127388536,16.330960854092528,11.542616033755275,39.50684039087948,28.687169312169313,8.078510998307953,7.576423128641864,15.244143033292232,30.706806282722514,30.662971175166298
16:40,29.342454040188116,12.509918319719953,12.589082183563287,16.18688118811881,16.12590799031477,25.124303232998884,25.896233666410453,11.632246998284733,18.108151305274372,26.77512195121951,12.88888888888889,17.83378016085791,50.777850589777195,44.73787234042553,31.422379478107032,22.30461329715061,58.33712121212121,41.94655753490611,47.105450840550176,9.187551187551188,19.532418952618453,18.242319127849356,37.002913752913756,22.816295157571098,22.874416796267496,19.63808621506395,55.50829493087558,38.801696020874104,28.842910101946245,26.086346465191582,23.381149425287358,27.157085020242913,22.63160569105691,26.518218623481783,21.424173687621515,44.308190476190475,55.39565677966102,31.213631739572737,96.45238095238095,18.55082284607938,12.277133388566694,44.5029431000654,30.321882951653944,9.107629427792915,8.421720733427362,15.359429065743944,34.80785340314136,36.72833723653396
17:00,31.46830092983939,13.336658354114713,12.111392405063292,16.7528043207312,16.65133171912833,25.55130338325014,29.0512174643157,11.533668341708543,18.643805309734514,26.420801526717558,12.667407407407408,16.398337950138504,51.828402366863905,44.83978397839784,32.56363636363636,23.588797814207652,61.05882352941177,42.72425409047161,50.370501773948305,9.101910828025478,19.610421836228287,18.57079646017699,37.29105786090006,23.681182370018476,22.532960447463044,20.28792270531401,55.26026119402985,40.45263827082009,29.890875745071067,26.71149789029536,24.083602771362585,28.083264291632148,22.964007782101167,24.183123877917414,22.526629292221443,44.47022587268994,63.06311745334797,32.10120240480962,81.51003764115433,19.211856171039845,12.11955264172773,43.860419397116644,36.32713498622589,9.444444444444445,8.772309107635694,15.315613227291754,34.78825995807128,36.76018626309662
17:20,28.360275150472916,11.882840236686391,10.693203883495146,14.905613305613306,16.050761421319798,24.36105032822757,23.8736303871439,10.512377076975246,17.930245854774157,25.69425511197663,12.630999213217939,15.250403877221325,51.57975871313673,42.53369272237197,32.015964523281596,22.116847826086957,59.71283255086072,43.841791044776116,46.89302088639837,8.157849829351536,18.47520325203252,16.91646070192783,35.40649428743235,20.681012658227846,21.584638899503247,18.43070652173913,53.326914259513984,37.30214424951267,27.46731022378236,25.925747863247864,23.600460829493088,28.95383951682485,22.467142857142857,24.022754491017963,22.229969829031177,45.66597853014038,65.22858701582106,32.792162698412696,81.03026481715007,19.835238095238097,12.945726495726495,44.37056165267915,34.77139037433155,9.539527027027027,9.485093696763203,15.779032258064516,35.13568099430347,38.17028985507246
17:40,29.636925795053003,12.27164887307236,10.83270911360799,14.658415841584159,16.115288220551378,24.52216216216216,25.31295253419147,9.917780748663102,17.21656804733728,27.041729512317747,12.413333333333334,15.582456140350876,54.66234652114598,41.79185938945421,31.18010752688172,22.368456832087016,61.07686274509804,42.34022177419355,53.2532501300052,8.264044943820224,18.23426001635323,16.72966728280961,36.34703464474457,21.437889812889814,20.21839546191248,17.723222322232225,53.18041237113402,36.30655526992288,29.404467680608366,27.202014846235418,24.6815415821501,28.701013513513512,21.258173076923075,28.11431870669746,21.414103007258902,47.807373653686824,54.3989417989418,33.17011610297829,94.33969465648855,20.853658536585368,12.850873628606257,48.25298804780876,34.049180327868854,11.013753773901376,9.95668202764977,16.12015968063872,38.332982086406744,42.14049586776859
18:00,31.2109375,13.802937576499389,12.060323383084578,16.233104006475113,16.729194187582564,26.508351893095767,26.471698113207548,11.320365358592692,18.96,24.736367946894262,13.48225923244026,17.251623376623378,52.98918918918919,41.28846153846154,32.81970835174547,22.824086603518268,61.51357641582622,41.32262845849802,50.65455475946776,8.456837280366692,19.05387755102041,17.522292993630572,35.426108374384235,23.57922213521274,20.49937106918239,19.659602076124568,55.29958002799813,41.598051157125454,29.891904115784712,26.23859126984127,22.507455507455507,28.06816220880069,22.715852442671984,25.406606606606605,22.388964116452268,45.78288729739917,67.4394023242944,32.20374115267948,71.94893111638955,19.837511606313836,13.135277440259214,45.45532759761747,31.5562015503876,9.316891891891892,9.171154723870378,16.283748925193464,34.75378195096505,38.39252336448598
18:20,30.712127751402676,13.172332942555686,12.367567567567567,16.907521578298397,16.308982035928143,25.751501911523757,23.79568345323741,10.744448127278753,17.7616,28.437562437562438,13.344900849858357,15.041804180418042,53.529253530598524,42.38842203548086,32.370075254537404,23.167689161554193,61.62344720496895,41.73640372366487,52.02977412731006,7.9753265602322205,19.021922428330523,17.516732283464567,36.45699831365936,24.694474835886215,21.618924731182794,18.48790145182578,55.186369958275385,38.874121779859486,30.730823529411765,26.45618693574084,23.94757094757095,29.70169344333478,23.188631790744466,27.104778353483017,23.964414090582316,44.80570264765784,67.00830105146652,34.5190329218107,87.01994851994851,20.547877591312933,13.618692408951295,46.74834437086093,35.20992622401073,10.082361015785862,9.901442307692308,16.118637274549098,35.96443514644351,37.03467561521253
18:40,33.73997709049255,12.946078431372548,13.036680697534576,17.014516798009126,16.40210249671485,26.030801911842804,28.795633187772925,10.962962962962964,18.67511013215859,26.236728837876615,13.302904564315353,16.07360265633647,51.939556749496305,42.139446036294174,31.81346920691183,22.645804676753784,60.90653495440729,39.606606606606604,53.1958184599694,7.7272727272727275,19.367618302698475,17.6016016016016,35.12933025404157,25.996864310148233,19.10870506712863,17.596119133574007,55.421838544097064,38.98957654723127,29.65486329000448,26.778070637849236,25.761300152361606,27.771308016877637,22.746555118110237,26.362420011634672,25.747929420237668,43.44358452138493,69.96998332406892,33.75283797729618,94.79689608636977,19.806572769953053,12.623945359582162,44.931102362204726,32.710835509138384,9.533151989119347,9.260462826193994,16.458153580672995,33.64182194616977,37.89319248826291
19:00,28.19094138543517,12.165012406947891,11.749544072948328,14.841362126245848,15.17989417989418,23.171629669734706,26.68006700167504,9.591697856413747,16.825529542920847,26.802923387096776,13.092798812175204,13.039691289966925,53.68724832214765,40.28993536472761,31.481465136804943,21.50271370420624,60.861111111111114,40.50604308985812,53.27950310559006,6.942396313364055,18.326285240464344,16.12326869806094,33.832121212121216,24.21817660550459,20.228320067029745,17.864545454545453,53.632141198327915,34.83457627118644,27.22141014617369,26.276663146779303,24.868501529051986,30.225183823529413,22.56776737309019,27.847701149425287,22.95799216803133,47.03373097490744,70.29264214046823,37.22770700636943,86.08487084870849,21.724611161939617,14.469517358171041,50.29221635883905,35.713914174252274,11.073504273504273,10.271749755620723,16.850975508509755,37.10760475944128,38.78163493840985
19:20,28.30748898678414,12.035151515151515,11.118208955223881,14.179359134415314,14.881290322580645,22.81138211382114,28.78507194244604,10.607480029048656,17.01994459833795,26.88455772113943,12.426356589147288,12.778556034482758,53.49488054607509,39.809479553903344,30.75964912280702,19.68996763754045,59.71396564600448,38.67097107438016,53.08635666836995,7.340377358490566,17.306465517241378,16.969959035047793,34.114614918132204,24.700232153221126,19.78565254969749,17.16757741347905,55.458467186782926,36.72902097902098,27.78696629213483,26.243229166666666,24.843205574912893,28.406419341392247,23.08582089552239,25.16470588235294,24.884716485167104,44.99508196721312,66.39214601769912,32.8053053053053,87.52083333333333,20.152069297401347,14.618264840182649,46.447265625,31.76880049720323,9.37508327781479,9.890099478919943,15.900512382578992,36.226502311248076,37.91713325867861
19:40,32.73004242190513,12.018264840182649,12.127031908488862,16.206526228831063,15.229843561973526,24.618766756032173,29.71150442477876,10.360267111853089,17.364357482813325,28.02516033547114,12.19182156133829,16.37357512953368,53.29163879598662,40.05645933014354,31.633318834275773,21.26058201058201,61.80030372057707,39.985241730279895,51.666150670794636,7.478632478632479,18.511637931034482,16.565279770444764,37.62943571844095,24.139091418956813,19.869880546075084,18.202503352704515,55.66499315381105,38.43604004449388,28.205545774647888,24.520626631853787,24.942505133470227,27.49148745519713,21.506912442396313,25.516129032258064,22.405193881181074,42.68906605922551,63.3067619571193,32.76485922836288,90.98360655737704,18.730704697986578,13.403018197958279,44.92067620286086,33.683379120879124,8.167344173441734,8.057365764111978,14.696170212765958,31.88451579492491,31.72340425531915
20:00,31.134666666666668,12.956195244055069,12.52389486260454,16.675292153589314,16.0427807486631,24.31023102310231,31.338489535941765,9.815389696169088,17.91409320606401,26.074347612013785,12.715198863636363,13.84231423709586,52.7626092804304,38.072781655034895,30.93566493955095,20.053708439897697,61.88770864946889,40.70767613038906,52.67991845056065,7.2687224669603525,18.271683673469386,18.129202106115837,36.417376490630325,24.824950269963058,20.087224669603525,18.71648987463838,55.58620689655172,37.65968253968254,28.453125,24.984185556141277,24.564248704663214,27.930751708428247,21.230731707317073,24.35431654676259,20.77124183006536,41.85402960526316,60.17771739130435,31.887272727272727,72.84791792395896,19.49101229895932,12.828522920203735,44.23379174852652,33.791666666666664,8.546192893401015,8.640911121036178,15.607765451664026,34.71272727272727,32.20927835051546
20:20,34.468517794290186,13.539506172839506,12.912280701754385,16.391178895300907,16.64105960264901,25.29004789781799,31.845594913714805,9.87487684729064,18.723555070883314,27.017725258493353,12.093006488824802,14.303395399780943,52.24500665778962,41.89186773905273,32.082532751091705,21.64717607973422,62.76501501501502,39.998958333333334,51.40489546149924,7.558432470258922,19.3178360101437,18.001241208109228,37.022183304144775,25.64632331050908,20.75411968777103,18.728434504792332,57.5217965653897,39.565848214285715,28.2636899747262,26.632060247444862,26.170025839793283,30.257341961174713,22.249372804816858,24.77750611246944,23.57442273534636,44.204214559386976,53.31853785900783,33.30179028132992,85.41261829652997,20.694883720930232,13.47859589041096,46.691235059760956,32.765052356020945,9.505572441742654,9.409317803660565,15.563374311148792,33.74858611825193,36.30100334448161
20:40,33.22370486656201,11.75682382133995,11.87672052663076,15.755482002482417,15.074509803921568,23.927528393726337,31.0770593445527,9.700363396101752,18.476966292134833,27.883156297420335,12.452985074626866,14.791619479048698,54.22123287671233,40.11467889908257,30.929192006950476,20.86582109479306,62.70224284609436,37.98949474737368,54.74578947368421,7.2337482710926695,19.091721725612125,17.396885681731863,33.57285180572852,25.447299270072993,19.3394145099703,18.75942549371634,56.69733874605323,37.292556634304205,27.855844155844157,25.30697928026172,24.809148264984227,28.57964399817435,20.646568627450982,22.627097576134243,21.874052688560088,41.526380873866444,56.51136363636363,29.296007789678676,87.42146089204913,20.314797360980208,13.049061433447099,45.0125,36.273972602739725,8.77552400270453,8.421539961013645,15.131469115191987,33.66632016632017,32.71773347324239
21:00,31.793550924105386,12.068877551020408,11.123957091775925,14.616245337753833,15.674666666666667,23.638678223185266,29.979202772963603,9.312750333778371,18.084259801053246,28.2497430626927,12.0735183795949,14.48950276243094,53.62855209742896,39.57062600321027,31.64975951027547,20.081893793985923,61.960565476190474,35.937844611528824,53.91202498698595,7.303164091243562,18.503813559322033,18.33921971252567,36.36687116564417,23.962952243125905,18.99135090609555,17.771130104463438,55.9272137227631,39.00693568726356,21.897094854742736,26.968367346938777,25.193532086912583,31.230582524271846,23.457805907172997,24.09532710280374,24.561679790026247,44.02155887230514,56.7466039707419,35.09322916666667,103.47864406779661,21.943648519579753,14.635655737704917,48.53698811096433,35.43068987749839,9.926519706078825,10.328712871287129,15.779269827947966,37.72055785123967,38.06616862326574
21:20,30.837485172004744,12.077821011673151,11.695704057279237,15.033026755852843,15.921854304635762,23.195870831127582,29.82712765957447,9.73709078636517,18.10958904109589,28.254350051177074,11.918141592920353,13.943470887507067,53.24238320920785,41.297054009819966,32.09597523219814,20.15419648666233,62.84592370979806,36.94982078853047,53.71041666666667,8.064586357039188,18.19530595138307,15.993563218390804,36.680424528301884,25.212366368101705,20.057787983161116,18.028893905191875,55.5777572681126,36.082375478927204,21.681476418318525,27.13947078280044,26.012188928390046,31.0595353339787,22.455070940620075,25.157959434542104,19.64853033145716,44.663505154639175,64.65630026809652,38.54928076718167,82.36991368680641,23.401486988847584,14.65040650406504,52.537433155080215,36.94682230869001,11.072353136408895,10.706648697214735,16.909636145541782,39.044572627163085,40.47576099210823
21:40,32.28274760383387,13.04296875,12.189504373177842,15.490041493775934,15.682894736842105,24.056412985630654,29.434706397896583,10.046551724137931,18.25453446191052,26.263105341987018,12.07587253414264,14.916895982388553,53.21946308724832,42.21350210970464,32.99243098842386,20.325049051667758,62.902198635329796,37.8613251155624,54.285119667013525,7.742539902845246,18.847077042198993,17.520429219975238,35.11205330102968,25.002864508736753,19.711217183770884,18.035227806481917,55.900278293135436,39.186232329440685,28.01877729257642,27.141638225255974,24.98942598187311,31.805526590198124,22.895811518324606,23.800988875154513,22.39946737683089,45.04387417218543,58.67015706806283,35.5822655048693,89.75047984644914,23.156546489563567,14.405068550062317,51.790650406504064,38.597918022121014,11.201429057502551,10.999549549549549,16.653586497890295,37.84655261793675,37.10120240480962
22:00,34.39249413604379,12.83616504854369,13.511023176936122,16.813643926788686,13.798687089715536,25.243243243243242,29.649703138252757,10.572831978319783,19.019540229885056,25.26086956521739,13.0098730606488,15.886363636363637,54.765582655826556,42.55714285714286,32.964927663305566,21.170572916666668,61.53699633699634,36.34443339960239,54.21224489795918,8.90981240981241,18.699792960662524,17.13049514113836,36.85389988358556,25.572083691602177,20.431654676258994,18.114077669902912,56.586408640864086,47.5299860529986,28.86990459670425,26.504566210045663,24.65017667844523,30.066666666666666,22.305526590198124,25.1205035971223,20.772176132737716,42.02413793103448,52.178517397882,29.70404984423676,81.46390458254865,20.55233644859813,12.623346303501945,48.321908602150536,36.1064406779661,9.354173707333558,9.435208866155158,16.274619695756606,33.01598762248582,31.73643410852713
22:20,33.422676282051285,13.0,12.455645161290322,16.211804102134785,15.959294436906378,25.258779038357645,29.91986359761296,10.424823410696266,18.137220259128387,28.153614457831324,12.445121951219512,16.796670030272452,54.67912984364378,42.71269296740995,34.38712522045855,20.26513157894737,62.38926681783825,36.09563924677899,55.525467775467774,8.036023054755043,19.26094205919133,18.0662278897573,36.774826789838336,26.500295857988167,20.26256499133449,18.02026693030153,57.0,47.009150991357394,28.439303904923598,26.776102088167054,25.99240506329114,30.77788554801164,22.124031007751938,23.952290076335878,21.93166666666667,42.016129032258064,55.87966804979253,33.319979969954936,71.21321488062188,21.047430830039527,12.969107551487415,49.267929634641405,35.07834101382488,10.055233549266962,9.418584825234442,16.35580237456913,36.53489583333333,32.95454545454545
22:40,34.43283582089552,13.467643467643468,13.355853232382062,17.93127863390254,15.517661388550549,27.79137083560896,28.06851549755302,10.916942422236929,19.449851632047476,26.036585365853657,13.732764281024295,17.873991935483872,53.13818424566088,40.84572342126299,34.829203539823006,20.423857868020306,63.803007518796996,39.042726347914545,54.88223140495868,8.137211036539895,19.53211769581434,19.288694201084688,36.546875,28.353496606668635,21.25728770595691,18.16247582205029,57.57759024847633,46.85508021390374,23.031272210376688,25.544332210998878,25.136064744562468,29.90044493882091,19.83073047858942,24.942098914354645,22.570059484467944,39.239221671117896,59.15711252653928,32.344415584415586,83.12852459016393,18.69776119402985,13.118580375782882,44.417950435365036,29.464980544747082,8.281989708404803,8.083546462063087,16.991835147744947,30.301546391752577,31.23535457348407
23:00,34.621694307485434,13.779326364692219,13.577546296296296,18.304258804258804,16.188535031847135,26.17691888949374,29.565811965811967,11.260292164674635,19.573511543134874,25.91691248770895,13.39861111111111,17.885714285714286,54.54422687373396,40.57234726688103,35.38662533215235,20.918327974276526,62.18195266272189,38.72974358974359,54.25321006676939,8.576101468624833,19.597611202635914,18.450022212350067,36.11041548093341,27.54570054119062,20.895920066611158,20.653386454183266,57.01463860933212,45.958172812328016,28.619924654667226,25.8,23.72852912142152,31.88592750533049,21.630423685553854,23.621982210927573,22.884976525821596,40.90065952184666,52.5196770938446,32.97715472481828,92.96560846560847,19.76132075471698,13.455264253017061,47.559183673469384,32.948094612352165,8.805309734513274,9.21395544346364,16.36069935385785,31.30220625962032,29.643699002719856
23:20,31.02003410059676,12.472594397076735,12.101492537313433,15.143385373870172,14.925093632958802,24.066258351893097,27.162731871838112,10.388080388080388,17.808535862477772,24.17922205809946,12.852288488210819,15.629251700680273,55.551581843191194,39.21528861154446,34.024226110363394,20.154777927321668,62.633006782215524,37.60245273377619,56.1260460251046,8.080792682926829,18.652689538331217,17.676641357748995,34.405099150141645,26.904118008604794,20.92075938918696,20.34070796460177,54.93076208178439,44.67053241960991,22.023891966759003,27.010828370330266,24.315169366715757,32.23794382617912,21.6941115164148,23.356510745891278,21.334131326949386,44.07303157093952,61.632446808510636,33.59011482775836,109.69417475728156,21.175890826383625,14.02373417721519,47.376973684210526,40.61973775017253,10.65478615071283,9.985288107887209,17.30315870570108,36.29278350515464,35.455598455598455
23:40,34.290583723902856,12.798843930635838,13.76872770511296,17.22403924775143,15.430884184308843,26.7280750137893,27.872937293729372,11.003591250408096,18.90962441314554,25.38853188334157,14.592665356908972,18.757216494845363,55.608163265306125,37.65372907153729,34.274093722369585,19.814505776636715,63.526636225266365,38.8050505050505,52.22795591182365,8.40737951807229,19.59806576402321,19.161034626616605,36.10710194730813,27.348864641698615,21.20818434644418,19.654099905749295,56.11121198365865,43.5650249031544,27.762278167560876,26.650666666666666,25.56779661016949,31.2317880794702,20.07278020378457,22.98438516590761,21.584,41.147907354733846,58.006746237675145,32.43440082644628,81.1638036809816,20.19034090909091,13.619959266802445,46.709549071618035,35.46693386773547,9.09828916470983,9.443875373452839,16.20278929513758,33.15266393442623,34.45338983050848
24:00,35.43976377952756,12.389567147613763,13.333924349881796,16.595305544314044,14.488135593220338,26.47792062604807,27.868398994132438,10.790269559500329,19.362703681351842,24.47110247693055,13.866619618913196,18.868340163934427,56.13369345037137,40.161927330173775,34.208425720620845,19.341726618705035,62.38073739653875,38.111618467782854,51.55973659454374,7.87706685837527,19.149156441717793,18.31037379252415,37.81703830760434,27.983066223162986,21.550905432595574,19.902439024390244,58.843276036400404,43.949723479135244,24.77625570776256,26.813793103448276,20.96447315300767,30.67680412371134,22.52395514780836,24.94316730523627,22.059187887130076,41.4718281313336,55.387262455059066,28.44962930658526,81.55601659751038,19.555977229601517,13.372102318145483,47.876254180602004,35.633783783783784,9.174528301886792,9.134939759036145,16.431068732618197,33.71406411582213,32.7374245472837
24:20,32.83803921568627,12.407276995305164,13.167777104784978,15.857084855866828,14.818489289740699,25.410485220301172,27.639865996649917,10.242679232581622,18.522879804759,24.432327166504383,13.190642458100559,16.803860198226396,55.50306748466258,38.217791411042946,33.637999122422116,19.279430789133247,63.91691842900302,36.91337005508262,58.2627163083377,8.192450037009623,19.105152911604524,19.21360824742268,34.40561797752809,25.75487300649734,21.435503940273744,19.5709204090707,54.627906976744185,42.13415948275862,27.903074295473953,28.548906789413117,24.484174085064293,30.57982791586998,22.435663627152987,26.463322884012538,21.403852769177846,43.004832863471606,64.71062466631074,32.38363054412437,97.13878080415046,22.17530631479736,15.30639175257732,50.8292029470864,35.415227127319255,10.638586956521738,10.128853754940712,17.62835538752363,38.55052083333333,37.90041493775934
24:40,32.0,12.449122807017543,13.246745195288282,16.23117623117623,15.706766917293233,26.100436681222707,27.173697270471465,10.332231404958678,18.969135802469136,26.310948905109488,13.241164241164242,15.626674432149096,55.82746955345061,38.84153005464481,32.98412698412698,19.772937293729374,62.93828996282528,36.760355029585796,56.52055498458376,7.70487106017192,19.0033941450997,18.217086256706562,37.336120401337794,26.14493632504548,21.38601694915254,20.12260034904014,53.98143851508121,42.55283224400871,21.67200272479564,27.88268792710706,26.35883241066935,31.61179487179487,21.007149666348905,25.16441875401413,22.684050118523537,42.59855769230769,64.60614081524616,33.5668016194332,84.24029126213593,22.50887021475257,14.883681295270557,49.01775147928994,37.62343647136274,10.158998646820027,10.086534402701561,17.02013942680093,37.299065420560744,35.575263662511986
25:00,35.03627827571489,13.233910891089108,12.952621604548327,16.65032414910859,15.189826302729529,26.553812871822608,27.262267343485618,11.136962552011095,19.131901840490798,26.1656050955414,12.052395209580839,16.366342301087577,56.16238159675237,36.30979498861048,32.98587196467991,19.808402291534055,64.7298937784522,37.09647404505387,54.29329474191992,8.259941089837998,19.754437869822485,17.969289019772823,37.38914027149321,28.18330194601381,22.193478260869565,21.512876473155828,56.12426614481409,42.730355220667384,22.705720192970364,27.75,22.32480396203054,30.715320910973084,21.12974839664529,23.52565789473684,20.981507823613086,41.174282248281436,56.170246202200104,32.628,90.89407894736843,20.49172794117647,14.172457095018837,47.37125748502994,36.56308724832215,10.103616133518775,9.71369294605809,15.566901408450704,33.41164348274086,34.35042735042735
25:20,34.15701091519731,12.06115107913669,13.171608832807571,15.776832725799919,14.177514792899409,25.661053775122216,26.5547201336675,10.016344229486323,18.770581113801452,26.564532019704433,11.76173285198556,14.917832167832168,54.8510067114094,36.93266253869969,31.237908496732025,19.48062015503876,64.14004542013626,39.65736434108527,51.33045061447428,7.439293598233996,18.785742111414102,17.529872270292543,36.4190966266438,27.3243322571177,20.589915966386556,20.078529278256923,54.37619502868069,39.034364261168385,21.564165497896212,26.336500838457237,21.556291390728475,29.244897959183675,19.843982169390788,21.95914266577361,21.91176470588235,40.88781932617549,57.41158059467919,27.480475382003394,85.48652037617555,19.921223354958293,12.977905073649755,45.11849901250823,35.53405259608901,9.448559670781894,9.21611253196931,15.682440846824408,31.997967479674795,30.676442762535476
25:40,33.62489343563512,12.516324062877873,13.797323135755258,16.28966639544345,15.80632911392405,25.513731825525042,27.130615640599,11.786528497409327,20.090412621359224,27.255424063116372,11.76939058171745,15.514796203238415,56.46809939556749,35.38148148148148,31.54084753167322,20.111631016042782,64.57088989441931,39.25924100542139,52.64513018322083,7.781134856300663,18.526714345814053,17.06490696668109,34.24469273743017,24.942196531791907,21.308881839809676,23.023481781376518,55.112771084337346,41.84241770102536,21.12431693989071,26.311973018549747,26.550937658388243,29.3963110667996,20.99855072463768,21.545454545454547,21.160295534853837,39.6276,55.71367974549311,30.026328620185275,69.26874340021119,19.45912547528517,13.07178695484369,47.92021636240703,35.61869031377899,9.497584541062801,9.192517864649012,15.072373862696443,31.340425531914892,31.626404494382022
26:00,30.22041166380789,12.173076923076923,12.901898734177216,15.595639654463184,16.53004005340454,25.019433647973347,27.228146853146853,10.66703216374269,19.9729381443299,26.905800694100147,12.098484848484848,14.660171919770773,56.96621621621622,35.511558538404174,30.783195472355246,18.545688545688545,64.44009042954032,37.88582677165354,58.00570835495589,8.383411580594679,17.22162386081193,17.95804498269896,33.53329633740289,23.601550387596898,19.928400954653938,20.984105358764758,52.947343453510435,39.87699944842802,23.432515337423315,28.293593314763232,25.874437218609305,30.696345856922285,21.185929648241206,22.61228533685601,20.339251743817375,42.11872509960159,56.27128205128205,35.73793461338869,72.4714125560538,21.864095500459136,14.988549618320612,51.0983164983165,40.175257731958766,10.375972927241962,11.150587248322148,16.167632450331126,37.02055498458376,33.32488262910798
26:20,27.91315691390235,12.39245283018868,13.960997442455243,16.989766680311092,15.78375,27.06236559139785,26.9114238410596,11.500346020761246,20.781725888324875,27.421471172962228,12.406944444444445,17.28034535297105,55.48428093645485,36.35258814703676,31.123653597587246,19.587851077726977,64.38847305389221,38.85568015602145,53.64778325123153,8.135361216730038,19.767692307692307,18.422369964802503,34.059025787965616,25.308943089430894,20.703673798950344,25.430957230142567,56.412191582002905,41.20529411764706,21.627306273062732,27.078814980435997,21.891456871646717,28.367717287488063,20.760136785539814,21.241101410342512,21.430117796879973,41.120443740095084,56.17082228116711,33.40187402394586,87.61439114391143,19.813247470101196,14.647804054054054,48.99592114208022,34.226736566186105,9.16922552030024,9.125549780087965,15.017653981953707,32.10528992878942,31.637947725072603
26:40,31.0030198446937,12.275274056029232,13.83248407643312,15.92618556701031,15.322620519159456,25.97416576964478,27.643776824034333,11.756480467323842,20.70972037283622,28.28218071680969,11.589724497393894,15.003462204270052,55.30609511051574,34.82716049382716,32.609375,18.790384615384614,62.73622336517267,38.64306930693069,52.82017543859649,7.960125097732604,18.359060402684563,18.184092606422702,33.44811858608894,24.2374757818987,20.68649789029536,22.421076642335766,56.11367050575864,38.9929203539823,21.26597222222222,27.2375,22.509577015163607,31.04875463698993,20.26930320150659,21.870104438642297,22.702087286527515,44.041195771053594,59.63719676549865,29.454150369404605,97.02752880921895,20.742230347349178,15.065953654188949,53.20991052993806,38.77220338983051,10.32811968718123,10.227346278317151,15.647443762781187,33.8284561049445,34.33758586849853
27:00,34.985262245340266,12.920147420147421,13.527619047619048,16.44071226224201,16.089726918075424,24.92671009771987,27.208474576271186,13.060053380782918,21.515506547208822,28.254882323485226,11.748698884758364,17.686910994764396,55.35153129161119,37.63512490537472,31.521776627856834,18.438853503184713,63.10545454545454,42.245382585751976,52.71124318969787,8.640157480314961,19.43244289585753,18.119858469703672,34.61199095022624,24.833522727272726,19.687834736036724,27.7886144830473,54.48421563865954,42.93892282065519,21.41170395869191,27.40268817204301,22.94623217922607,30.542018896071607,20.532763532763532,21.161246612466126,22.71930360415394,42.80147329650092,71.80011135857461,31.19921363040629,118.68327402135232,19.907339449541283,14.637610976594027,49.468686868686866,39.26598639455782,10.593974666210203,9.560375146541618,16.40410132689988,35.27861211807354,34.31194471865745
27:20,27.180359189912114,12.911581569115816,14.384227129337539,17.267813267813267,15.271951219512195,25.833518930957684,27.1240632805995,11.73110151187905,20.464751958224543,28.964285714285715,11.741379310344827,16.669056811913954,55.7956204379562,34.129078014184394,31.954802259887007,18.250471994965388,62.6878612716763,41.56813417190776,53.57309644670051,8.008435582822086,18.250815660685156,18.873127753303965,33.360582306830906,25.15474571661681,19.829355608591886,22.766068052930056,54.53317307692308,41.44284064665127,22.45937161430119,26.452178533475028,20.58299430431245,27.965626413387607,20.003346080305928,21.677139037433154,22.540102132772603,40.42583170254403,57.63694267515923,28.046651270207853,80.40383426097712,17.98268003646308,14.272610372910416,47.095658073270016,31.523779327837666,9.787372013651877,9.443256578947368,14.678228165482658,32.16234096692112,30.39067055393586
27:40,31.801097972972972,12.007272727272728,12.890356671070013,15.139648836259697,15.259803921568627,23.63736263736264,25.662468513853906,11.418188736681888,20.43776223776224,26.497790868924888,10.79196556671449,14.204301075268818,53.812252964426875,35.78849028400598,31.77777777777778,17.556351791530943,62.66137184115524,38.95322245322245,55.39173640167364,7.15296803652968,19.47217868338558,18.27894519983519,32.47092688543466,23.825162935675827,19.86561417019638,23.5485347985348,54.216279069767445,35.323244552058114,20.654526166902404,27.306830309498398,22.047753945770943,28.354515050167223,20.69683026584867,20.449141347424042,22.58509234828496,43.3876,54.56763787721124,29.336162187647336,76.67058165548099,20.412535079513564,14.206477732793521,49.04597701149425,40.179591836734694,10.709767118526242,10.160369437447523,14.851928660306926,35.24581855043082,32.800389483933785
28:00,31.03836206896552,12.208695652173914,13.79876796714579,15.40082474226804,15.492592592592592,25.131075914800654,27.276415891800507,12.002283105022832,20.72459893048128,27.079357351509252,12.073966642494561,16.013466334164587,55.83875248838753,38.779739063699154,32.6878587196468,18.28870019595036,63.608098336948665,40.71611526147279,53.849017580144775,8.300704776820673,19.547679324894514,19.397569444444443,32.18140068886338,24.795403587443946,19.646762310973244,26.28786610878661,54.98109549200194,36.603345280764636,24.83717297930496,28.280934678704195,22.425755033557046,28.935751748251747,20.766699410609036,23.065396825396824,21.030820872749466,44.95057791948984,65.83496199782844,34.49259826442062,87.87642471505698,21.682656826568266,16.170783645655877,52.4549795361528,39.1495640509725,11.858864027538726,11.42012320328542,16.605273514364423,39.02832131822863,32.31937682570594
28:20,31.345031712473574,12.353808353808354,13.52171052631579,15.257799671592775,14.110218140068886,23.4,27.562018819503848,10.139705882352942,19.22819216182048,26.172647914645975,10.467935165609584,15.19891008174387,55.97220338983051,37.74065420560748,31.787984327383544,18.31949685534591,61.856521739130436,37.63826530612245,51.14031520081342,7.438729198184569,19.89276035617499,17.576296296296295,33.54825813820674,22.939571647118818,19.70307807807808,25.20845921450151,53.88670187229957,33.23751522533496,21.222104892643436,24.587558808154732,20.777123633305298,26.50871839581517,19.391742195367573,21.462649089767734,20.845328282828284,42.167597765363126,65.52378348824494,26.870488322717623,72.17171161254815,19.669110907424383,12.140445126630851,49.71603260869565,35.16167664670659,10.14504347826087,9.633486047480217,15.16217320261438,33.27230769230769,30.581213307240706
28:40,33.3129829984544,11.865168539325843,13.472964169381108,15.381498158002456,14.675245098039216,23.059734513274336,26.004321521175452,12.40538431525556,18.32610082961072,26.329740323370896,11.70059880239521,13.652459016393443,55.328804347826086,35.16728349370836,31.04177545691906,17.12954966070327,62.08936484490399,35.43011811023622,51.360882956878854,7.132450331125828,18.37167019027484,17.896387455339422,27.662535211267606,22.9685569904548,21.620248400451636,23.442972077614765,53.658714703018504,35.26983094928479,21.207924263674613,25.960588544403574,21.608586911213006,27.53982683982684,20.621994884910485,20.922036082474225,21.029613466334165,43.57330677290837,60.32599580712788,32.23828920570265,98.40457516339869,20.000931098696462,12.810174639331814,51.744475138121544,35.82559681697613,10.585172413793103,9.97638773819387,15.289462723865057,37.058341862845445,30.856203007518797
29:00,33.791528239202655,13.027348394768133,14.031984334203655,17.089490968801314,15.683354192740927,24.65633646928611,27.332495812395308,12.804080061585836,19.879107253564786,28.532839506172838,11.821453775582215,16.52838196286472,56.65827814569536,36.99401645474944,32.14980289093298,18.038629283489097,64.08196721311475,38.03853853853854,52.73921867072552,7.584985835694051,19.709758131776482,18.568347953216374,31.467391304347824,24.079813423166623,22.79002624671916,24.304757418747055,57.258387581372055,37.594278283485046,22.257383966244724,27.226326742976067,18.67582861762328,28.200514138817482,20.452488687782804,21.856475300400533,24.561464968152865,42.74219058916568,54.57532133676092,27.482189400521285,85.81611316113161,19.96718322698268,12.902401829965688,49.91411042944785,37.224726775956285,11.228848821081831,10.026905829596412,16.17375306623058,35.659979423868315,31.3
29:20,31.425400739827374,11.988109393579073,13.754581151832461,16.061626951520132,15.693467336683417,23.609383524277142,26.11864406779661,10.278481012658228,19.04426925409339,27.86419149975574,12.365530303030303,15.191787681522284,55.36094276094276,37.691717791411044,31.61636045494313,17.003516998827667,63.17461482024945,36.68298969072165,51.23416407061267,7.131428571428572,19.75378640776699,18.392701309004362,30.01573917931422,22.294255263841954,22.976885183781736,23.36671862821512,54.273117254528124,35.10943396226415,20.454225352112676,26.658397932816538,23.73627450980392,28.3564572425829,20.525,21.56496444731739,20.52824427480916,42.1770998415214,50.56156620298815,34.219398340248965,67.65175202156334,19.292549019607844,12.697247706422019,48.417687074829935,33.1557003257329,10.269659011830202,9.799011532125206,15.555643564356435,33.324186991869915,31.75
29:40,31.542296689824276,12.282471626733923,14.117213663764232,16.26642036124795,14.7105561861521,24.622381477398015,26.593178036605657,12.29522376833396,19.074821852731592,27.610816030902946,10.87832973362131,17.105957253296953,56.795891318754144,37.53338449731389,32.43160690571049,17.465186074429774,63.43679880329095,37.49372174786539,48.877425944841676,7.0671745152354575,20.159657320872274,18.100598354525054,31.56583427922815,25.168438724118634,22.884178652535958,23.485578992681877,56.805474095796676,34.2888107791447,22.097014925373134,26.375832053251408,19.211256440745146,26.195060694851403,19.999527856468365,21.676254180602008,23.974140649637338,42.48714233973198,60.2224,27.45033428844317,73.61276849642005,18.965225563909776,12.685725709716113,50.1419624217119,35.30160857908847,9.983120909404064,9.994572025052191,15.642266335814723,33.31076923076923,32.93898655635988
30:00,32.93781382773272,10.854721549636803,13.5260663507109,15.157590759075907,14.367844092570037,23.48856664807585,25.989958158995815,11.282437006393382,18.86967418546366,26.740524781341108,10.558988764044944,14.91384754172305,55.33997343957503,39.70787401574803,31.795454545454547,17.63225806451613,62.247067448680355,40.59255319148936,51.72977178423236,7.316020482809071,18.003720545680032,19.03181818181818,31.13623188405797,22.5519000255037,23.261567877629062,21.63188022897402,55.22081859525013,37.2355631789594,21.840383931745468,27.64445574771109,20.369954223886808,28.990773286467487,20.840932117527863,21.61904761904762,19.999695214873515,45.6802532647408,58.32298136645963,34.70723014256619,61.395203836930456,20.65622032288699,13.744158878504672,55.2115518441197,42.12695179904956,11.786451169188446,10.65929565929566,16.07127969987495,37.78334184977005,36.54645354645355
30:20,37.57579273008508,12.835946924004825,16.486101694915256,17.59467213114754,15.800235017626322,28.447252747252747,28.522028262676642,12.88754877616176,20.64727272727273,28.73706691979117,11.446504992867332,18.138161273754495,60.85026385224275,40.475075528700906,34.8897122929381,18.29183323814963,70.42643764002987,42.455002513826045,51.34438775510204,7.691312384473198,20.74171330176496,18.98227648680583,31.449914138523184,25.464176829268293,25.61497730711044,25.37814014984575,59.64800389483934,41.18071519795658,24.642265193370164,28.880687563195146,25.521526418786692,28.31524989320803,21.604495456719274,22.861757105943152,24.35712020298129,45.927904370564065,62.89055240061951,32.023346303501945,78.6919881305638,21.096061479346783,14.24502784407319,53.10906612133606,37.229124916499664,10.60013764624914,9.545080279950596,17.278660369257192,36.50799381124291,34.412731006160165
30:40,32.86489898989899,11.720763723150357,16.198795180722893,17.81611570247934,14.082959641255606,28.678394722374932,28.16734693877551,12.986788990825689,21.045511221945137,29.3022915650902,10.56060606060606,17.532017075773744,58.63099870298314,38.125366568914956,34.52652519893899,19.454920447849144,67.11747851002865,45.37547271745003,47.74334016393443,7.988771929824561,20.388084402151428,19.646957272334916,31.95100864553314,25.02279792746114,25.561700526711814,24.688717532467532,55.454416627302784,39.26447876447877,22.02730375426621,28.058008213552363,25.42757242757243,29.083882301273604,20.72528032619776,22.52093023255814,23.878768020969854,45.28743961352657,49.69053934571176,30.539613526570047,71.13839285714286,20.00379146919431,13.327359180687637,49.86468200270636,35.444519166106254,10.832460732984293,9.92130857648099,16.60247702756692,35.42444559051057,31.897126969416124
31:00,31.06523534269199,11.630105017502917,16.366756393001346,16.80493827160494,14.093928980526918,28.33809001097695,26.70292207792208,11.944703770197487,19.706812652068127,27.38801711840228,10.955903271692746,17.345374931581826,56.239643084767366,37.68305209097579,33.238690219732874,17.152334152334152,67.38115942028986,42.649892933618844,46.4003006012024,7.116504854368932,19.966907085277896,18.094061379035473,31.17636786961583,24.60084700899947,22.36324619586422,24.51698279664755,53.23285198555957,36.72875,24.09317927692881,27.876074860900353,18.73378164556962,26.622633201232937,19.82464685825621,21.098765432098766,22.71619471842189,43.99666172106825,55.784591194968556,29.954238921001927,69.57584269662921,18.399615754082614,12.37152516904583,48.748821548821546,35.11118690313779,9.387880862718248,8.637476459510358,16.145792177005138,32.107124551512044,32.25
31:20,30.642057237660723,11.4921968787515,19.531229454306377,16.778189300411523,13.916391639163916,28.227848101265824,26.128824476650564,11.05717292178183,18.779800352319437,27.87373979836774,10.45945945945946,16.82343830665978,55.098852040816325,39.166158536585364,33.405719392314566,17.63126491646778,68.26319595083153,41.98600645855759,50.08018154311649,7.29232995658466,20.213642213642213,18.441471571906355,31.7479815455594,25.253680336487907,23.81760757994473,24.47200728265817,51.69483362521891,38.34051222351572,23.600595016734847,26.518029456576944,18.766217354675653,23.660746003552397,19.492368291482027,20.626120358514726,23.286056253740274,43.013660104459625,48.161144578313255,29.362716763005782,71.50318102949682,16.93431221020093,12.511665984445354,48.9233401779603,32.56262558606832,9.07246879334258,8.375170532060027,15.50328947368421,31.951496388028897,32.487124463519315
31:40,31.91085431283533,12.596064814814815,28.540348612007747,17.273546273546273,14.140291806958473,30.564552661381654,27.10339123242349,11.909025787965616,19.552954944411937,28.057460164171896,10.455767869780608,17.40613810741688,56.761319534282016,43.69465020576132,33.83738738738739,18.513310185185187,71.07865168539325,41.74391534391535,52.35133744855967,7.675546448087432,20.778340475262954,18.062425918609247,33.8001155401502,24.53508541392904,23.658644203770557,26.596753524134986,51.141771019677996,35.11396181384248,22.671483961931617,28.728088701161564,23.333004440059202,26.088602329450914,21.86533403471857,22.513329200247984,22.96406820950061,45.66465863453815,55.122574055158324,31.45230024213075,70.84370179948586,19.571290944123316,14.217605923488277,49.91655266757866,38.548909218859954,10.568205128205129,9.922522522522522,16.3139776026545,34.01345059493016,33.41898864809082
32:00,30.487633965375103,11.219730941704036,28.54847104749512,16.507622579316028,13.526845637583893,29.594563986409966,25.305016181229774,11.058781617385108,18.166290868094702,25.37171524128046,10.037526059763724,17.07122093023256,57.789093298291725,40.04945904173107,32.93812104787715,16.728065078442764,68.28329654157469,39.13428874734607,50.901630988786955,7.07512402551382,19.75873544093178,17.507905138339922,32.751448435689454,24.53633952254642,23.072860447185814,29.059957173447536,51.119229045271176,37.37199124726477,21.696215479031707,27.54798761609907,22.470973782771537,28.62872628726287,21.33215189873418,20.96840148698885,23.668728734921125,45.586013462976815,55.46954711087975,33.04668674698795,76.52442159383034,19.52101661779081,13.483027701911823,50.70668485675307,37.50556328233658,10.401459854014599,9.214887640449438,15.180779834580543,35.57716371220021,33.391949152542374
32:20,28.42135058633239,11.266285714285715,30.254071661237784,16.388501026694044,14.554906542056075,29.108440469536053,24.500400320256205,11.997993579454254,17.288526434195724,27.370009737098346,10.933476394849786,16.899508465319496,57.49738219895288,41.41120757695343,31.79918404351768,16.730569948186528,65.77753779697625,40.797054009819966,52.742886704604246,7.171033478893741,19.014431239388795,17.070588235294117,36.742478941034896,24.45409565695437,22.19649408887077,26.692923336141533,51.46626617375231,34.975232198142415,21.75783174938402,26.917144346013547,23.532887975334017,27.726051148677936,20.167320261437908,20.998764669549104,23.387248743718594,45.24526782118405,54.65834633385335,32.16088019559902,72.80294117647058,20.311720698254366,13.164762255805382,51.07750342935528,37.72851296043656,10.509857239972808,10.031578947368422,15.32255354892902,34.45940390544707,33.88667366211962
32:40,28.888123226591002,11.23972602739726,30.003234152652006,16.03396851698426,14.85680751173709,28.369205298013245,25.422455573505655,11.80592699674738,17.82841225626741,28.27128712871287,11.065123010130247,18.906722251172486,57.18128272251309,41.56789137380192,32.571230982019365,16.76158940397351,68.05371596762325,41.28192640692641,54.04051948051948,6.748882265275708,18.52995391705069,16.97992277992278,33.55674390968509,23.96683881489535,24.143724696356276,21.880726015557475,52.66378525932666,38.12975871313673,21.356058049274385,27.897271268057786,18.366405928365584,29.23606418918919,21.625570776255707,20.722119531731362,24.374959349593496,47.61207243460765,62.5338266384778,34.00449101796407,91.52625298329356,20.058823529411764,14.118082618862042,54.34878892733564,40.762952448545064,10.810569663692519,10.27909090909091,17.14910536779324,36.151624548736464,36.23135964912281
33:00,28.132322818517,10.723194748358862,30.153896103896106,16.298180314309345,15.181389870435806,26.51346893897746,25.871020408163265,12.214834742505765,17.554292211483798,26.48015678588927,11.165734265734265,18.819095477386934,55.780155642023345,44.651182432432435,31.198210290827742,15.594951923076923,64.28612099644128,42.92017738359202,57.316326530612244,6.290436005625879,19.510204081632654,16.428518791451733,32.92045454545455,24.697045015189175,22.745067087608525,25.28402865571007,50.59058295964125,34.5061425061425,20.960777626193725,26.997334754797443,18.005358615004123,27.51587982832618,20.956252971944842,20.547663551401868,23.38910891089109,47.26029055690073,57.87964416535845,32.40277777777778,85.15343601895735,19.62649402390438,14.019074675324676,51.304227304227304,35.528931245745405,9.269544527532291,9.185751748251748,15.67989864864865,34.22910216718266,36.08568207440812
