Time,0,1,2,3,4,5,6,7,8,9,10,11,12,13,14,15,16,17,18,19,20,21,22,23,24,25,26,27,28,29,30,31,32,33,34,35,36,37,38,39,40,41,42,43,44
00:00,20.150375939849624,34.97224709042077,25.946162046908317,25.417464114832537,63.892769607843135,18.23356926188069,30.57520215633423,18.910192837465566,38.07737321196359,29.554455445544555,17.62366034624897,29.282341367437287,34.74542124542125,49.33566878980892,30.14239306984299,24.09039865244245,34.80477707006369,30.969716704656463,31.02918918918919,21.859002169197396,74.09971181556196,20.512783053323595,38.7306140744061,33.719141323792485,17.53620352250489,38.31677600749766,20.081050228310502,48.90100250626566,47.44510035419126,29.525368248772505,37.80984555984556,14.005310674455655,21.285638013881474,58.59983498349835,47.28195829555757,65.88097886540601,28.754394776494223,37.2281976744186,7.092666005946482,25.1046457062412,35.99143010176754,29.332678132678133,42.553969160479724,24.17119244391972,26.543111676741965
00:20,20.21181262729124,33.58926919518964,25.648777895855474,24.514388489208635,63.698492462311556,17.204690831556505,29.531843575418993,17.85464480874317,38.24794952681388,28.966784096628082,16.080558980682284,27.63016426082628,33.10504933255949,49.57353885677585,29.695815450643778,22.92220421393841,33.17364492048036,28.22222222222222,29.726215644820297,20.203662597114317,72.9946587537092,19.875831485587582,38.41500904159132,34.49256421811627,15.748354430379747,38.92853717026379,18.933574879227052,49.19358974358974,44.81543624161074,28.637931034482758,36.526315789473685,12.781167806417676,20.221630261054873,56.343624699278266,46.44748078565329,66.10772578890098,28.789766970618036,35.89290925007295,6.545496323529412,24.244627343392775,35.32364028002154,28.353365384615383,42.915655339805824,23.79904306220096,26.010953608247423
00:40,19.34420985284709,34.60431654676259,26.050585729499467,24.447004608294932,77.69164265129683,17.732804232804234,29.313668224299064,18.054624121146567,39.21287444231995,29.256885327991988,16.42590336987414,28.159684573681616,34.135705669481304,48.87678904791537,31.087125416204216,23.25989010989011,36.61949898442789,28.12055285385206,30.74463401210787,20.407447973713033,65.74673008323424,19.595219435736677,38.5316001792918,33.1513098464318,15.638592750533048,38.18063872255489,19.278956943602182,48.44676320272573,48.47479775980087,27.875873186458893,35.87025160335471,12.599049128367671,19.86322024771136,57.30262609420592,45.46642468239565,66.62634256642171,29.096267190569744,35.93735362997658,6.213224724484906,23.887529411764707,35.95151838039425,28.909133709981166,42.46806039488966,23.586475164572114,27.585704831237592
01:00,19.42801302931596,34.25571549534293,26.259558427571353,24.981435643564357,78.45593525179856,17.914302600472812,31.00776119402985,18.890770070999455,39.157860404435745,30.50921773791729,17.152019002375297,28.888670917116233,33.502077151335314,51.311570782159016,29.857218402961397,24.078323221180366,33.65294117647059,30.87238219895288,30.574034334763947,21.42446419236801,69.70207715133532,19.84948604992658,38.35104450499546,33.26834563612679,16.796121332670314,39.09390862944162,20.29007177033493,49.0945252352438,45.915753029428735,29.226133333333333,38.2093690248566,14.123273113708821,20.73219978746015,55.85111561866126,48.52690972222222,67.7068493150685,29.37214137214137,36.6132047911189,6.928464232116058,24.144846796657383,36.23469930814263,29.498998998999,42.67562724014337,24.064477611940298,23.986579754601227
01:20,20.004054054054055,34.81604184829991,25.6545842217484,25.33926453143535,78.70267686424474,17.20992822966507,29.27906976744186,18.8814489571899,41.331234256926955,31.041666666666668,17.029458598726116,29.690133862171542,34.30674486803519,51.670535138620245,31.24742826204656,24.290768380320618,32.02529668956902,29.3205493651205,31.66812227074236,21.329133858267717,70.5417661097852,19.180124223602483,38.28846153846154,32.938304482911676,16.769657258064516,39.89675230247213,19.155351681957185,48.75699745547074,45.241172950329144,29.406368051807878,37.92745376955903,13.899841017488077,21.242150079829695,57.23315419594874,46.95958727429063,66.66325431034483,30.361792452830187,36.46320973348784,7.085644768856448,24.545794392523366,37.14879074658254,29.42486539402839,43.115966386554625,24.24616292798111,24.84308510638298
01:40,18.351006711409397,35.70383586083854,26.013771186440678,25.326460481099655,78.63,17.75351288056206,29.75754060324826,19.23022367703219,38.024755700325734,30.70436507936508,17.029952076677315,29.05189620758483,33.67947247706422,52.0625,32.485841199333706,24.31236559139785,38.00929512006197,30.173959162025987,32.39173553719008,21.506849315068493,71.44802259887005,21.488052136133238,38.893000445831476,33.998247151621385,17.153690596562186,38.171912832929785,18.91879613855764,48.232104121475054,45.86453063518831,30.752622860298178,38.73915139826423,13.708177445216462,21.07830687830688,56.52136752136752,45.24014665444546,66.1762114537445,28.313253012048193,36.56038506417736,7.0767362797474505,25.419793621013135,37.39612768184197,29.790460878885316,43.945945945945944,25.981450252951095,24.085868309587987
02:00,18.071904127829562,34.273308957952466,25.152,22.73170731707317,77.65806451612903,17.274282560706403,30.450892857142858,17.946457544618713,37.67718606180144,28.92349726775956,16.01833073322933,29.425521350546177,33.570493753718026,51.2238314680711,30.919381557150746,22.732749178532313,41.87959442332066,27.922002032520325,29.44037145650049,20.177312775330396,68.63684834123222,20.189269746646797,38.49724517906336,34.46986859990938,16.221574344023324,36.57012048192771,17.623557984213722,47.21621621621622,45.10331050228311,27.703007518796994,36.64239332096475,12.729455709711846,19.96264674493063,55.10679214402619,43.62734082397004,65.5107296137339,29.26108108108108,35.20710748616371,6.724385245901639,24.116310767832804,36.078033137359704,28.116372795969774,42.03714124929657,24.635827931644076,21.066320415501398
02:20,19.02834008097166,35.33599290780142,25.83667932718394,24.98175182481752,76.63658940397352,18.032601880877742,30.158021712907118,18.96216500262743,40.335673261008296,30.553702795487986,16.644944707740915,28.640355204736064,34.27854154213987,51.81361533377396,32.76883561643836,24.136710239651418,44.91359649122807,29.65512577765756,29.9235,21.162264150943397,68.22484848484848,21.163970588235294,39.25902808738297,34.46070343030829,16.909781576448243,37.53213242453749,19.565429093122336,49.04547461368654,46.14790807307013,29.356260075228374,37.21757518796993,13.747132714363735,20.869656992084433,56.4693376941946,43.89860465116279,68.1654986522911,28.510766149223837,36.88420750931499,7.1602434077079105,24.63420427553444,36.465702036441584,29.204455445544554,43.52545348156817,24.410885167464116,22.701926858041684
02:40,18.422372881355933,35.09955947136564,25.240425531914894,24.355231143552313,76.88075880758808,17.589973614775726,30.16311300639659,19.236203090507725,40.124761298535965,30.538573508005822,16.174861221252975,29.26019417475728,33.14719904648391,51.547820429407935,31.77298206278027,22.898962315674495,44.682561307901906,30.487222037836045,29.673142302088394,20.22737306843267,69.38538011695907,19.220913107511045,37.98888888888889,34.58753437213566,15.662388943731491,37.34769833496572,18.47563946406821,48.85241379310345,46.14753086419753,27.96280552603613,37.67674616695059,13.061899679829242,19.804107424960506,55.87325627740135,45.74119718309859,64.52706396938217,27.03254882323485,35.17283590789857,6.4242864054184805,24.554854368932038,36.08709677419355,28.07418397626113,42.82897727272727,23.269528920691712,21.940628637951107
03:00,18.060686015831134,33.60850694444444,23.200216450216452,23.841778697001033,65.69307832422587,14.224645030425963,24.68953488372093,19.577361563517915,38.2830310880829,33.62968515742129,17.695922330097087,27.29135802469136,35.718352513628105,54.20974289580514,37.01850813236119,24.957716701902747,36.37829246139873,31.31096196868009,31.733850129198967,22.486966167498615,59.84606481481482,22.648454349388928,35.431435079726654,31.14662494412159,14.448518332496233,36.72598870056497,20.763833428408443,48.97011596788582,36.00119260584377,31.562935190144618,37.25626373626373,13.889410537297861,21.729673744174004,53.90923957481603,38.44228903976722,57.79448350459708,31.248385494287135,33.617058311575285,5.601669941060904,25.121184919210055,34.979690005344736,29.665485157288437,40.139135583185315,19.972670807453415,23.466921606118547
03:20,18.778147901399066,32.12730627306273,24.799664241745944,23.656903765690377,65.61024702653248,15.428040361125863,26.300056721497448,19.71890410958904,37.08667104399212,32.9283276450512,17.040499621498864,27.114,35.9688995215311,51.45865184155664,36.160022459292534,25.076467420570815,58.43504171632896,29.83655982227864,33.40589970501475,21.72200772200772,61.12522045855379,22.39149560117302,36.17827298050139,32.357485814054996,14.79632389468455,39.050128064398095,20.14276885043263,48.54703992657182,40.09062885326757,30.882911392405063,37.442608695652176,14.186485070717653,21.65963060686016,54.619730185497474,38.2521327014218,59.22174611676486,29.242152466367713,35.27111673521038,6.255308641975309,25.323866239120477,34.620763851533084,30.063304721030043,40.29063444108761,20.735240413877055,22.457878315132604
03:40,17.353998760074397,30.66049953746531,22.836322869955158,22.223552894211576,61.94973544973545,13.099318955732123,23.498826291079812,19.853739612188367,35.98051948051948,34.13586413586414,16.653534609720175,25.55410166079517,35.41275362318841,53.03719298245614,37.42865232163081,25.00265533722783,54.13676212741087,29.418728468524897,34.02850494473531,21.854535082715344,57.99061583577713,24.507102272727273,34.67435424354244,29.031017911751857,13.18552036199095,34.988913525498894,20.747512437810947,47.870996050899514,35.135561160151326,30.62453531598513,36.62136363636364,14.030569948186528,21.703512396694215,52.404900332225914,36.53958143767061,55.507284079084286,30.309008555611474,32.26332560834299,4.845190380761523,24.905669366364936,33.38852813852814,29.676486633933443,38.51450562462996,19.579812206572768,21.501775147928996
04:00,18.38116308470291,30.495758718190388,22.08847184986595,22.155882352941177,60.39126559714795,12.934150076569678,22.740449438202248,27.364499634769906,34.676202860858254,33.457929627740945,16.766104294478527,25.098979591836734,36.36915604128719,53.559888579387184,38.627298050139274,27.079356568364613,54.058647516457214,30.505743458838545,35.14002333722287,22.63631284916201,58.75594202898551,23.205035971223023,33.13324175824176,27.55829300483942,12.954427757638529,35.39493558418481,20.927419354838708,48.15742897065673,31.517857142857142,32.47019867549669,38.689922480620154,13.640125720272394,21.729813664596275,51.774856203779784,34.5375,53.17967522262965,30.819630010277493,32.12312572087659,4.856502242152466,25.386724386724385,33.11862587224906,31.08520179372197,38.966922622563494,17.642553191489363,22.860437842064112
04:20,17.652631578947368,30.714821763602252,24.4009873834339,22.838076545632973,63.89506172839506,15.489226869455006,26.016597510373444,26.852494577006507,35.611003236245956,33.62086776859504,16.704109589041096,25.890990542558487,37.286850152905195,52.43595041322314,36.415156507413506,27.430908065425832,56.93946188340807,30.277705345501957,34.035714285714285,22.421965317919074,61.01186239620403,25.22190812720848,34.87189896256202,30.129186602870814,15.311987704918034,34.347372810675566,20.665436654366545,48.59599636032757,35.30011135857461,32.09833237492812,37.56594618438465,14.154497354497355,21.068577277379735,54.39872611464968,38.33732876712329,56.01090342679128,32.470238095238095,34.090301974448316,5.890198178896625,25.3912839737582,34.96782841823056,30.33915211970075,39.85092426952892,21.26008182349503,24.9593653250774
04:40,17.994791666666668,29.82838589981447,24.909725953788286,21.49656526005888,66.09066183136899,16.965384615384615,28.372843628269337,24.634965034965035,36.16862988220707,31.703479576399396,15.988772744870305,27.046680497925312,35.554485249849485,49.94805194805195,33.309935205183585,24.955191256830602,58.94957983193277,28.9016553067186,31.659682899207247,20.23133484162896,67.26425178147268,23.22301644031451,36.694835680751176,32.36842105263158,16.198522167487685,37.085278704144834,18.71578947368421,46.78304466727438,43.987812700449005,30.12374405076679,37.276419213973796,13.55439330543933,19.79015544041451,54.86198137171888,39.79197080291971,59.684045881126174,30.886387434554972,34.77178303519908,6.653942742340532,24.209921910886543,35.64324324324324,28.599244875943906,40.83775633293124,23.11692844677138,24.095662277304417
05:00,15.956467661691542,29.56232939035487,24.636215334420882,20.550921435499514,65.55156950672645,16.232196289646918,26.949751861042184,17.935376044568244,34.70610687022901,30.575821845174975,15.271512770137525,25.6264631043257,33.65568862275449,48.8099395567495,34.3033389926429,23.032733224222586,57.10690045248869,28.041332906119834,31.037790697674417,19.922660897782585,64.84181483752299,22.73607038123167,36.47734703409622,30.6617583369424,14.793650793650794,36.10656934306569,17.619631901840492,44.45622119815668,42.92727272727273,28.222104144527098,34.4373596766951,12.355896351136964,18.89802289281998,54.070568700705685,41.1038062283737,58.07979002624672,29.43005720228809,33.39683908045977,5.935032483758121,22.77124183006536,33.369660460021905,26.807468477206594,38.919756838905776,22.231867504283265,24.57357645553423
05:20,16.42049234863606,29.03385178408051,23.66848716548334,20.623791102514506,64.10592459605027,15.718108276291225,26.81142857142857,17.833607907742998,35.021013597033374,31.0015479876161,15.207993791230113,25.597173144876326,33.885441527446304,48.40860215053763,36.879672897196265,23.58744635193133,57.87172011661808,27.9944733420026,32.08425334108077,20.056260341974628,65.34949622166246,22.27806309611152,35.411542100283825,29.19334456613311,14.501017293997965,35.16348773841962,18.017956656346747,44.9578853046595,40.015160703456644,28.03493222106361,35.351267229879944,12.85676532769556,18.37902388369678,53.60192549183759,38.54674977738201,58.57582184517497,29.370826913199796,33.734464902186424,5.648185483870968,22.655504587155963,34.07848371596369,27.378992961559284,39.06764168190128,21.113317757009344,23.953846153846154
05:40,15.732119635890767,29.03897254207263,23.515068493150686,20.68502415458937,64.37087912087912,16.326236693800876,26.334307422559906,23.563037249283667,35.09763880025527,30.938984881209503,15.028030303030302,26.25707196029777,32.890064667842445,48.836978131212724,35.096774193548384,24.975533576262364,57.569612940496825,27.86477887368756,31.27256843331392,19.821567537520846,66.04192740926158,21.314264487369986,36.091166745394425,31.154136917261656,14.53501544799176,36.869760479041915,18.762816553428042,46.057958091841286,39.11702127659574,30.070016034206308,34.93354430379747,12.94261867501304,19.217941952506596,54.256711409395976,38.071364046973805,58.447014523937604,28.15372589890568,33.343522561863175,5.415553435114504,22.767148856742885,33.78938906752411,27.06333870101986,38.097910447761194,21.637254901960784,24.375
06:00,14.960240963855421,28.973498233215548,23.92864476386037,19.475471698113207,63.98847517730496,16.246684350132625,26.65684468999386,24.79108838568298,33.95102293862368,30.7172131147541,15.373247442212959,25.68951813214108,32.64018161180477,48.48690396239087,35.73910645339217,23.496760259179265,57.42444080741953,27.007390745501286,31.800597014925373,20.31711409395973,64.79186320754717,21.412099644128112,35.52878365831012,30.503694046066926,14.933430515063169,36.83616093068347,17.732429099876697,44.7372197309417,39.16821345707657,28.781367797522886,35.731783638801964,13.026133333333334,18.627118644067796,54.20885028949545,38.09702797202797,59.33633474576271,29.234668018246325,34.82239502332815,5.915990453460621,22.66945400885391,33.461704422869474,27.576545632973502,37.60549943883277,22.448435689455387,25.837337662337664
06:20,16.47879177377892,29.853941908713693,23.993147074327887,19.47279549718574,64.90235081374323,16.426305353602114,25.99207800121877,25.00816629547142,34.25930599369085,30.555555555555557,15.183346065699007,25.809017223910843,32.50147145379635,49.54514824797844,35.53200883002207,24.72563176895307,58.787281935846934,27.08674775928297,31.905074626865673,20.24526134405514,65.35475896168109,21.36827195467422,34.53490522422561,29.641970198675498,14.659696811291166,36.19830592924763,18.52829028290283,45.46015761821366,38.507552870090635,29.872475476053086,35.900278293135436,13.237323575535807,18.99020618556701,53.473662380754874,37.21052631578947,59.20687830687831,30.223779854620975,33.77307811052794,5.774193548387097,23.734437751004016,34.075291622481444,27.486472148541115,37.01534963047186,20.344042056074766,24.537667304015297
06:40,16.286811779769526,28.881508078994614,23.578446909667196,19.788191190253045,64.7584320875114,16.018794556059625,25.84718826405868,23.410714285714285,34.038022813688215,29.71237623762376,14.848698884758365,25.12819228843265,32.32525741974561,48.87019867549669,34.83192329385223,24.07596253902185,58.674020959735245,26.9744081893794,30.99701314217443,19.991974317817014,62.792066538707616,19.727337615988578,35.738695859114706,30.023850823937554,14.62173458725183,35.2675222112537,18.20271940667491,44.06184265881363,38.6972972972973,28.874932028276238,35.325581395348834,12.768743400211193,18.470253491981374,53.71548117154812,37.59124087591241,58.43460135487233,30.9385593220339,33.510070921985815,5.682238442822384,22.972054028877505,34.23827493261456,27.667364016736403,38.29766885833831,21.32943925233645,24.264548238897397
07:00,16.989905362776025,30.130258899676374,24.68482905982906,19.900562851782365,64.51858407079646,17.502557544757032,26.966122202056866,24.008928571428573,36.24064837905237,30.698877501220107,15.662398137369033,25.42864296444667,31.88777318369758,49.005431093007466,34.77808676307008,23.7984375,56.58412520961431,27.502848101265823,32.69263803680982,20.086501377410467,68.38167938931298,21.097941802696948,36.487191880135335,30.501473684210527,14.721285563751318,35.940125543215835,18.518131530424093,46.068231203824425,42.52456924058711,28.600851516764237,35.80369843527738,12.849365750528541,19.491021036428936,55.32097759674134,38.88998211091234,60.48117386489479,30.556202679091438,34.140017040613465,6.523124357656732,23.30965645311049,36.022619673855864,27.850901146914254,37.57765042979943,22.657225433526012,25.763001974983542
07:20,16.513337670787248,29.754748142031378,24.195253505933117,19.59537037037037,64.38073807380738,16.881258023106547,27.253537735849058,22.65560165975104,34.59836580766813,29.94591984548527,15.791698693312837,26.828202581926515,32.21541262135922,48.95683930942895,33.965122615803814,23.636914600550963,62.370307167235495,27.38731271915843,31.32831325301205,19.72314507198228,67.06903103229892,20.078417765440665,34.925407925407924,28.400730816077953,15.65180467091295,34.47994336951392,18.922270203578037,46.28850421660009,40.506024096385545,29.16796875,36.259838786154575,12.842923794712286,18.835056876938985,54.09788789601949,38.4359649122807,60.29453551912568,31.51437699680511,33.63150330554757,6.042237442922374,22.623434704830053,34.6384778012685,27.638343069569835,37.50408401400233,22.302036199095024,25.312641448431943
07:40,16.098214285714285,29.785087719298247,23.612266112266113,19.53394495412844,65.01465201465201,16.213125,27.199037883343355,22.561750176429076,36.19636135508156,29.641615782057304,15.580794446586966,26.865107018417124,32.33921222810112,49.49766199064796,35.55719759168035,22.699244060475163,59.9322125813449,25.210339584389256,30.62042502951594,19.68503937007874,67.09010712035287,20.717896174863387,35.12511715089035,29.409286328460876,14.218093699515347,33.959465684016585,17.44816883923029,46.71283001389532,37.742528735632185,29.569137168141594,36.168339416058394,12.408562367864693,18.43843379701185,53.03519417475728,37.833333333333336,59.72323340471092,32.54171494785631,33.16432584269663,5.848173515981735,22.12773892773893,35.0773714891362,27.602474448628296,37.205698005698004,20.875221762270847,25.06173654671509
08:00,17.498400511836213,30.490641711229948,24.47450348899624,20.203483043079743,64.6078083407276,16.91358024691358,27.6507747318236,18.21727172717272,36.47784810126582,30.22828666350261,16.15242754986827,26.720603015075376,32.63295657346817,49.56849768365321,36.3125348189415,24.334231805929917,57.29501698754247,27.77852564102564,31.527976190476192,20.187224669603523,67.85361334156887,19.626609442060087,36.2081894425259,30.847048685911243,15.683630640083946,36.16205533596838,19.777708978328175,48.28813559322034,40.25597667638484,30.00272925764192,35.8831286948613,13.405544147843942,18.875193398659103,53.67985611510792,39.567036720751496,59.86127477236208,29.901960784313726,33.40090472151541,6.796232876712328,23.141154029566046,36.55193798449612,28.1975505857295,38.41933638443936,22.74563871693866,25.835567178816607
08:20,16.86627140974967,30.18918918918919,22.70570418980313,20.227941176470587,63.83468104222821,15.539465101108936,26.53419053185272,17.951828206616366,36.83949121744397,30.457156308851225,15.20783711102574,25.65032844871147,33.08857666463042,49.029450261780106,35.823986674069964,23.624454148471617,61.25557461406518,27.14017521902378,31.27303561334087,19.749167591564927,68.63522884882109,17.912305516265913,35.580412866058566,29.922321809645755,14.657051282051283,35.05205751115518,18.725976441413515,48.317460317460316,37.26878612716763,29.5058561070831,36.211753731343286,13.1519052523172,18.559475806451612,51.84751203852328,39.35098206660974,58.832186341979885,31.600212089077413,32.71177802944507,5.687588485134498,22.054604349838037,34.99368753287743,27.77901353965184,36.746005509641876,20.502630040911747,24.424418604651162
08:40,16.693166885676742,28.01727328809377,22.91212744090442,19.72829131652661,65.77173913043478,16.060080106809078,27.633879781420767,17.262834821428573,36.07465495608532,29.868595825426944,14.92557251908397,26.009241245136188,32.727432590855805,50.14867617107943,34.60327868852459,22.670154185022028,55.40994152046784,25.45920745920746,30.729918509895228,19.098659517426274,74.40997409326425,17.829893238434163,35.8555023923445,29.46732165741136,15.04470709146968,36.534034034034036,18.811875,47.093153237074986,38.80960648148148,28.558073654390935,35.6001885902876,12.659520163348647,17.815415821501013,52.528003246753244,39.01331114808652,58.14161996943454,29.92596108210726,32.41402524544179,5.914754098360656,21.60264598540146,34.89051859612363,27.211245401996848,36.89377934272301,20.98168288494562,24.182926829268293
09:00,16.747849106551953,27.914867365823564,22.947201689545935,19.805232558139537,65.59314179796108,16.247389033942557,28.133157894736843,17.4871944121071,36.41353846153846,30.323764705882354,15.236335037357453,26.40576923076923,30.759604190919674,49.21954484605087,33.766937669376695,22.60054794520548,55.8602520045819,25.543620178041543,28.88482724086129,19.364289379168806,75.44986807387863,18.256284916201118,34.92732558139535,30.28412017167382,15.29718875502008,35.642219087917255,18.23086344151868,47.74932493249325,36.00606729178158,28.706214689265536,35.85957446808511,13.111975116640746,18.540567951318458,53.42539159109646,39.55694098088113,58.288330716902145,30.868253047011027,32.86807681603117,5.906733167082295,22.163753449862007,35.631551634665286,27.58640081799591,37.440538957234914,21.174036281179138,23.933095160766484
09:20,17.016293279022403,28.64898210980876,23.024146981627297,20.322147651006713,65.15143369175627,16.100696643445218,27.760609357997822,17.648106904231625,37.465298732649366,29.76531573986805,15.017678708685626,26.021781219748306,30.850861556743908,48.855898123324394,34.9875473741202,22.4842562432139,62.70446320868516,25.103647944412277,30.08584686774942,19.91359918200409,74.81127295756808,19.17090395480226,35.471490177287976,30.87216148023549,16.029843444227005,35.739025566811385,17.82691131498471,48.03817463799912,38.51486880466472,28.80601247872944,35.25568743818002,12.837493632195619,18.27650938609843,52.78089887640449,38.47460449625312,58.8536847767617,31.374568469505178,32.25787401574803,6.078481012658228,23.111425873465535,36.42936708860759,27.42639094042344,36.84180790960452,21.31972789115646,23.93042641872395
09:40,18.93800539083558,29.07845659163987,23.60537407797682,21.82025819265144,66.70383912248629,17.142015706806284,27.39763779527559,18.398656215005598,38.35537190082645,31.034679334916866,15.847211611917494,26.62468640240843,31.915560916767188,49.699932569116655,35.46086956521739,24.567915036333147,61.38604651162791,26.752093301435405,29.90766738660907,19.792194627470856,76.79174725983236,19.97100424328147,34.93333333333333,32.41845212068212,15.48984771573604,35.584396467124634,18.3169099756691,49.87533875338753,38.6551724137931,36.45618396519578,38.011224987798926,13.508709016393443,19.38394683026585,53.81439084219133,39.4207263064659,60.24240750966317,30.306503198294244,33.18534359851725,6.4086629001883235,22.853102189781023,35.25497382198953,27.86759002770083,37.24369266055046,21.33294930875576,25.357047428189713
10:00,18.224393530997304,28.835475578406168,23.80393198724761,20.94757665677547,66.59187279151944,18.398424310635903,28.26674169949353,18.221973094170405,35.905021173623716,29.76923076923077,16.00148588410104,27.418648905803995,32.58861885002964,47.88700947225981,35.58342361863489,24.155751238304898,62.63277511961722,26.236735870818915,30.160044767767207,19.908372827804108,78.7794502617801,19.4644412191582,35.88857938718663,31.938127090301002,16.153333333333332,36.25598436736688,19.51127819548872,49.15686274509804,44.62565445026178,38.32162661737523,38.738049713193114,13.099085365853659,19.117378048780488,54.10947712418301,41.27928692699491,60.01419213973799,30.096808510638297,34.15451730931607,7.159812597605414,22.991708889912484,36.3377239199157,28.106598984771573,36.55216426193119,21.403178340200117,26.16192706590833
10:20,18.38445667125172,28.677150192554556,24.110468174644925,21.5821185617104,67.51289134438306,16.55356037151703,28.426256077795784,18.62597547380156,37.53732227488152,29.501698204754973,15.543116490166415,28.195767195767196,32.32427643236858,48.20255720053836,36.604780433574206,24.147188533627343,57.042229729729726,26.650476758045293,30.28790366721401,18.802189505473763,75.40112540192926,20.142020497803806,37.49670122525919,32.22959183673469,15.950298210735587,34.89970788704966,19.15859564164649,49.45234838121295,38.92428654630169,34.73217606943583,39.65914546327412,13.485338725985844,19.157894736842106,54.08264786525656,40.320851063829785,58.60164835164835,28.58328285887341,33.88174807197944,6.723857868020304,23.218677762367083,35.74609571788413,28.153547671840354,37.2678270634475,21.295766249254623,25.378651685393258
10:40,18.865702479338843,28.345543345543344,23.062234042553193,20.194280078895464,66.18606782768103,16.3117048346056,27.982693347755543,17.01687289088864,36.898516320474776,28.824950690335307,14.869253956292388,27.00093370681606,32.778799019607845,45.671523178807945,35.921097770154375,23.51167843563281,62.98162418494368,25.372619047619047,28.80909090909091,18.76911076443058,78.72457627118644,17.45578231292517,34.635569852941174,31.559493670886077,14.856995884773662,34.52569169960474,18.66707095209218,46.05095541401274,37.55099715099715,32.49098557692308,37.8822629969419,12.88973191704603,18.574886535552192,52.979927739863506,40.22240392477514,56.252873563218394,27.407426778242677,32.77895642201835,5.819704433497537,21.5221198156682,34.89254498714653,26.356328082563824,36.321370309951064,20.169126691266914,24.738970588235293
11:00,20.075290896646134,29.11782661782662,24.135741652983032,20.910802775024777,67.6267154620311,16.89767441860465,28.170987313844456,17.88764673001677,36.15973597359736,38.16590563165906,15.486681887366819,28.507015902712816,35.05819774718398,43.863936591809775,36.610368786745056,25.127037661607645,66.48690773067332,26.536714374611076,28.866725899600176,19.891357027463652,79.76101388050694,19.01896813353566,36.02921040620721,32.7490230134607,16.07846153846154,34.3870529651426,20.229508196721312,48.42368533561351,40.05019965772961,38.15068493150685,38.417864476386036,13.368104312938817,19.672056594239514,53.79224376731302,40.74212271973466,57.79911942762796,29.050171037628278,33.60773002595904,6.711930164888458,22.164516129032258,35.732925586136595,28.676633444075303,36.80966072455434,22.155449672424062,25.900169204737733
11:20,20.431644691186676,29.622417031934877,24.343345416882443,21.215784215784215,67.11121157323689,18.44603288062902,28.81023102310231,17.54025541365908,37.57238851557727,29.195308516063232,15.251306945481703,28.56003708854891,35.290592783505154,44.15353805073431,37.404314159292035,24.504082743603703,64.1548619447779,27.240542244640604,29.255535055350553,20.0739837398374,82.89353099730458,19.901462663587374,36.81651376146789,33.045771578029644,16.199902959728288,35.761645193260655,19.225513905683194,48.19179304192685,39.505014749262536,31.84472049689441,38.67445185891325,13.266869609335362,19.82898696088265,53.01349267540478,38.94385964912281,56.95201323772752,28.960358659745165,33.55030443606842,6.653256704980843,22.864776951672862,34.685553854007146,28.3597972972973,36.226404494382024,22.412507171543314,26.059469941822883
11:40,19.584370677731673,31.13722267871816,22.276675603217157,20.08325074331021,65.87908208296558,14.595326606479023,26.823621227887617,17.06024774774775,36.21308411214953,27.890353189246177,14.486786671773267,26.760830324909747,33.668178872326635,42.269107257546565,36.282828282828284,23.52099447513812,67.36769759450172,25.43985079266397,28.67373572593801,18.926605504587155,82.04803788903924,17.249801113762928,34.23666210670314,31.559617058311574,14.960493827160494,33.6622418879056,18.655336911150865,47.144933920704844,37.3708408953418,31.40967365967366,37.46205250596659,12.448854961832062,18.491157150075797,51.55406954528085,37.48047229791099,55.85923118570655,28.33650642551166,32.717289719626166,5.761806981519507,21.179463459759482,34.96544715447155,27.57077885162024,35.07533482142857,20.975155279503106,25.09452736318408
12:00,19.36555479918312,31.50793650793651,23.11916264090177,21.44911937377691,66.98752228163993,16.349974266598043,27.704736842105262,17.692011019283747,37.59662288930581,28.664004259850905,14.832398054620278,27.75432999088423,33.574635922330096,43.19344262295082,36.47084952803998,25.128262076624097,64.88550548112059,27.600441501103752,28.30180399804973,20.0765503875969,83.44701086956522,19.39939713639789,35.168010752688176,32.75992939099735,15.746777163904236,35.441437007874015,19.138406231276214,48.43278977523138,38.23958961979481,30.32084043157297,38.091442542787284,13.221608040201005,19.217413704276147,52.814080124465185,38.930316742081445,56.77250673854447,29.451171875,32.912489379779096,6.053800592300099,21.734684477199448,36.01081916537867,28.286613272311214,36.073462414578586,20.94406392694064,25.814007267922037
12:20,20.627540983606558,27.65021591610117,20.640845070422536,21.03095684803002,62.090990187332736,13.218496293681609,23.603106588109267,18.710911136107985,37.44759036144578,32.61439010680157,16.691765578635014,26.69721842225262,34.84864546525324,48.065174456879525,39.21558872305141,28.870220786214325,53.95043103448276,27.602821975382767,32.52957135105806,21.092951991828397,71.75790067720091,23.975480450629554,33.53682260305697,28.335296782963297,14.681758815846756,34.66994106090373,21.802027429934405,47.32883642495784,28.197497279651795,33.926563396442916,39.14014598540146,13.164237123420797,21.648373983739837,48.921493902439025,34.57281553398058,51.179260893546605,31.46718903036239,31.362053959965188,4.836130306021718,24.031350852927616,33.36308926780341,30.154150197628457,34.992476851851855,17.766129032258064,23.824583866837386
12:40,19.217215870880967,27.265725288831835,20.188555858310625,19.870544090056285,62.84875444839858,12.823132780082988,24.35248518011856,17.645993413830954,37.30603705917513,30.87799315849487,15.79888888888889,25.399905347846662,34.24893227577791,46.57248322147651,35.81027027027027,27.557982319292773,64.39042357274401,26.77289156626506,30.636466591166478,21.035769828926906,73.15221137277426,22.71188811188811,32.8455684870188,29.018443544759336,13.80576631259484,32.68303220738413,20.835710211066743,47.67596566523605,30.92205638474295,33.81729106628242,38.49784997611084,12.452783300198806,19.88377968671046,50.18226977455101,35.53770197486535,52.97852422907489,29.4438877755511,31.308470656259033,4.46422893481717,22.49375866851595,32.50158562367865,29.24283305227656,34.83870967741935,17.618035611717403,22.571428571428573
13:00,19.386554621848738,28.257585139318884,22.819323144104803,19.79011099899092,65.84129846708747,16.230809128630707,28.038713195201744,16.584175084175083,36.80567290283645,28.769274376417233,13.875882571534746,26.337751371115175,32.13970588235294,43.41013824884793,31.38578947368421,25.127959413754226,57.92816091954023,25.81189358372457,27.940445365095805,18.681589958158995,81.41528662420382,18.997847919655666,35.175422974176314,33.10841205578048,14.885327991987982,34.724550898203596,18.75306479859895,48.81425389755011,38.3402466367713,29.006373117033604,37.021315192743764,11.70392749244713,18.279596977329973,51.71087928464978,38.203603603603604,58.239846322722286,28.220682830282037,32.88031680844823,6.0604133545310015,21.64816556914393,34.527062532842876,27.303370786516854,35.48542024013722,21.66512702078522,23.11502966381015
13:20,19.84759916492693,29.90308370044053,22.62263099219621,21.296370967741936,66.81323662737988,15.551891891891891,27.739604989604988,17.165926748057714,36.52885747938751,29.682884945621065,14.512258543833582,26.766899766899765,31.59744990892532,44.48084544253633,33.244324324324324,25.46670397313934,59.76996091568956,25.593190490167302,29.729611384783798,19.031449893390192,79.13089622641509,19.925642807505213,35.25983531564501,31.572702943800177,16.501201923076923,34.51111111111111,18.9689366786141,48.97489177489177,39.63301587301587,28.31123595505618,37.484200743494426,12.407575757575758,18.942684766214178,52.35630885122411,38.99121265377856,55.84856679286101,33.891206313416006,32.96928426543031,5.829417773237998,22.173953925716972,34.56539235412475,27.76605248464545,34.689204545454544,20.89637305699482,24.523887434554975
13:40,21.623762376237625,30.76140808344198,24.3781558726674,22.400805639476335,65.53422222222223,16.806191950464395,28.263264274886307,18.00653594771242,37.02857142857143,29.6967305524239,15.22434971098266,27.16941596076683,33.08157276995305,47.88079470198676,36.936409679234664,26.530045351473923,58.619431025228124,27.219119878603944,31.448681996634885,19.501412999596287,81.44791053560918,20.1974479516454,35.79402444545043,32.57035064358633,17.142684401451028,36.31938431938432,20.143526654950204,48.52677824267782,40.303549571603426,30.806598407281,38.805169937769264,13.42497430626927,19.5518444666002,53.443773584905664,39.68115942028985,57.7348938486663,28.000501002004007,34.24435318275154,6.654726952436876,23.015566037735848,35.73197969543147,29.156813627254508,35.2098623853211,21.478986758779506,26.1263879817113
14:00,19.745595489781536,29.066176470588236,23.167891464104013,21.977955911823646,65.20373665480427,15.225214899713468,26.76376737004632,18.479475484606613,36.96992019643953,30.38812785388128,15.238560950052392,27.92940083604273,32.90903755868545,48.827992151733156,36.7557551937114,27.220087815587267,59.27062146892656,27.324984912492457,29.850452368281,20.219524532119372,78.18572331017056,22.64152249134948,35.61886968706212,31.038305543037403,15.206142634044769,36.154168607359104,21.36137440758294,48.821245733788395,39.37952559300874,29.9909604519774,38.036079960994634,13.053299492385786,20.011184544992375,52.19616519174041,38.72868927589368,55.062327633756205,32.232470334412085,33.074368018812464,5.850157728706624,23.08251748251748,35.45822784810127,30.135166764189584,35.473832301631965,20.49597423510467,25.68517909957279
14:20,19.510729613733904,28.704869358669832,22.611327040533038,21.201438848920862,64.65075154730327,15.59322033898305,26.46031746031746,17.38053097345133,36.37224538415724,27.98267188373393,14.413035518125229,26.17984934086629,31.100059206631144,46.37829360100376,34.97396717600453,25.368303571428573,58.982929515418505,25.909362847741548,28.352119026149683,19.37966804979253,78.96058486967578,20.4645390070922,34.858314350797265,31.054690973766117,14.772374547335748,35.51343836886006,19.982738095238094,47.7331914893617,37.01085714285714,28.024203069657617,37.405314009661836,12.187216909914444,18.364415322580644,51.39431486880466,37.8047229791099,57.35929786066923,28.736625514403293,32.221277842907384,5.6198738170347005,22.393472348141433,34.6375,29.477101449275363,34.73462414578588,21.75503355704698,24.260547504025766
14:40,20.05289492494639,29.91275611368143,24.166853303471445,22.569979716024342,65.9022687609075,17.23495883470551,29.726587728740583,18.12684869169511,38.37324373854612,28.685052399338115,14.990073529411765,26.716805487506125,32.366240097501525,46.36511919698871,33.456473214285715,25.52391799544419,56.64870689655172,26.601101254206178,29.353914002205073,19.657605854678515,75.89493670886075,20.787373004354137,35.78707052441229,32.711711711711715,17.238770685579198,35.65510948905109,19.68822843822844,48.20471777590564,40.19802555168409,35.77355460385439,37.48940364711681,12.940763052208835,18.111382510991696,53.257809559653744,40.336,59.553811659192824,28.982426303854876,33.36666666666667,7.058492688413948,22.203771849126035,36.18121125417263,28.719022687609076,35.81253529079616,22.37351443123939,24.874057067891112
15:00,19.042613636363637,31.304255319148936,22.899098083427283,20.774,65.96394019349164,15.93469387755102,27.79955703211517,16.856260527793374,36.24937965260546,26.75081788440567,14.15727002967359,25.788252714708786,31.2905325443787,47.456902138690864,33.69971671388102,24.293015332197616,58.074178935447335,25.61771844660194,28.87752808988764,18.576961770623743,78.63092269326684,18.722838137472284,35.21955636034405,32.29564032697548,16.105569409808812,36.44894204231831,20.235398230088496,47.47679324894515,43.644078530715646,26.096918767507002,36.01787487586892,11.782608695652174,18.1445,52.68279970215934,39.16326530612245,57.28161236885698,30.421232876712327,32.14575374669409,5.910352187833511,21.76795580110497,34.28685657171415,27.92831541218638,34.715616438356165,21.70475113122172,22.95037791652974
15:20,18.733142037302727,28.767949454336588,23.36964980544747,20.825688073394495,64.19863597612958,16.1773002014775,28.647894736842105,16.751651982378856,35.65230961298377,27.588524590163935,14.06819866567828,26.28252427184466,31.62267546490702,45.35140186915888,34.0774046670461,24.13246162592382,57.51466359976998,26.290030211480364,28.412280701754387,18.304347826086957,74.25534759358288,19.45409604519774,35.408246488445855,32.89378120744439,16.75101543460601,37.12071463061323,19.46697837521917,44.47102294826916,41.536822884966526,26.2347972972973,35.8360814742968,11.523686920700309,18.223053892215567,52.821387940841866,40.02026431718062,57.517529215358934,27.770168311085317,32.63731170336037,6.264326277749096,22.18131359851989,34.56304236855539,28.419260129183794,34.41733120680489,20.901592718998863,21.883866225652334
15:40,19.303867403314918,30.918390804597703,23.293857221914777,21.22142857142857,65.46247818499127,16.07234617985125,28.402969790066564,17.334455667789,36.15413533834587,28.453260869565216,14.429049034175334,27.465204957102003,33.117752540346686,45.836645962732916,34.94453973699257,24.71820303383897,59.96867881548975,26.16786786786787,27.55801354401806,19.254415274463007,79.96232242124768,19.732244318181817,35.3337899543379,32.74220837043633,15.344036697247706,37.457814661134165,19.40459363957597,47.08001658374793,42.57160963244613,27.701136363636362,36.09051724137931,12.060918946824987,18.27589641434263,52.49393605292172,40.13109243697479,58.35202665186008,28.559152442613303,33.037496309418366,6.127161749745676,21.952770208901,35.869695456814775,28.696233292831106,34.50197851893725,21.424276800907545,24.03168779186124
16:00,18.256480218281038,29.107865168539327,22.303064066852368,21.554994954591322,64.40580985915493,14.397826086956522,26.47721705046546,17.712382009994446,35.199120603015075,30.033925686591274,14.36898593634345,26.685414680648236,34.1198296836983,47.33081285444234,37.09729418537709,25.491652274035694,45.79989384288747,26.81605544325729,29.428343949044585,19.292061907139292,76.06584615384615,21.959326788218792,33.60193281178095,30.525544202576633,16.07171000788022,36.59655831739962,20.017241379310345,47.52559300873908,37.052234474753334,27.721099887766556,36.05296714075527,11.953476482617587,18.818090452261306,51.3788270011066,38.08139534883721,54.97326786688489,29.850202429149796,31.876927639383155,5.526680896478122,22.448244414044687,34.831265508684865,29.59744214372716,33.66760404949381,20.29530201342282,23.63127035830619
16:20,18.378595317725754,30.195716395864107,21.811751283513978,22.16497975708502,65.17137648131268,14.18249075215783,25.458022851465476,18.34678704195433,36.51821608040201,30.811238406983087,15.338541666666666,25.861985472154963,33.83438035408338,48.435929648241206,38.67256637168141,27.70342426001161,62.95646988670244,27.865558471857685,29.483769161406673,20.479281078382428,72.21288343558282,22.713375796178344,32.89476102941177,29.943686757589088,14.845921450151057,36.74704491725768,21.803850782190132,47.90059221658206,34.664481525625746,28.790595954073265,36.77826725403818,12.570289132602193,19.89471007121058,51.24290099769762,37.728405315614616,53.98342541436464,29.872941176470587,32.5223749634396,5.265895953757226,24.094139363174897,33.79074550128535,29.51024811218986,34.01605504587156,20.24304783092325,23.516672280229034
16:40,18.877251501000668,30.30925507900677,21.355912743972446,22.62374245472837,63.92245989304813,13.85679758308157,25.170814479638008,18.406316916488223,36.835451080050824,30.404671374253123,15.567527675276752,25.11791269443051,33.489851892484914,49.50479233226837,39.08668903803132,27.953394706559262,55.47564935064935,28.164423639555295,29.76818798011749,20.527226463104327,73.56361401352181,18.712565838976673,31.812728937728938,29.16464471403813,14.212678936605316,37.11789572569281,22.135040745052386,47.88222967309304,34.591909577632364,29.987709497206705,37.113974231912785,12.737185929648241,19.65790778383738,50.87588785046729,37.638888888888886,54.32644178454842,31.309183673469388,31.90076112412178,5.430291508238276,24.01276595744681,33.43909626719057,31.258858858858858,34.135287485907554,18.61343547436653,24.48597822500825
17:00,18.8496644295302,31.389543446244478,22.711495535714285,23.12185297079557,66.22715173025732,15.114457831325302,26.893725268513283,18.966946778711485,36.021013597033374,29.303096143400325,15.536702323865732,26.57157157157157,33.00858829844337,48.05181347150259,37.62911321807027,28.058056872037916,54.57055555555556,28.378996773247287,29.751481988144096,19.629610115911486,73.99690210656753,19.6046511627907,33.26425591098748,30.894273127753305,16.316108195397657,38.76269577598481,21.741599073001158,49.2348769294952,37.12794033275961,29.410607866507746,36.698492462311556,12.51044776119403,19.815092453773115,52.05524657026326,39.745991561181434,57.30314743235781,30.354820308043355,33.10196885101381,6.211222869242985,23.67148182665424,35.26237623762376,29.92745835572273,35.185904550499444,20.470522178551377,23.73381531383503
17:20,17.876458476321208,30.595221363316934,22.501978518937253,22.367875647668395,66.30068728522336,14.845642540620384,27.25013276686139,17.7380550871276,34.9968394437421,27.390667390124797,13.940870211974712,25.864891041162227,31.234124792932082,45.572158365261814,35.17699609156895,26.175336060783167,50.57061503416856,25.926801481059528,27.56798866855524,17.80064308681672,77.32207629768605,18.15496183206107,33.395033860045146,30.099110546378654,15.156598513011152,38.28193218764515,19.513058618688333,46.30315969257045,40.20511259890444,30.353432835820897,35.955533596837945,12.330996494742113,18.397715988083416,52.5964447806354,40.04977375565611,56.841034103410344,27.523261169967757,32.959883720930236,5.851633636850562,21.74046511627907,34.50760176557136,28.11959957850369,33.593967517401396,21.319218241042346,23.610578512396692
17:40,17.176511466296038,30.596723377441712,21.96468609865471,21.85523613963039,66.10135746606335,15.053342816500711,26.041057367829023,17.238486842105264,36.657760814249365,27.369553226696084,14.149484536082474,25.905687894992706,31.58288190682557,47.420195439739416,34.541073384446875,25.82758620689655,66.0032154340836,27.850667494566906,28.45598086124402,17.670833333333334,73.80942184154176,17.805981595092025,33.3749434644957,30.958168207837957,14.206275720164609,38.523346303501945,19.56996002284409,45.96117747440273,38.51728110599078,28.608520437535983,36.1577658010779,11.56936847339632,18.002476473501734,51.86078356789654,39.62654867256637,56.64702643171806,27.02492522432702,32.40837696335078,5.620823244552058,21.969259431765252,34.18841309823678,28.447337962962962,34.663271080928126,21.504652435686918,22.931923331130204
18:00,17.93429158110883,30.379867744305656,22.531926406926406,22.160040774719675,65.99661590524535,14.97501784439686,26.43058568329718,17.8014301430143,36.55440414507772,28.042223409941208,14.457817772778403,25.95712243925679,33.98784018529241,46.71798188874515,35.92121553179516,27.41053227633069,67.90903010033445,27.35641791044776,28.352811950790862,18.661083743842365,77.1726618705036,19.792998477929984,33.26704014939309,30.05421686746988,14.946634615384616,39.24827245804541,19.71974885844749,47.46795952782462,36.34460641399417,33.1209726443769,35.73340091231627,12.147000983284169,19.117882117882118,52.769499417927825,39.855184233076265,56.02847754654984,28.234917733089578,33.12914384548861,5.8749354005167955,22.960038058991437,35.13418217433888,29.827036599763872,34.02469813391877,21.167832167832167,24.423695438135873
18:20,18.197860962566846,29.928317955997162,20.45892661555312,22.84871550903901,62.772878535773714,12.845956354300386,22.766756032171582,19.721695482431677,36.691629955947135,30.77056277056277,16.537742899850524,25.73448275862069,36.5876585928489,50.09096858638743,39.42911051212938,30.425385934819897,55.26315789473684,29.827204783258594,31.491833030852995,21.35463917525773,70.2,22.263663220088628,30.657833565783356,27.855040142729706,14.846797823357052,37.95971802618328,23.04082774049217,47.438425730004234,29.944191343963553,35.24565469293163,37.50907307503678,13.20780487804878,21.25551102204409,50.000766871165645,36.764102564102565,52.37178786221979,31.25090345895715,31.221932114882506,4.89540964555491,24.028084714548804,32.934108527131784,31.45459871118922,33.077292110874204,18.558887677208286,23.95214683710259
18:40,17.704646721833228,29.70915750915751,20.12959912136189,22.809568480300186,63.05673758865248,11.865357643758765,21.78595132743363,19.483816964285715,36.574062692071294,29.984349703184026,15.470056497175142,26.43831314490803,35.673851389676685,50.91580310880829,38.248511099079586,29.84611141753999,49.71155885471898,29.060918187168923,31.332286995515695,20.18717948717949,68.56644144144144,19.492503748125937,29.977070659803463,27.22179322179322,13.516079632465544,38.03448275862069,22.35781336278299,48.15,30.006242905788877,35.03301081388731,37.86030150753769,13.535079051383399,20.679049034175335,50.21714922048998,35.27127659574468,51.61004915346805,31.986406619385342,31.53292718305773,4.5613305613305615,24.126383763837637,33.24059787849566,31.955607476635514,33.039603960396036,18.06208425720621,24.230215827338128
19:00,19.137483787289234,30.308238636363637,20.234065934065935,22.858076563958917,62.1475,11.765594221930401,22.663522012578618,19.579933847850054,36.0,30.615711252653927,16.187310030395135,24.875675675675677,38.419099756691,50.31402831402831,37.97225305216426,29.545208446128857,57.62212720470337,29.26343768458358,33.92400881057269,20.1616,69.74855824682814,20.426111908177905,30.472558139534883,28.02774049217002,14.163869693978283,38.09384164222874,22.92097941012799,47.4395072591289,31.84450867052023,35.508782201405154,38.11907020872865,13.425417075564278,20.729135432283858,51.0167903162827,36.37234042553192,51.33708497467642,31.836141778036026,31.22225392296719,4.668399168399168,24.306981044845124,33.56161137440758,30.37289029535865,33.57150776053215,18.046498599439776,23.249668435013263
19:20,16.542230818826564,28.21814092953523,18.775599128540303,22.392249527410208,60.52815013404826,10.4430225472273,21.597368421052632,19.35514018691589,34.34386852085967,29.28143392188336,15.317297098788101,24.262668045501552,36.100511073253834,49.47936085219707,34.80464625131996,29.462314225053078,55.8559510567297,27.914277268696424,31.49550977284733,18.21670305676856,69.54591836734694,17.535614525139664,29.486830154405087,26.034755829300483,12.398225726959094,36.65409990574929,20.846765039727583,46.376500857632934,29.535203205495133,34.46077283372365,36.65631067961165,12.547424169475205,19.502748625687158,48.48239845261122,33.81628959276018,50.025697102241665,30.710479573712256,30.06987270155587,3.8739930955120827,22.499089253187613,31.605288932419196,30.41393442622951,30.7265836491608,16.791028446389497,21.599933155080215
19:40,17.710327455919394,29.316023738872403,20.18191902384914,22.54881516587678,62.75660377358491,11.351057401812689,21.91945945945946,20.066481994459835,34.37427652733119,30.34665965281431,16.38533834586466,24.95411938825851,35.38384401114206,49.7985564304462,35.02724358974359,31.473107049608355,60.166310160427805,29.267992978349913,31.405824330671678,20.103283898305083,71.25427594070696,18.73463687150838,31.29720930232558,26.77220756376429,14.353245718837117,36.54937965260546,21.702793296089386,46.735050597976084,30.5126993502658,35.08029612756264,37.20457604306864,13.005845104724793,20.3885,50.39515488482923,34.22595281306715,51.13010752688172,30.866095340117838,30.432960091874822,4.269850402761795,23.46503178928247,33.10470941883767,31.135972461273667,31.338469713071202,17.618787547788095,24.389841688654354
20:00,17.241032095657648,29.27522306108442,20.76697956929873,22.68042226487524,62.81458145814582,11.389002036659878,22.364824120603014,20.282632743362832,34.87753807106599,30.599244875943906,16.70294784580499,25.941809290953547,35.57257142857143,49.7828947368421,36.09665226781858,29.051612903225806,53.81837837837838,29.203186053501653,31.51760889712697,20.073568050446664,71.08933405522468,19.513767629281396,29.73202614379085,26.886711281070745,14.806567881457749,38.49076773566569,22.481005885500267,46.136384231989126,29.95819581958196,35.56693830034924,37.168770453482935,13.666008880118401,21.409476309226932,51.46446078431372,35.552158273381295,52.12306843267108,31.91205380237972,30.746145059965734,4.891254315304948,23.814542107685227,32.91943359375,30.947692307692307,32.57026587086273,17.642413987591652,23.815173796791445
20:20,18.9,30.125168236877524,21.155675675675674,23.546934865900383,65.4830119375574,12.373461012311902,23.783740701381507,20.743063263041066,34.30774321641297,30.894086021505377,17.508079669297256,26.419019316493312,38.05844155844156,50.72384105960265,38.23897659227001,30.496236559139785,60.28174386920981,30.96919726197884,32.693069306930695,21.362204724409448,70.54364640883978,21.237942122186496,31.48989898989899,27.729094076655052,14.744749596122778,38.98922524371473,23.379310344827587,46.32927379341452,29.94296577946768,35.618826263800116,38.186025408348456,14.392891450528339,21.71542288557214,51.74761311747613,35.56210335448776,52.67650214592275,34.010650887573966,31.604677373908142,5.137807070101857,24.25768535262206,33.559114460668866,33.37313432835821,33.95356738391846,18.96078431372549,24.592973152137887
20:40,17.084298584298583,29.832234432234433,21.7253829321663,22.385786802030456,66.70936395759718,13.07016348773842,24.523003701745107,19.263128176171655,33.94345825115056,28.723916532905296,15.671508379888268,25.928280773143438,36.620811287477956,48.224734042553195,32.55597620335316,26.929168990518683,61.00931506849315,28.706697459584294,31.801149425287356,18.74418604651163,75.05717488789237,17.8125,31.35299497027892,28.559513466550825,14.88559670781893,37.561671763506624,20.25813692480359,44.264150943396224,32.598691384950925,30.987134502923976,36.30863614912695,12.57876712328767,19.143356643356643,52.611317637339944,37.27549194991055,55.64440734557596,29.563870352716872,32.33380480905233,5.443735498839907,22.6878453038674,32.66818181818182,29.751118568232663,32.70339425587467,20.512105263157896,23.717666666666666
21:00,16.599609375,29.661776061776063,22.217772901810203,22.14240506329114,67.35632183908046,14.097184986595174,26.33530042918455,18.378439079169006,34.847979474021805,27.741163675910823,14.954460619634192,26.410321921308125,36.21697549312612,45.76992287917738,30.793293018141835,25.40649496080627,57.62341247929321,27.68310502283105,30.32098092643052,18.2747723620782,78.96954022988506,15.661527165932453,32.80789102865195,29.83892321270962,13.208499335989377,37.95408678102926,18.507988980716252,44.78981481481482,38.553281155930165,30.421856639247945,35.26393223361569,12.284491440080563,18.734106962663976,53.01573215006051,38.56813996316759,57.890530925013685,29.863186813186815,33.04133409350057,5.401740020470829,21.612001832340816,34.34984833164813,28.703684749232345,33.14491209376665,21.851098018211033,23.79932998324958
21:20,16.457755359394703,27.97688292319165,20.92220421393841,23.133543638275498,65.95213675213675,12.819452887537993,25.317358892438765,19.88342857142857,33.06188281764319,29.22866703848299,16.586505842442516,26.260891850333163,38.089851325145446,47.21851851851852,32.66594005449591,26.207231516459796,56.617310832879696,27.889557628648813,31.180120812740252,18.874934589220302,73.94582642343836,15.415123456790123,31.449905482041586,29.049905838041433,13.952847805788982,37.9449772841999,20.459043430456294,47.26829268292683,33.104,31.43402777777778,36.56189151599444,13.059280855199223,20.25423728813559,52.30992736077482,38.29639175257732,55.18074233458849,30.672634271099746,31.464057971014494,5.2118772018117765,22.503911642890014,33.30257406508014,30.63834808259587,33.414450867052025,20.020833333333332,23.373720699900957
21:40,17.19356872635561,30.068337129840547,22.363636363636363,22.82758620689655,65.60416666666667,13.369140625,25.026947861745754,20.164699269252388,34.519715578539106,31.29732802728823,16.916316392816203,27.986259541984733,36.20940649496081,49.21559923906151,34.209252286175364,26.295766904892798,62.22045951859956,30.291736366677817,31.00043859649123,20.00924499229584,75.89184597961494,18.34490740740741,31.88386194029851,29.162597881160757,15.091377091377092,38.50025654181631,21.30891197375615,46.77538883806039,32.19263456090651,32.991944764096665,37.211664152840626,13.92529296875,21.172890025575448,53.73011948908117,38.53110910730388,55.419129500268674,30.463858305409286,33.129152348224515,5.6197468354430375,23.8579185520362,34.73736868434217,31.642563198118754,27.635961383748995,20.999455634186173,26.266872216512503
22:00,15.90347003154574,29.120922384701913,22.04215456674473,22.006048387096776,64.80940170940171,14.101585014409222,25.19406528189911,18.194612424409016,34.315230961298376,29.59037558685446,15.186383928571429,27.011446409989595,32.96,45.942622950819676,31.189100817438693,25.36027469624934,56.60437158469945,27.321875,31.227014755959136,18.040081177067478,75.27376209447922,18.981970379909853,30.49817850637523,29.186094069529652,14.097147950089127,39.20565942395149,19.526975476839237,45.18512035010941,34.274738067520374,32.97337278106509,36.64249748237663,12.716520039100685,19.667524446731857,52.83471074380165,38.62244897959184,56.48362445414847,29.794074074074075,31.839509692132268,5.26713532513181,22.17751479289941,33.78207033184745,30.086505190311417,32.713615023474176,21.08100999473961,24.25554063129617
22:20,17.957940991839298,29.717525773195877,22.22165820642978,24.26217616580311,64.96929460580913,14.169318905155952,25.61626637554585,19.785471055618615,34.027227722772274,31.227042253521127,16.021356313225926,26.55,34.958471760797345,49.19961734693877,34.27175654030967,26.746770025839794,57.90381331815595,29.58048780487805,30.721774193548388,19.50080171031534,69.8364844149208,19.72282958199357,31.048225659690626,29.698533131006574,14.891089108910892,39.59781477627472,21.061810154525386,45.88022028453419,33.075630252100844,34.303497332542975,38.88994497248624,13.936066373840898,21.218604651162792,53.01750101750102,37.82632541133455,56.62337662337662,32.250790781744236,32.84027381631489,5.656266525647806,23.79448275862069,34.671414538310415,30.945550351288055,33.83014746040415,21.222641509433963,23.741765480895914
22:40,16.455124124761298,27.495958853783982,20.6189111747851,22.387031408308005,62.517352703793385,12.54308617234469,24.68536969061353,18.205638474295192,33.7546699875467,32.058757062146896,15.083749519784863,25.417404898384575,33.11134676564157,46.94496021220159,34.228959749085206,27.653578528827037,59.115669515669516,28.11991199119912,30.19338768115942,18.573045822102426,69.21533923303835,18.64213197969543,29.14500442086649,27.574457344775364,13.71063829787234,37.493519958527735,19.273467173087358,44.37429906542056,33.36623667975322,32.50639534883721,36.48228255867464,13.273562107298211,20.620636550308006,51.77177053239785,37.03542958370239,55.65139116202946,30.5670576236614,31.471076746849942,5.117333333333334,21.969160997732427,32.79661016949152,30.751027598355844,32.456496519721576,19.86849168008588,24.05078636959371
23:00,16.977936404931864,29.688790560471976,22.44758735440932,22.806618407445708,66.29853321829162,14.267441860465116,26.295493439817456,17.769703745109,33.709180529882936,30.350225225225227,15.468773234200743,26.816640169581348,33.33099352051836,47.054417413572345,32.91146116241173,24.17650076962545,62.407534246575345,27.290843806104128,29.951552210724365,18.61223404255319,75.00534188034187,17.041374920432844,30.639946260635917,30.190035952747817,14.114066496163684,38.12028910686629,18.841322314049588,43.66575591985428,35.58512396694215,32.74227405247814,36.42394366197183,12.839086047642198,19.913066111400312,52.136345136345135,38.44386422976501,57.938606194690266,32.023295454545455,32.34360986547085,5.893518518518518,22.223234624145785,34.03050847457627,30.14719904648391,33.17859187178019,20.23127392017496,25.867241951543313
23:20,16.291298865069358,29.698611111111113,20.83304940374787,22.200206398348815,62.39253852392539,11.949141347424042,23.89622641509434,19.457927876359474,33.934691431995205,32.024732996065204,16.01444317749905,25.441640378548897,35.18911637931034,49.24952501583281,35.388392857142854,24.408153241650293,56.55089485458613,28.312555654496883,31.90296631473102,19.048238482384825,69.27245949926362,17.053450608930987,27.71953327571305,27.739979445015415,13.17910447761194,39.37194805194805,20.638354700854702,43.87494010541447,30.01307901907357,34.57443082311734,37.89832231825115,13.808929428708593,21.245801526717557,50.10943242139649,34.37931034482759,53.31452054794521,33.05369928400955,31.747608328643782,4.4215885947046845,23.53169828782971,31.980558325024926,31.871886120996443,32.63699421965318,18.722878625134264,24.23472128945601
23:40,18.468729851708574,30.1083640189374,22.07882882882883,23.078252032520325,63.670967741935485,12.9404309252218,24.42102564102564,19.984018264840184,34.54042288557214,34.099599313108186,17.461950286806882,27.104370179948585,35.91692789968652,50.09280303030303,36.80929227444624,28.46123842028279,58.448775055679285,29.361432803662808,34.57338663620788,20.040827436037016,70.16658452439626,18.85592105263158,30.04390243902439,29.025063938618924,15.05352798053528,38.67718191377497,21.66864864864865,45.21161048689139,33.44614479105356,33.90208574739282,39.93354868481772,14.162487945998071,22.476678626345464,51.19578686493185,37.505366726296955,55.531284302963776,35.5303776683087,33.02617354196302,5.24784154393093,24.047356321839082,33.034,32.18800931315483,33.07361268403171,19.0456570155902,25.769993390614673
24:00,17.155128205128204,29.77111111111111,20.618967452300787,22.978744939271255,62.97748123436197,12.035122597746852,23.411008230452676,18.9402390438247,35.1250758955677,32.284097677188804,16.230622374952272,24.540810953133228,34.82999458581484,50.070926517571884,36.71806167400881,28.02160345655305,58.56553262688232,29.15891959798995,34.23740590619572,19.49431510557661,69.02759980285855,20.72811059907834,29.145648312611012,26.41650390625,13.139841688654354,38.40744625065548,21.12318450779989,45.107226107226104,30.979084228377616,36.116320474777446,38.17734657039711,13.378163771712158,21.72270630445925,50.19683728672493,34.84117125110914,52.330065359477125,33.234012316437706,31.276338028169015,4.869897959183674,24.043819188191883,33.0215897939156,30.885488126649076,31.524826789838336,17.99383062254627,24.685073627844712
24:20,16.922779922779924,28.599254922831292,21.97443023902168,22.090526315789475,63.42028985507246,12.870786516853933,24.899793388429753,18.713286713286713,33.14506172839506,31.252222222222223,15.234123947972456,26.08934881373044,35.17987633501967,46.013215859030836,33.51654910472057,25.394723490613902,47.707608695652176,27.413055872291903,31.517039403620874,18.697361335487344,74.39772727272727,19.691244239631338,28.246246246246248,28.563076923076924,13.36983360171766,39.01348547717842,19.163466812945693,44.57478833490122,32.71436716077537,32.64838337182448,37.1289728235836,13.33033033033033,20.849897540983605,50.95352697095436,36.94117647058823,55.537506745817595,33.60876712328767,31.742622020431327,5.325224748810153,22.82995038340099,33.14952806756085,30.064591896652967,32.104401805869074,19.965250965250966,23.888121092464626
24:40,17.35595475715236,28.74972796517954,23.061270376616076,22.362459546925567,65.16061339790153,15.248389405869721,27.72553191489362,18.132033426183845,35.02303603071471,30.392236384704518,15.424647081266691,26.700463201235202,35.584242424242426,45.18982630272953,33.33821046707935,23.3658286300667,39.99035250463822,27.583499857265203,30.86445147679325,18.733438485804417,75.19634703196347,18.076731129132877,29.594582975064487,29.807199211045365,15.304736842105264,38.90734989648033,18.346994535519126,45.34963099630996,39.99319306930693,30.552723059096177,37.1139896373057,13.049823855057877,20.697375193000514,52.056326530612246,40.41840277777778,58.202052944354406,36.63441396508728,33.28417470221214,6.09241452991453,22.54371097234612,33.89343434343434,30.31299572910311,29.34193299961494,21.967546754675467,23.038050734312417
25:00,17.08815789473684,28.703075957313246,22.336469286109573,21.662105263157894,66.63934426229508,14.406608226567768,26.175884955752213,17.50173210161663,33.08378541289934,27.96261127596439,13.89696734059098,25.037886872998932,35.15816655907037,42.04851425106125,31.596186203028605,23.893300248138956,44.78430353430353,25.88718592964824,29.34669442998438,17.57619291944587,73.23682616596003,14.766089965397924,28.63237847222222,29.518924302788843,13.555303460011345,39.170245398773005,17.28408473655622,44.41258094357077,38.01781170483461,30.813199764289923,35.65750337990086,12.27878787878788,19.72787723785166,50.952837729816146,38.23767605633803,56.721919302071974,37.58533007334963,32.044991511035654,5.461500493583416,21.790998217468804,33.486391129032256,29.771222155328115,31.155328115593015,20.340531561461795,23.396220159151195
25:20,17.277078085642316,29.416541353383458,20.46344271732873,23.020366598778004,63.10831234256927,11.280403276622557,22.009703504043127,19.50546290971823,36.6625,31.946039035591273,15.378943217665615,25.089893617021275,35.856532356532355,46.20146074254413,37.119020501138955,30.40038040893961,60.39350577875619,27.75785528970885,34.04750869061414,19.977997799779978,69.57546145494028,19.582183186951067,26.547712418300655,26.558808682483594,12.974452554744525,37.84265551489806,20.76644370122631,46.740949694405266,24.989735278227986,35.60293255131965,37.31269627635711,13.58304583538689,21.841915550978374,49.45587044534413,34.271758436944936,52.253130103429505,33.61153846153846,30.31756950415592,4.602686066032456,24.04314606741573,32.11268317331986,31.90835579514825,32.57717717717718,17.228571428571428,24.20719520319787
25:40,17.116623711340207,28.604556074766354,23.24259681093394,22.62526766595289,69.69885864793679,14.836672738312082,27.008830022075056,18.113661814109744,33.99708794408853,28.408741878322505,14.413442751074639,27.3856,34.861075544174135,41.989208633093526,33.35778275475924,25.170669391926417,42.48087431693989,26.75050244042492,29.06479275845641,18.134414225941423,76.00056593095643,17.3629392971246,29.436656508489335,29.810182896688087,15.438032532920216,39.16829644879053,18.906196702671973,45.1191928671985,39.16182572614108,31.648506151142357,36.41884122069881,12.953937592867756,20.34349173553719,53.242203321182664,40.181102362204726,58.01700493691717,31.446373217606943,33.173851389676685,6.2287234042553195,22.904783191774698,34.37717987045341,29.99247311827957,33.217550274223036,21.43884892086331,23.47827529021559
26:00,17.67435728411338,30.014864864864865,20.531891292290627,22.00624349635796,66.58275261324042,12.402579769178548,25.30730730730731,18.72706155632985,34.324955116696586,27.266862170087975,14.86342412451362,27.63622210690192,35.841537424140256,41.91206179441473,33.57622454595487,24.722962173681406,57.97451868629672,27.249857061177817,29.21483146067416,18.59877800407332,72.55970515970516,18.038391224862888,29.076077396657872,27.769833496571987,13.696704428424304,37.67240479916536,19.41944601469757,46.58433179723502,33.69143505388542,34.89775413711584,36.96617050067659,12.869955156950672,20.5973630831643,50.16543816543817,37.25295723384895,55.83578832515003,32.65076999503229,31.899687411196364,5.212307692307692,23.13238007380074,32.63032454361055,30.98346601347214,31.852657004830917,19.776258205689278,23.11470006591958
26:20,18.206151832460733,30.70463428252373,23.33784545967287,23.37081081081081,70.10151380231522,14.810204081632653,27.830004870920604,18.672696438665913,34.979468599033815,26.265281173594133,14.351139041633935,29.15348101265823,35.107889413351316,41.79038224414303,31.307027027027026,24.238829787234042,63.20479178551055,26.798099762470308,29.426106194690266,19.040721649484535,74.22521994134897,19.409718056388723,30.850877192982455,29.915577889447235,14.946298227320126,37.61379310344827,19.76320371445154,46.726146788990825,41.11903246339911,33.96508728179551,36.95212285456188,13.154887218045113,20.405864197530864,51.752503003604325,37.60257589696412,57.61239035087719,30.91778697001034,32.81204958201211,6.290147783251231,22.934655250112662,33.488526262111165,30.529347229840923,33.38974970202622,21.47563676633444,25.163576158940398
26:40,16.74214659685864,29.539521392313272,19.99450247388675,21.858823529411765,68.66886171213547,13.60296191819464,25.231898734177214,17.82603752131893,34.30006049606776,27.044837758112095,14.133876600698487,29.369345396487493,32.40425531914894,42.00371287128713,31.645249862712795,24.080636604774536,47.41513633834168,25.7192429022082,29.837642192347467,18.2253807106599,67.16899224806201,17.52142426071213,28.97598627787307,28.063677130044844,13.390425531914893,36.04507337526206,18.293682413204326,45.682284694332886,35.805424528301884,30.491725768321512,35.37855477855478,12.527860696517413,19.581967213114755,50.36943441636583,35.09238095238095,55.5200880572372,33.824521422060165,31.793637145313845,5.161241098677518,23.21723189734189,32.91166077738516,31.01137724550898,32.50830769230769,20.113648722131593,22.911118508655125
27:00,17.45484949832776,29.851775956284154,21.954211418880725,21.913282107574094,67.38883968113375,13.217361111111112,26.55014605647517,17.141402714932127,31.83161720169594,25.586980920314254,14.452631578947368,27.937145801133436,31.78112786152987,42.87274984481689,31.283342556723852,23.285202252944188,64.16207759699624,26.7324643078833,28.64750110570544,18.005213764337853,72.63919532770927,16.547842401500937,30.437810945273633,28.823043266893535,14.227226720647772,35.6584280771132,19.72897196261682,45.25280373831776,39.088010204081634,32.70281605751947,36.04057709648332,12.643603782976605,20.00204708290686,51.02426984779926,37.442533936651586,56.71954520844613,32.3984375,32.3121091529278,5.263236763236764,23.495095749649696,33.78928751894897,29.30736392742796,32.02320185614849,19.748773841961853,23.74087713424841
27:20,16.65595716198126,28.639787798408488,23.440579710144927,21.447280799112097,71.24976613657624,15.807295251204405,28.615421227986673,16.146820809248556,33.057194461167974,23.70035460992908,13.322954091816367,28.382854100106496,29.518416712479386,40.954900781719786,28.158616904500548,21.763874345549738,66.8531425015557,25.1441647597254,26.558849557522123,16.538944066910613,74.57985257985258,17.621456364647027,30.769063180827885,29.485469271081467,15.212873206669252,36.24234561494551,17.051461988304094,43.782996712071395,43.20073664825046,30.335748792270532,34.461261261261264,11.164634146341463,18.409504550050556,51.47848813831926,38.38483146067416,60.2192933258553,27.65461029037188,32.80940170940171,5.805220883534137,21.207749766573297,34.19868885526979,28.751951951951952,32.57041838538598,21.030403537866224,23.91180461329715
27:40,18.257386736703875,30.003654970760234,22.1983286908078,22.252972972972973,68.78383458646617,13.793793103448277,27.623976889744824,17.96527777777778,33.9578239608802,26.005090497737555,14.85856971634039,28.34416622269579,32.45509977827051,44.148193508879366,32.21049661399549,24.715404699738905,63.84747925973197,27.26876362503893,28.190622261174408,18.53921568627451,72.21362799263352,18.01866345574955,30.458028411536805,28.982021379980562,14.04801239029427,35.689800210304945,19.49142857142857,46.00821542674578,39.96041412911084,33.73325138291334,36.17966573816156,13.16776482513938,20.39754726622381,50.73806609547124,36.15215311004785,57.495831017231794,38.274946466809425,32.9188181296615,5.806806806806807,24.362037037037037,34.02889885401096,30.340855106888363,33.543202416918426,19.922379603399435,23.585088599130724
28:00,18.02355187778485,28.809454545454546,22.824449594438008,22.76049943246311,65.1694290976059,12.862626262626263,24.5885,19.379608294930875,35.16094822208359,27.173785839672323,15.779189833200952,27.721259842519686,34.89087759815242,45.96737766624843,35.799554565701555,25.833508956796628,62.27097576134245,28.11170379667399,29.744271310724105,20.087182148417227,69.15336658354114,19.243023255813952,29.40642398286938,27.086785009861934,14.0702924576706,34.78992443324937,20.819318181818183,48.128322639780016,32.790055248618785,36.67169583584792,37.032272727272726,14.317997977755308,22.007625826131164,51.439601494396015,36.593548387096774,55.83,34.15782983970407,32.43836389280677,5.470708099847172,25.17385383567862,33.89491859891465,31.38370210469509,34.390243902439025,19.2337807606264,23.226740403383214
28:20,18.45046153846154,30.537634408602152,22.85981308411215,22.901766004415013,66.94721407624634,13.847035040431267,25.792545365375183,18.92207053469852,35.457544288332315,26.997764114030183,15.887755102040817,27.555951169888097,33.86631944444444,46.31549471064095,36.32809871003926,25.9603547209181,64.70457354758962,28.703870967741935,29.91382405745063,20.759460860549506,69.99817518248175,19.49232585596222,28.795866722901728,27.498073217726397,13.780729166666667,35.91372549019608,20.947427293064877,47.262417994376754,34.45301069217783,35.45411203814064,36.71849865951743,13.389915127309036,21.860122075279754,52.07073954983923,37.200726612170754,57.01730876605249,35.99543378995434,32.44031141868512,5.436302681992337,24.662100456621005,33.25725725725726,31.820995145631066,34.4922600619195,19.181263858093125,22.82814037389308
28:40,18.48421052631579,30.857142857142858,24.00113442994895,22.537346711259755,70.17114427860696,15.884720327421554,27.902859960552266,17.685714285714287,35.67254408060453,25.746323529411764,14.550372402979225,27.92604006163328,32.660581859669136,42.674317617866,31.24889135254989,23.707596253902185,64.073125,27.759453447727996,27.430949167791272,18.8840885142255,70.82673588578845,18.336368810472397,31.08703071672355,29.846003898635477,15.406135531135531,35.32728189611699,18.536405005688284,46.142597638510445,42.10183066361556,32.27736777367774,35.467146714671465,12.930875576036867,19.5345,52.1649441918148,39.14423076923077,60.01490889011596,35.35443722943723,33.91348088531187,6.7048768225238815,23.627906976744185,34.937252964426875,29.661027190332327,29.44183313748531,22.520742358078603,22.068381634646695
29:00,17.721941992433795,29.137254901960784,21.82372881355932,23.01433296582139,67.24468085106383,13.370989304812834,25.32894736842105,18.202881844380403,33.31759906759907,26.427874186550977,14.319337442218798,26.230921704658076,33.711226851851855,45.41527599486521,32.71233624454148,24.10761421319797,61.86281812538796,28.13565387117762,29.401824500434405,19.211917098445596,66.53715498938429,17.359019264448335,28.974694221847322,27.026264591439688,13.256623376623377,35.01076371091748,19.66251354279523,46.26386946386946,39.36749545178896,34.962985436893206,35.64758100310697,12.96546470289487,20.562595032944753,50.06438467807661,36.88795518207283,56.07304925290537,32.502362204724406,32.10091743119266,5.109873417721519,24.01108033240997,32.71996027805363,29.958604376108813,32.844997108155006,18.872962338392355,21.584575502268308
29:20,18.915601023017903,30.567423230974633,23.03141062250143,22.661846496106786,66.27902790279028,13.819333333333333,26.395854398382205,20.52675886951293,33.09271935283136,25.742825607064017,15.31378640776699,27.831958762886597,34.4209612044007,44.64188351920694,33.21258972943125,26.877818563188253,66.4949961508853,27.78322309079976,29.853554704129415,19.68970893970894,62.593924364538125,17.556399766218586,29.46580483736447,27.55624404194471,15.663793103448276,36.270270270270274,18.94321408290744,46.490852298081215,37.99882214369847,34.188564476885645,35.30440835266821,12.506134969325153,20.399394856278366,50.54829878764177,37.6429889298893,56.42943437671609,33.01136363636363,33.07376337865201,5.717162032598274,23.74435743896822,32.63344513655966,29.321249302844397,33.8503893214683,20.808951965065503,20.902446982055466
29:40,28.042021924482338,41.97216699801193,37.90142517814727,26.990055248618784,111.92197906755472,19.907749077490774,38.33592814371257,28.764672036823935,45.89363057324841,42.56331877729258,23.24697147323173,45.29592850049652,54.34147760325771,76.85895003162555,59.70767555797496,42.4340885684861,91.28708133971291,44.13364207740655,45.97921967769296,29.376263970196913,117.92684299380979,25.152712264150942,43.782478632478636,44.80118694362018,17.231004589495157,63.389227642276424,31.286941580756015,71.71883173496077,73.44854368932039,57.17760385310054,51.601036269430054,20.24360980699009,32.84547244094488,92.55,69.6706976744186,94.5567066521265,62.912064343163536,53.865493757094214,8.721066907775768,39.51650395165039,54.93389245189936,49.85809312638581,56.431361286616884,31.770062606715992,35.68710847345862
30:00,28.849520383693047,43.07256894049347,36.491554054054056,27.379679144385026,107.28113553113553,19.94379712131597,37.885730858468676,41.66136034732272,49.95253164556962,45.32287723093564,24.111877394636014,46.38426853707415,58.24271844660194,81.58845909955612,66.16611479028697,44.31941649899397,100.84302689180738,46.56012759170654,48.53118370810352,31.327057557826787,113.10486891385767,27.770911360799,43.12879102617366,43.05443159922929,17.708780487804876,67.11767676767677,33.74211711711712,76.29972875226039,65.9330385344283,61.83303518187239,54.164551010813355,20.66211431461811,35.123818995524616,94.80950495049505,67.70967741935483,93.3001101321586,65.85171102661597,55.490971625107484,8.807441860465117,41.849276714885676,54.331758034026464,54.05585585585585,54.916666666666664,33.87116228070175,36.19973847662635
30:20,30.48257531010041,44.13140311804009,37.37014084507042,29.385113268608414,107.55868971792539,20.20626276378489,37.15019326339039,44.07923697725605,55.365280289330926,48.17020148462354,27.449845679012345,46.074285714285715,57.90641247833622,85.31898734177216,69.11323943661972,46.45233265720081,96.40791954745443,48.91077222582739,49.24574105621806,33.5427807486631,113.11741349971639,29.537401574803148,43.25899581589958,41.815891472868216,17.687150837988828,64.8843989769821,36.43627450980392,78.43324125230203,61.515508684863526,69.48226544622426,56.743174456270246,22.14894709809964,36.929137760158575,93.05523731587562,67.57442748091603,91.42391304347827,59.748051948051945,54.12492885600455,8.768395061728395,42.703373945641985,53.933363760839796,56.854408352668216,57.90496304118268,29.69144144144144,36.14851161269218
30:40,27.163133097762074,43.06589673913044,35.3675645342312,26.291666666666668,106.37670609645131,18.28332217012726,37.06228026117529,41.76121562952243,55.76690821256039,46.91237113402062,24.673106646058734,43.63837095191364,54.16778900112234,83.90254777070064,66.76896748431261,45.46884422110553,92.0859375,47.79136,47.18920105355575,31.674553101997898,112.91748633879781,28.5591677503251,41.86395981582252,41.07514177693762,15.89136195018548,66.18199900546992,33.484848484848484,74.82667245873154,59.8407605466429,64.68735891647856,55.53061224489796,20.482510288065843,34.78617283950617,90.68227554179566,64.30204460966543,90.54423592493298,66.1028659160696,52.72479721900348,7.520253782332845,41.71380952380952,54.384313725490195,51.211920529801326,55.678592036930176,26.806986382474836,34.924664264657714
31:00,26.12580834803057,43.06726457399103,34.96162402669633,25.73160173160173,105.36261682242991,18.070365358592692,37.12405826217981,39.65850144092219,59.26906650396583,46.32365591397849,25.556332556332556,43.1576354679803,56.835199004975124,79.70521684475173,62.04597079502434,45.591542031975244,88.95849691531127,44.654028436018955,47.23564440663547,29.662712738525013,113.6568100358423,29.8922193877551,43.180677540777914,41.76138613861386,15.800103842159917,63.86882716049383,33.11832061068702,75.73406593406594,60.29676258992806,66.11423550087873,55.714423076923076,20.046535677352637,34.763301839880654,89.38954149298976,66.28424976700839,92.26706072004299,59.185388127853884,52.863017665797855,7.530715935334873,41.008149568552255,54.27036481759121,52.35651725914477,53.78804648588821,28.35641891891892,33.44408109875736
31:20,27.320093457943926,45.18229557389348,35.53601340033501,28.0251572327044,107.3247470101196,20.21048999309869,39.16641604010025,41.78043315907394,59.22128683102826,46.492063492063494,25.720748829953198,40.779899497487435,57.06542056074766,82.01235330450896,64.3725921849202,49.00689289501591,97.37021531100478,47.61433668504703,46.534431770173214,31.926526202052944,108.1985731272295,34.614055985705775,43.77329974811083,41.92760617760618,17.03095975232198,64.43366834170854,33.99679144385027,77.78492647058823,65.40590879897238,65.36773090079818,57.57444894286999,21.246504401864318,36.11210762331839,88.7724907063197,64.46272991287512,95.24266666666666,65.95140186915887,54.225265017667844,8.487639360155114,43.00291545189504,55.82405566600398,52.698860822189204,59.854203409758966,29.85839672322996,35.51986970684039
31:40,25.52931323283082,43.86346586646662,34.888950892857146,28.5131845841785,101.51436265709157,17.64789644012945,35.04266124936516,43.21774794929157,60.089020771513354,48.385113268608414,28.259101471727345,41.05137334689725,56.775498241500586,81.92562999385372,67.83993399339934,50.165104166666666,84.538766270515,48.805241022322875,49.180248007085915,31.75187165775401,104.42893508697497,32.68501529051988,39.53495934959349,39.50599520383693,16.173501577287066,63.95418326693227,35.53069941270689,79.01066790352505,56.63694267515923,69.40436530729465,59.157843613404566,22.225609756097562,38.23922734026746,87.13686943620178,65.09916589434661,90.55253333333333,60.453990228013026,51.80217199882595,7.5395256916996045,43.30385375494071,55.432754342431764,56.43526904635056,57.204161979752534,28.24169014084507,34.7148908439231
32:00,26.123919308357348,43.312869822485204,34.05785592739648,27.66701030927835,104.25673249551167,18.70439414114514,35.6023976023976,31.419536984754377,62.196933962264154,47.94249201277955,27.068938503721114,42.45648930880159,57.05423122765197,80.41980558930742,66.57390817469205,51.34467005076142,97.88394584139265,48.41271377863827,48.66364812419146,30.116644823066842,113.39469879518072,32.214285714285715,41.48783505154639,41.240612648221344,16.903734876380852,62.7766618842659,35.52022471910112,77.10640301318267,57.69061757719715,67.97113163972287,59.822912111937036,21.102249488752555,37.30591133004926,86.04522613065326,63.08970727101039,91.16937598321972,64.11836183618362,53.06397694524496,7.96895213454075,44.2247191011236,52.962765957446805,57.324069218668065,56.663293985385046,30.726019845644984,35.25786369593709
32:20,24.807779030439683,43.62048192771084,34.193511667615255,28.4870734229576,103.38650865998177,18.094289508632137,35.524752475247524,40.083394294074616,61.637023593466424,46.92224622030238,27.55855161787365,41.71372740595994,57.380428134556574,79.47567567567567,64.36107986501688,53.874489795918365,98.77133333333333,46.210253280439424,52.67635971997846,28.197903014416777,111.30244457077885,27.480987324883255,41.11789124117891,40.58050221565731,17.46839378238342,62.56860857005296,34.68700564971751,78.21231422505308,57.7212522576761,67.72675086107922,59.323471400394475,21.373643410852715,37.59882295242766,87.03330751355539,62.4787037037037,91.51935146443515,59.11105837683911,52.24235495855959,7.552270327349524,43.390183440753596,53.76354679802956,56.720896946564885,47.5855685681904,32.18599562363239,33.51867489444625
32:40,23.60414333706607,42.94329896907217,34.45573212258797,26.49381443298969,105.40754369825207,19.240894568690095,36.15877287405813,28.92157985117344,60.77645659928656,44.15792320173067,23.9009324009324,42.420833333333334,54.842751842751845,74.95339233038348,59.30564971751412,46.673788431474726,92.50895140664962,43.75946908384591,47.4344301382928,25.478596220593907,106.40968122786305,30.02328431372549,42.824561403508774,40.95704633204633,16.530968766543143,60.572110792741164,31.29790842283776,77.24457244129376,62.76876675603217,61.74035693724813,56.95785085687818,19.742002063983488,35.47763419483101,86.27860696517413,60.764593301435404,94.66369827134625,55.8588110403397,52.509164969450104,7.441379310344828,41.28481319747695,53.818905472636814,52.52509821038848,57.117987275882015,30.31776765375854,33.421885087153
33:00,24.70357352079672,43.154525386313466,36.09357384441939,26.758872651356995,106.4356343283582,20.80108254397835,37.883670125614415,29.75607001693958,57.39745916515427,44.237871674491394,24.07088122605364,40.75,55.524839275277614,77.02992518703242,57.27914614121511,47.37145911277392,101.34590163934426,44.6034255599473,45.874887892376684,26.33974862529458,120.49437627811861,31.728699551569505,42.936295054484496,43.20217498764212,17.902627511591962,59.57738380450407,32.227455485353246,77.2724946695096,65.93887043189369,63.42260153031195,58.09650824442289,20.07422680412371,35.72641975308642,87.38803680981596,62.20465567410281,98.06153846153846,61.64022787028922,53.32461936225223,8.96161825726141,43.133495145631066,54.50803212851405,54.820944112859465,59.51239193083573,31.282253521126762,34.63089430894309
