Time,0,1,2,3,4,5,6,7,8,9,10,11,12,13,14,15,16,17,18,19,20,21,22,23,24,25,26,27,28,29,30,31,32,33,34,35,36,37,38,39,40,41,42,43
00:00,157.0167635990421,257.8575692963753,575.8983728994399,273.5812062344703,396.9758620689655,284.5327814569536,321.77174392935984,207.1756247860322,627.8101326899879,949.1145038167939,559.9689822294023,990.0287769784172,446.4804526748971,552.412213740458,875.3966419537724,311.7466344494305,432.808957952468,666.6647570130383,994.5947624190064,176.3808336302102,1046.2407827566649,411.02702702702703,809.953947368421,307.18285065303803,633.4086524408068,370.6292804924971,794.8036834648857,956.1954022988506,691.6209881756756,775.2854046242775,143.16077170418006,701.4661251980982,324.8773307163886,627.7874580067189,878.4269662921348,477.7931506849315,584.0723296888141,294.92051756007396,491.682523684741,476.5686470294558,712.2279593518264,521.3409151725983,369.28405620036654,263.5637305699482
00:10,160.38551321661518,308.0766467065868,582.5191489361703,270.97542277339346,403.22970639032815,278.4278704612365,327.5619006102877,210.17442645074223,629.2831412103747,924.7593342330184,564.9868634446967,969.6309719934102,491.8951310861423,546.6620234604105,834.0391145497529,308.8242029240796,431.6254180602007,677.3916260954236,960.7440732758621,175.82494684620838,1045.6899766899767,413.28330373001774,781.8895439031958,300.3430656934307,635.105981416957,372.38393712861796,782.1286928369082,966.3903934593766,685.0694672131148,778.9654356060606,148.19580983078163,683.699725058916,323.74389416553595,606.4692749778957,893.1028446389497,473.7786703127671,591.3036693378322,293.5969334719335,490.7416114124975,481.57842157842157,690.3941965507802,519.4930901050304,374.22834158415844,252.0736629667003
00:20,155.4950528829751,290.49224343675417,566.7134502923976,269.133061778683,384.1983193277311,279.2265625,309.2954152249135,206.70662139219016,619.3156272231444,901.7070383912248,547.5352248911817,984.7908872013336,424.90997442455244,518.5366642703091,847.1254884932697,314.9094234453928,437.15340218712026,679.1485782939527,955.4403269754769,173.4025513819986,1011.2101947308133,432.33668341708545,784.4164086687307,325.1108571428571,623.0410719487329,371.7395393474088,797.531012404962,957.9307593307593,683.8258947368421,789.83091902161,143.20682730923696,679.5754124116261,314.65576005453306,611.7378887243494,872.0774138664398,482.8708856464201,575.1090146750524,292.44559585492226,488.13972657820665,494.84966838614594,763.86188762801,507.11577813677974,364.584729981378,262.0741839762611
00:30,157.39741847826087,290.92831753554503,569.9828496042217,266.81088497598904,383.1163166397415,275.7514677103718,304.131098854476,204.35107095046854,614.1480433757662,895.0198609731876,556.838190307519,972.8940639269406,431.42005141388177,504.378640776699,844.4637271937446,319.83838206969006,435.185731487056,688.406834825061,945.4086253369272,175.40418378782218,998.4719036697247,428.1102900930487,776.1132776230269,324.09934949733884,637.7799305957201,376.8973354231975,798.9821428571429,938.8959136468774,697.547081553793,786.8742471693567,144.15560916767188,687.5416095555121,318.1652056641942,623.5872949095499,857.4070058381985,486.33031825795643,577.28714943491,290.8163473818646,484.909915356711,498.1618911174785,777.7410213243546,515.8855098389982,359.12935323383084,259.6937198067633
00:40,151.83283283283282,291.03115814226925,562.1407932755451,258.17162315550513,386.89497716894977,265.21199351701785,307.44824636441405,205.03088284659282,601.9811365244046,874.3123877917415,552.5191082802547,954.8111926605504,441.57480719794347,504.18150208623086,818.0344901918517,312.95951346655085,427.4939510179994,680.536048879837,914.5495758218452,168.42398589065255,1071.6249288560045,429.96405405405403,782.4344742522355,304.4945959855893,633.8001138952164,351.7853274249138,792.349518459069,943.5996423096576,687.8269621797479,795.0548543689321,145.8609561752988,676.8370613189356,319.2329640819067,626.4698030634573,854.5149897330596,495.15677546983187,573.1076475477972,284.11057324840766,488.350460593654,491.4951321279555,798.5036931818182,521.0715235309758,352.49936628643854,263.35055724417424
00:50,159.38926174496643,300.6733847065797,577.5799062988027,276.6827794561934,398.7111111111111,270.4149282920469,307.2940674349125,206.2339510258107,616.7657359204921,895.2700442695524,550.8217301258563,988.2453421877882,475.31556603773583,509.68761552680223,839.1740820734341,317.98157248157247,434.6155431262879,680.1198147402336,926.3746023329799,170.3691808011548,1081.9515406162466,429.0812034078807,802.0314136125654,339.11602870813397,549.2844181459566,348.83355176933156,810.4761338878986,938.9677666922487,701.8121077141121,801.1039603960396,143.06094720496895,681.3525554484089,323.1153974060525,629.8989237248479,847.6983805668016,496.5788892395077,572.5389072847682,280.7432775240994,490.3256198347107,491.21026564610537,762.6402714932127,536.2503186336987,342.38199356913185,270.00313479623827
01:00,156.33757304915778,310.6570936243538,578.2361396303902,270.98583372039013,397.52923976608184,268.9016872160934,324.97682403433475,206.30103026400516,647.3037672865999,921.5132530120482,551.5946462715106,948.8173598553345,501.1673738802452,514.8512123438649,804.3855806039983,312.788471525013,417.6484901788332,690.3175784392598,887.2226335272343,166.45962078651687,1066.407012622721,432.7384777455886,809.7744733581164,335.9772222222222,631.4830037082818,360.4983796691114,802.1625150662917,936.3131130614352,686.830099009901,776.7287677957781,143.89934690741453,679.1558090083124,324.904,623.7266493260818,864.4181360201511,486.72180214240706,587.9541093032958,274.05801104972375,487.2935530982683,487.74892265819915,744.0229242381885,523.3708945260347,357.2914032869785,258.59054325955736
01:10,166.75046694060515,325.6907545164718,593.6788776305534,274.70963238715683,401.45626822157436,274.91332470892627,339.2705627705628,210.35189309576836,673.464085707329,946.1795859412614,560.0080076873799,949.27793904209,479.7622739018088,527.4301340860974,806.067467847354,318.8078920041537,415.2478757691181,706.8237976782752,894.8784178391293,170.51140186915887,1049.5067529544176,434.534036939314,826.6685323383084,336.6670651524208,616.2458816351434,346.3150661974191,797.1819085487077,924.2254545454546,669.9347474747475,782.7310206133735,146.44304791830322,667.442285494421,318.20208123531387,607.0570076611086,851.1902783547985,482.5417524956425,588.7814458838278,268.00499126528575,485.6101196724753,485.93983261705495,737.3529909706547,526.2828632251197,370.4370561652679,263.07878787878786
01:20,167.18778359511344,335.80269989615783,627.0708538800934,286.414322855117,393.48575498575497,284.52516129032256,356.3628784554629,212.2400126823082,684.3132764920829,1017.7000483792937,561.3663302899247,991.3899909008189,496.04754521963827,551.7210316018889,801.9048226046314,311.6529902642559,406.46375594738316,689.1432939258051,879.8772161947605,158.20627003918776,1028.9923447689255,433.216052631579,835.4252767527676,335.57960644007153,536.5949620151939,345.68790023592857,785.4732160506029,910.6492323705438,654.5839017735334,782.2797328538402,145.41736028537454,676.6635658914729,320.7113125209802,592.704530238786,846.4970538720539,472.068788993761,584.428394039735,262.6082881105081,487.70127695206196,480.0484727755644,668.9862591138531,531.4920386322109,353.5543973941368,263.2429718875502
01:30,177.9352787130565,341.443025038324,624.4505867014342,279.6436121323529,410.1047619047619,304.0164835164835,371.8781994704325,218.5387290546949,693.6413944417358,1030.149002217295,559.6544283413849,989.1410953935437,540.5284360189573,568.0679877007175,821.8842195540309,317.69940580216706,418.93847415914684,675.9466999791797,872.1207034372502,164.77986764193662,1005.9765602937024,431.1525111753879,859.0479115479116,332.8016726403823,549.4396190476191,341.91787357301075,785.8602620087336,902.7189457202505,647.4286563614744,798.2180332190878,145.87424425634825,688.2222869345758,323.48010610079575,606.8425160697888,815.3773978315263,470.41910828025476,592.5959554271565,263.22872340425533,501.73959646910464,478.19839679358716,623.1938400678158,538.597433841219,354.1136363636364,259.7232472324723
01:40,172.7071330589849,338.53920080930703,630.0861707700367,277.47004295726884,416.91633986928105,294.2365211810013,365.1289398280802,216.72661644695543,696.5638841567292,1073.9188586714222,563.2174053704302,964.4031385281386,525.6191456510551,574.515810948657,808.6619118586332,317.36556314590996,415.99861802100605,669.6322433774834,866.6921045682599,167.58636524196396,995.0678449258837,437.5046972860125,860.4258064516129,327.0095865787897,556.6180884676145,344.6009260847196,781.1335323383084,904.234375,629.7923745555116,792.7206530189168,146.2280630812778,679.8822045410441,320.33355284820544,598.3252158512287,843.2172808132148,467.1148486304661,587.9185999186,260.1885162601626,497.7705090450147,487.05835056283024,620.7035385901365,535.0275132275133,362.5865885416667,257.76014760147604
01:50,180.35674676524954,327.0996948118006,612.0264480296217,278.4301512074024,413.49808429118775,297.27895073576457,365.0780269058296,216.79650436953807,697.9584541062802,1021.682915057915,557.3824623847274,958.6538806237677,521.2743362831858,579.0308474576271,815.7846252952545,323.2163157894737,421.1249655172414,639.8253185367859,890.1884171907757,165.57137895102466,998.2926623559179,428.1857031857032,850.8502297090353,328.7517278043594,554.2323462414579,351.8826071922545,786.0935892362485,915.7360894435777,644.4188305623015,778.9075247023055,146.25,698.422351797862,329.891127721807,596.8921908893709,862.0330147697654,467.7037037037037,571.790967226219,265.5304282494365,493.81044244076327,494.8036994219653,604.0651685393259,538.2661606909186,369.2569220862846,254.14363143631437
02:00,180.15400552486187,340.17818740399383,614.6220930232558,281.43318485523383,421.42676767676767,306.67864015394485,374.39785426911044,217.6698668318365,697.6135814403093,1072.9272105520274,561.9161165673804,956.4176699716714,519.9012919896641,559.7281618887015,804.552620274914,321.3233501654188,414.4897844948223,639.0928917609046,913.0777366472765,165.65673289183223,979.1800111982083,426.8956386292835,849.909425852011,327.4016393442623,562.9770378874856,357.51918696337833,776.4500692109947,912.677091477717,639.8458633093525,788.2119886802161,146.5624496373892,695.280300115429,328.781045751634,589.6087436520203,868.4410016977929,458.5437707772677,574.2128594249201,265.44045512010115,491.75925147182505,491.11993441086906,604.4368101545253,543.6048344718865,376.3348387096774,253.50920810313076
02:10,177.01470085470086,348.87611940298507,606.603668261563,286.28886363636366,419.1506849315069,299.59324758842445,378.43892617449666,217.0752321981424,706.2231707317073,1080.4778978388997,555.4216388225934,949.7142103411888,501.56664951106535,575.4579564489112,787.0847996608013,320.7980669658267,418.0955801104972,617.0669661086158,916.7129774986918,158.52737752161383,976.1081621004566,430.475,840.9447665547757,306.79058945191315,561.8496654860292,355.90008733624455,773.8977541371158,907.7460978147762,639.4511930585684,779.1408596582082,146.1341026661361,693.0388405797102,328.06705920837425,587.6760501429513,873.2907361455749,458.3468418553111,571.6977117623444,269.96928499496477,497.53420058749475,479.455981416957,613.169691969197,536.8854763144195,363.08670520231215,248.41055456171736
02:20,174.1370150297099,338.1127551020408,600.0018741633199,281.50839273396184,404.97416974169744,287.0984555984556,388.11585092052087,216.88242536164975,690.785472972973,1090.700884086444,556.6893495806298,944.6844205412908,508.06160164271046,597.4043697478992,766.1060251224186,313.23882149046796,417.36469933184856,654.2398949070331,893.0961139896373,166.45555955379632,977.2885386053968,431.4843106995885,823.9696601941747,262.98044261451366,556.3609309423884,349.945641025641,779.902830001979,928.6209927611169,629.8508297954457,780.0170763260026,145.88639053254437,671.9517121969989,324.4220716360116,600.8742268041237,892.1216216216217,451.731562949928,566.6706349206349,270.73345123799896,491.7507919746568,482.687734962406,615.512960436562,536.1599374837198,362.4664131812421,250.80296022201665
02:30,163.2177033492823,323.0906762295082,603.8711755233494,264.50066518847007,386.5901442307692,270.5117493472585,369.59694793536806,211.63452566096424,655.1782776971456,1020.4336633663366,546.5341921119593,942.3577164804469,489.2515274949084,584.701783911141,770.2189044038668,315.8005632811125,422.782412626832,652.9484054438351,925.7711623090862,163.60824372759856,994.2244732576985,431.50424055512724,806.1792936915183,282.0693124650643,547.3728278041074,360.65438351379674,795.9331349206349,941.2088558996672,642.1653741760372,772.8583934088568,145.52235294117648,692.9552439492893,320.19883040935673,589.1985413290114,904.7049728374426,452.3430426098535,554.3275862068965,274.08998763906055,501.90620368409907,477.0258034248182,658.6869133075649,544.2928118393235,364.61811272957567,264.39848914069876
02:40,162.55725190839695,327.1574074074074,599.8357605177994,271.9094549499444,394.57900943396226,270.28013136288996,361.2920976417046,207.22684897451833,652.5155490767736,1015.0317617866004,554.3996157540826,943.8244047619048,484.43943233654335,613.0380397532557,766.3693461950696,318.1753108348135,421.514122681883,625.7453740949317,927.531547772341,156.24048442906573,1024.3365410318097,432.8315735256245,796.5600119724634,309.67645365572827,542.0401258851298,361.3030464045342,790.7769641796953,937.6610299769408,656.2701094259935,772.5942401645667,144.6888888888889,700.0046332046333,322.68325203252033,584.0866381940208,915.732097725358,453.48223860589815,555.7709893575088,274.66674722087964,504.8857142857143,485.89299242424244,619.464160129835,540.8033143167618,357.2412476129854,258.22815087396503
02:50,162.1899897854954,338.53367346938774,594.1829202586207,258.5097794423637,384.77829638273045,266.764764104256,352.2961625282167,203.495015576324,654.0364481409002,958.3107429718875,546.7018146150074,945.0502989799508,477.9405241935484,612.3221800620904,757.3563784246576,318.0223434201267,421.7340212095156,622.658835546476,938.9180826781638,165.1681867931412,994.4594100756982,428.5292758089368,796.5494341870161,320.48342059336824,531.7884920634921,354.48383937316356,808.1187634513793,932.6068486096807,660.0739520410032,755.6080453842187,144.26419466975668,711.9361784675073,319.11960784313726,584.8336681398151,911.8489646772229,455.0979645871256,546.7016989332279,269.9019468186135,510.04285412708464,468.79939422180803,594.093666129898,542.5665271966527,343.59024699176695,268.15625
03:00,158.79372496662216,326.68541666666664,592.6017433941705,252.5508370763577,406.7279151943463,268.9074074074074,354.18508412914963,205.45414434289316,645.7318026380068,986.5545873910814,550.9980295566503,956.5607641960021,487.322168356104,611.7473576542789,772.6862405200434,323.8185251798561,424.2515997673066,629.4070175438596,944.6451446280992,162.28168511245983,1009.0437994722955,417.4003581478639,786.060141509434,291.4708520179372,547.3661526294978,359.7042225730071,808.1859237536656,939.5733505821474,687.942209631728,748.379177377892,143.54714064914992,714.0415204678362,313.4334709431566,575.3343265792611,918.0689794271884,464.2994670219853,548.3251775848461,271.6645828324116,510.3348710421472,463.7788598574822,595.5653691275168,542.4276131917272,353.12422360248445,272.31760078662734
03:10,159.763579277865,340.51413612565443,607.498920669185,258.46909469302807,460.56266666666664,272.166335978836,363.00407239819003,206.9034090909091,636.4537509104151,1011.9888653234358,542.936507936508,979.4692648361382,471.2440290758048,619.0914051841746,795.3952031114952,316.4492330168006,417.4276123759486,616.5751116524564,940.9159905783827,165.09418982316853,1005.4777573045538,417.73425146646264,788.6086569819153,326.5885815185403,546.3449504950495,346.51010638297873,804.7141457680251,927.9901298701299,670.1252190847127,753.1667077681874,144.77333333333334,699.801964939318,310.0734642178594,586.9334497477687,913.7224213460772,483.97485054627913,545.600078647267,278.3439114391144,505.9685534591195,484.2052517465671,596.2946333687566,536.6434977578475,356.1368937998772,272.81646825396825
03:20,163.13083475298126,346.2382709541381,596.3000806668459,262.62595258255715,468.94709677419354,280.9186856953203,364.67159498207883,205.92827804107424,640.7423401688782,1004.9234693877551,550.9104237151603,981.805777068935,480.6724489795918,614.342348510784,783.2578981302386,316.77333811144956,420.0896309314587,620.9270028466857,929.6342299578059,163.2886925795053,1007.8232029598308,418.7089093701997,804.7091715976331,334.6778959810875,546.4489956675857,355.32666060054595,799.706457925636,934.0587174864795,666.3538606403013,709.5743292240754,146.17943781286098,684.9644019138756,308.67449340623995,593.1156580211335,932.420057542129,452.00288624787777,538.5032882011606,278.1041408380858,504.0764384712306,492.6271473505928,604.4664536741215,533.9390412856746,357.877094972067,274.0906344410876
03:30,151.51183231913456,309.73160402329273,559.4259859535387,251.20509105960264,459.3977591036415,255.3836583725622,339.2293080054274,199.07914369120985,605.146016646849,953.2259051504335,540.9480769230769,958.5306595365419,455.3304436511984,606.9993342210386,792.8786835878684,310.38128312922686,419.08877131099354,638.2879409351928,958.8953986088818,162.15122126436782,1030.8116847826086,420.6066035321218,755.07962529274,318.1870588235294,534.9588719153936,342.65699391833186,792.7507371731865,964.4358519269776,675.3838916070756,722.4130223517978,147.03072196620585,687.7635843660629,302.21511254019293,595.0663691053755,969.4191666666667,452.586464886924,541.3516653756777,279.95654345654344,497.63712026633374,481.6471018022406,602.2371896460644,523.0436852422291,357.3777089783282,266.3928923988154
03:40,155.89907944084555,326.9708067940552,596.3078171490398,258.2231370934541,470.63064295485634,269.0390728476821,348.0427046263345,200.4504359057152,620.6661069800912,981.1373346897253,549.3188703060903,958.2548845470693,468.68788187372706,610.2560290716881,805.3938937862825,313.20859119038954,426.5153913808267,643.1199433656958,928.5187312004375,164.02368987796123,1015.2241895941161,419.01509723643807,766.8931275480489,319.45670225385527,550.2845528455284,339.23663453111305,802.3353622619281,956.6772785622593,664.0071955719558,716.4095124851367,144.36740852508487,673.1352528888046,305.4128056628057,603.0680203045686,958.6982426060866,455.1931582584658,523.9248177982355,288.0210553018772,493.7104607721046,475.9357775590551,632.3830858960763,527.3176983910554,354.1538944723618,253.55862726406102
03:50,161.5449628127113,344.3857598299681,607.768836078855,257.64778325123154,463.977240398293,270.4123812643302,346.7789520035227,202.70203951561504,637.488701923077,972.1139112903226,548.7452621604548,962.7436534706196,535.4117379435851,649.1212829936519,790.0697326203209,317.4025307170365,421.2805734347572,658.2107932643538,933.1708860759494,168.05219582433406,1017.7132210874965,419.0654370894391,763.8288629737609,343.0961194029851,546.8911305671869,347.9933461740501,783.5342601787488,949.8251061571125,636.9852138707973,720.2957914873266,146.95788667687594,679.8394425353189,302.23018629617934,600.0604313474269,966.3162689804773,463.75259156876297,538.0003859513702,285.04197785217616,484.7105862854775,460.02518337408316,661.0246145523397,521.8072594259988,355.246835443038,248.60372093023256
04:00,153.5681130171544,335.957353745216,589.4172487909726,258.73611691022967,456.9350073855244,266.05093657574764,342.56387665198235,201.2306467027716,613.5970539320504,940.4497751124438,536.0484829527683,931.6564872021182,470.50462012320327,631.9050779953535,775.0409023824584,320.65098606839155,427.8937169700528,661.8672385620915,942.6645810663765,165.73549549549548,990.4081178760077,424.1566572961922,763.6304723502304,336.25416666666666,540.218899963086,350.08993981083404,805.2979706650593,962.5414216996259,634.8538102643857,758.5222516237671,146.35312378734963,686.7595752749336,297.9150883838384,605.3837209302326,974.2391590013141,464.79849211788894,529.6217656012177,292.8719289074752,484.2680008252527,457.18837097549255,661.0016120365395,529.5423119469026,351.12899106002556,240.13501350135013
04:10,154.9143627781524,337.1381215469613,592.2238082413143,256.98908117016896,458.5690690690691,270.8412487545666,347.7042918454936,200.8095842589654,604.3467837645384,963.7044184865414,535.655378799811,927.8746699524731,461.7781217750258,647.9736842105264,768.813487881981,312.62213943587017,423.4798351486606,645.6117216117216,931.8804112554112,166.87022097509646,965.7894588500563,419.9460220005116,757.1464112096082,338.6972972972973,539.1453727988011,344.695292728193,804.4147317854283,922.9659863945578,627.3508509444548,752.2472769409038,143.15971951694584,678.2707937713635,295.1820231958763,607.1504545454545,973.1779623961521,461.6724839037614,533.6151491966335,289.55270057682225,485.48576145274455,464.11517057827245,651.5022892539725,520.672770700637,332.0300850228908,237.5017667844523
04:20,158.80506756756756,339.24383561643833,575.6841533025279,252.64237995824635,470.4305993690852,270.5083222370173,326.4398721534159,201.3747597693786,594.7051736357193,1010.6714285714286,532.2232184992921,919.7300386915231,483.8521617852162,621.9425697598962,764.7904003353594,321.21100436681223,418.01648998822145,634.1219016659894,972.6946077178635,165.09407665505228,989.1281038374718,419.8288590604027,780.6340974212035,344.3522788203753,534.4189139268562,348.60326269761185,808.2197318391035,921.5866228070175,627.0175271480282,725.6151433691756,144.4455835962145,677.3379673116664,295.7543859649123,610.8963911525029,969.9032397408207,466.8282136894825,536.3668322506687,291.9392065945389,478.9533932951758,466.2000983284169,679.621361889072,525.5957504767093,348.3662524525834,237.6375
04:30,153.30745554035568,332.72400653238975,561.81557598702,253.99600252472123,470.32236842105266,258.66274377942165,308.7983392645314,195.92559332905708,584.3312883435583,952.0900255754476,516.0867984189723,875.5429619280475,437.00359527478173,639.5756345177665,749.0533970496572,317.55834053586864,414.0394349617422,643.7638495754145,956.3329136237724,166.31192358366272,980.7146105741899,424.6771103055412,757.5614388489208,335.61990407673864,525.6589065255732,351.9836590296496,813.1360191463901,922.7126213592232,613.0044196771714,720.3469252810227,142.82508903838544,677.3096257680135,286.3035998725709,593.3630841121495,972.0566680869194,461.53224734042556,541.8978269157453,294.875581996896,475.78511551829894,460.0583724956715,666.6068850638534,527.7739912758997,349.8436886854153,230.2283393501805
04:40,150.4121576486306,322.47900552486186,554.5657574939238,243.01902398676592,484.75925925925924,251.15340718361867,299.1630131526505,192.4615877080666,572.6905430711611,877.3026183282981,517.3727604249246,851.1816590829542,417.2797711908476,620.7706293706294,747.9950062421973,319.4723883221949,415.07047279214987,652.941718405768,973.1704260651629,166.25885103540415,992.0363995485327,423.7194932781799,760.0352092352092,338.64033512866547,530.2284898250625,353.49244966442956,817.7905759162304,945.695796460177,619.8057062487442,748.2134215932435,143.1251987281399,679.3491179201486,286.2001268633048,584.2087220149253,983.8632296548785,470.68478440442755,550.4196496572735,302.3088120613465,471.6236057594808,454.223919789926,676.9626659292036,528.0628814009021,333.661279896574,222.80286738351253
04:50,160.91799390037275,348.31791600212654,565.2090032154341,245.54384883959744,486.24242424242425,269.36132485781195,314.93392630241425,197.82125909522304,602.8594158157207,936.3565746373421,517.5369138149556,848.7087931034483,430.95831240582623,615.0759317311041,756.1144640998959,327.0763962065332,418.6580838323353,642.611738604276,996.7577319587629,165.68571428571428,975.2250214715144,422.3962117280747,786.618841832325,353.55345572354213,534.6024355300859,362.8677425703602,834.8025141930251,930.5270607826811,607.041876696394,758.5457281778189,144.83038585209005,689.6479525662405,292.6029831799429,597.8275446213217,956.9653829511034,470.67248908296943,550.106089620835,305.50403120936284,475.7007636655949,470.51089588377727,680.5094654788419,534.3219444444444,351.7546683837733,235.9622467771639
05:00,161.4251994680851,350.3677105831533,580.6547169811321,258.4607658505964,508.56849315068496,275.6929824561403,314.0845665961945,199.97015394282124,625.7640209125475,924.4526022304833,503.88276409849084,868.9776391055642,459.3654501216545,614.3987685621152,763.5133845196099,330.71505563282335,422.54905490549055,631.0416178194607,999.0843097300051,169.00033388981637,978.8960563380282,416.0372863801139,785.0318010985834,367.82953181272507,529.6253049843151,358.228531579996,823.3540211534623,944.1529808773903,611.4741676234214,769.4580690627203,144.40169218372282,685.8748836343325,296.90679859559526,611.1627565982404,963.5207353569901,459.18479136458836,547.3129593810445,307.97686508968025,483.20892208316513,462.6146226415094,631.6268452706397,525.573840793353,344.6601689408707,238.85146641438033
05:10,155.35616,333.8587601078167,566.0652642934197,250.64030402629416,496.89267461669505,266.74050420168066,299.8611933982226,192.98151629072683,618.9667452830189,891.5513211382114,509.62300268944784,858.1892315734449,393.33056478405314,603.6114627285514,765.8086114544706,328.8121191015149,422.26581145584726,636.7157310057528,1022.8391946992864,169.47203504043128,986.8944583681425,419.1910728269381,767.2031791907515,362.9647201946472,531.5978107344632,368.14686998394865,842.371303830125,967.8273342354533,606.3078639152259,791.1108153883378,146.25624232501022,688.1501763504733,291.396214511041,621.685379241517,954.8367010309279,467.95599489795916,552.3178049743387,314.01359832635984,479.5956495222606,466.5996708979784,652.7693584070796,524.6794270833333,341.71085120207925,245.62606232294618
05:20,152.70075882547013,323.9098316132537,562.542418529491,249.4428715874621,511.9408866995074,259.3409858203916,304.85430743243245,194.66529318541996,605.4977860638546,894.7741293532338,503.77779522613065,860.7266538662943,443.0371717171717,599.280940139552,755.5079660666253,325.1165780901766,417.9749178859361,660.4853710521216,989.1056931997891,169.81173260572987,995.7870370370371,433.9734927234927,778.7822674418604,356.10102843315184,519.4208063354931,367.38500506585615,840.2904382470119,989.5680663278952,625.1392428103386,803.3953546453547,146.0932556203164,670.5284974093264,284.4048376830045,618.8605296343002,954.8857498961363,459.3058896083873,562.9991846718304,314.30145909327774,480.0046624771944,472.18371656499295,628.9890019246632,521.7152704135736,330.87636130685456,244.51109057301295
05:30,160.59550561797752,331.9642082429501,564.9461224489796,250.51180472188875,505.2662229617305,268.9080498484338,302.21847321805143,194.83007374158385,629.4267161410019,875.3318273092369,521.3678919258562,900.5940111420613,432.0912484446288,605.4412733260153,744.3193588162762,322.79319821367227,419.4734328358209,651.6675754625122,1004.4578441835646,169.17108843537414,994.948959778086,429.78396668401876,791.0104956268221,375.0048661800487,527.8695183321352,367.7807891590275,828.7240361919748,965.3261556129773,629.505583573487,797.3199626865671,143.43872039883672,689.1825278810409,289.9447376591121,632.3345883534137,950.9679487179487,462.2003108003108,564.7918552036199,311.62150982419854,480.2995983935743,475.34948501872657,636.8963927312178,518.6480280929228,332.6658146964856,245.01676963812886
05:40,166.04313858695653,348.828540423223,587.2548754062839,261.17997184797906,523.1893687707641,274.02660828561807,320.0221169036335,197.76577139287946,644.3699074074074,968.0690872415532,521.8610233733417,939.3942558746736,449.81505791505793,623.8180126535169,746.1960585127997,325.029112833764,414.4571686203787,670.9556241558943,990.2567204301075,172.7966611018364,977.479843225084,432.5760104302477,802.5331386861313,371.12332112332115,537.6738274257071,356.7938,810.2369612281047,943.9185949261221,614.1075790229885,803.8347477604904,146.23556294142085,661.5303228214219,289.95787831513263,615.7948523845572,950.2602915951973,447.67287688247166,583.6825198164372,310.18995576372623,487.9230299328039,480.43367714080114,624.561001885268,516.771420824295,343.50635324015246,242.9359649122807
05:50,157.7702479338843,334.45762711864404,574.7514937533949,256.09752664387696,502.5609756097561,269.4731109598366,310.5919760990183,197.06791494763567,636.4351197263398,863.9624060150376,526.6081059769753,931.7235857267189,413.0306545153273,616.5994032077583,746.2036393375588,325.91062801932367,419.2076207620762,667.7566320645906,982.4508511806699,170.68475711892796,1011.7826333711691,435.0860130718954,790.2417901772741,374.88929663608565,541.0510057471264,359.9920901720388,824.4137998436279,951.8868466398621,625.5867310443491,784.9041844983357,144.10596579057156,693.8210073020034,290.0483271375465,625.0753857829496,947.5797827903091,459.3943207981581,564.0037390943082,310.99070487993805,498.3034682080925,481.26104417670683,618.4904575163399,524.0370174510841,336.53494282083864,248.6352636127917
06:00,149.67340848806367,317.46047540077393,551.0952638700948,260.7565007055029,485.53025477707007,269.0353102502571,301.3950406156477,191.65335463258785,606.0298139430621,811.1267605633802,522.4547820429408,967.5254593175853,426.52767527675275,602.8442379182156,772.464483111566,327.6625478593804,421.7960585249328,687.20157946693,985.7621476510067,165.09482459187217,1037.088020247469,435.5438551099612,791.6365232660228,379.4158536585366,548.8768616055213,365.80815347721824,843.1789806400632,966.9649025069638,657.736374933428,786.2180542110358,142.5169243627246,697.0063444672513,292.1245572609209,631.3657301948874,939.3848396501458,472.2288803088803,578.031512605042,315.1540449728612,501.0049989585503,487.771955361475,637.3123844731978,521.9189261031366,353.75582127123977,260.0752984389348
06:10,158.88552295918367,328.1157253599114,575.8907337975362,255.76737160120845,481.13586097946285,270.8883578012974,319.00255863539445,195.27208931419457,623.6633399866932,897.8429101019462,526.7078189300412,944.9707837648706,432.10139251523066,613.749535488666,764.9401125401929,324.79561403508774,412.7659002687369,684.3444379505163,948.330925973691,165.06555671175857,1037.892277001995,430.0935325946921,765.2753832803008,365.3639143730887,555.7281976744187,359.7716753022452,810.698785742264,948.9541160593792,633.579012345679,795.9471258792141,141.77957658779576,674.5550800148865,288.61340206185565,608.7574542721122,930.134478424801,456.3266614542611,580.5271186440677,312.53850156087407,497.4861198079733,494.2244289970209,632.3675940236991,513.9876741693462,343.2542372881356,251.40347666971638
06:20,161.42764015645372,344.9445073612684,572.4273870018721,261.7305207912798,488.8487261146497,277.88953488372096,314.21337579617835,196.7715833067856,627.9984639016897,894.6477166821994,528.973,951.3186678352323,445.05267390430237,614.1358532934132,759.6322988975091,327.51999292285916,411.1889880952381,673.5597130670802,933.7125453602903,169.4387861876526,1034.2154882154882,429.3926079090204,748.8951212386795,369.09920391916717,554.656613372093,362.1772523299965,816.6240982647689,927.688537979853,644.4624093401734,769.9474445515912,142.35139641517299,684.9052945563012,295.3648897058824,615.2484472049689,915.3462469733656,457.9433725490196,580.6814533164343,309.4372554135142,493.2552094078812,506.03241574479034,629.3374581077597,521.6086956521739,346.53228840125394,254.18291550603527
06:30,164.89926447073873,350.03705815279363,572.475800052896,263.5851299617167,498.04487179487177,277.7292874190249,335.48352124891585,196.69740177439797,648.7550705467372,954.7044989775051,532.7557471264367,962.7695154185022,432.2714174454829,633.696388261851,749.6491192134371,319.55721393034827,404.4434834476588,673.1538759689922,898.4891332140118,172.30293501048217,1027.8408458542015,433.49089490114466,727.7484769364665,361.7230769230769,559.3287172011662,356.305974025974,802.4729130518605,899.583380440927,641.3423439445136,768.9831973115698,142.61564199079882,672.9746363297277,292.8239502332815,607.7562151192288,915.0861500412201,451.260639127046,587.572885677858,309.33687848976336,487.0648704663212,509.5810810810811,629.5160379779318,515.6851441241685,347.955084217093,248.89171374764595
06:40,172.61162079510703,373.0272148233932,578.5034192530247,263.0842935112189,519.5418006430868,286.34501531133037,338.31987847222223,197.78699340245052,648.4798315602837,964.1945149822245,535.5891919363036,924.7964586255259,463.20710059171597,638.9262603461249,703.4080762987013,317.0910056657224,392.88660714285714,660.6229540140296,894.4166878011666,173.48389307745032,1027.4840620592383,428.7060360595767,719.7055250216952,366.3303720155469,562.9088921282798,352.3971399035148,795.6006937752938,896.3451025056947,630.6525165681534,785.5557160048135,145.01284707832573,665.6280112044818,294.72911311053986,606.3479695431472,916.2009724473257,447.3526148969889,578.6661066778664,308.7424722662441,481.5135465471583,497.16383590279594,616.8457648546145,519.9267575514568,347.8656998738966,248.38058252427186
06:50,165.52377871239082,363.94868804664725,559.1059968437664,262.286524822695,510.75083612040135,275.24804621134894,334.94187582562745,193.05640050697085,619.5200264084507,971.9024640657084,534.0563403969055,927.2629904559915,502.54271844660195,641.612036336109,736.8064252097402,326.0652327221439,392.2960213776722,655.1472308892355,948.5217837006663,169.3900234348845,1045.6457636566333,430.36278586278587,684.4540978858963,371.4476600985222,547.1575,360.30174649835726,805.9014683153014,890.0290107339715,634.6486245087531,758.9949912346607,143.58658743633276,681.376261682243,288.4153506001263,601.0417834394905,915.7579351238228,461.9462605645033,581.2143156132273,310.35395645246945,478.9436793422405,499.086820083682,628.9924261550113,519.9297124600639,348.8981772470145,264.4189886480908
07:00,176.9429882044561,387.3286631640397,578.2892195249282,262.9856652533818,537.3005008347245,289.8565587734242,342.44841592201465,205.33652618135378,637.3341474245116,1034.06104500776,547.6395914396887,919.6327932370554,517.4746499275712,649.0,727.3663106991739,322.7932263814617,388.987610619469,655.7065938353492,915.4713441274737,173.20191040843216,1031.035339591386,425.9105925537493,710.128421665696,374.36757425742576,553.3056057866185,347.09051798313544,796.3454824477268,795.0817523283891,622.9829290206649,762.3079245283019,143.54885301614274,674.317534657175,299.51461038961037,596.2190839694656,909.1241258741259,448.8150750558927,579.1952141057934,307.9091154990533,479.18093264248705,497.53301511535403,623.9829016846869,521.4253831675181,352.64186633039094,251.91732283464566
07:10,170.49075575737916,390.05896088733215,570.5193818753274,265.8336358136721,516.530612244898,278.92818428184285,339.9413309982487,196.26983115641923,612.8162907816948,968.9505664263646,537.8237986270022,916.8177793518682,495.14830710538865,641.0332959221848,759.9624166498282,324.68679245283016,385.2425757130256,650.2503937007874,939.2318286151492,173.40613537845948,1059.1592623637887,419.8694523747729,720.541494997057,377.5137157107232,550.1632579834948,346.79934662998625,812.1935110081113,830.3343475321163,622.519764957265,767.678725018973,142.04919423240034,679.5682242990654,306.56273525721457,609.7383705988178,914.8885784142508,450.8443817583451,583.1948717948718,308.67572709975536,485.2721598002497,494.04438025210084,648.5783468559838,525.7783711615488,348.04693366708386,259.8205128205128
07:20,171.46090399208182,388.7455382843984,560.4258248895817,263.39381774387795,514.4102564102565,276.91086444668684,342.17076382791925,195.55650793650793,627.7317343992894,959.5089514066497,534.6049243643386,885.9623305756029,482.4670147128619,636.2902502801644,748.6041835905768,323.23576206834207,387.53659259259257,664.3486620416254,896.8050217781193,176.84574644157564,1057.3473713962692,417.2806609863155,734.8996458087368,373.8204005006258,556.9845417740155,347.7721867999311,817.0889187632034,880.2772648586266,622.2364604369378,763.8713996968165,143.91097046413503,680.0972972972972,304.61099171016275,607.203377016129,908.6493640426263,448.6123313460935,573.1356720202874,309.0503179430467,487.47579472262623,496.4575835475578,625.8558282208589,527.2158781946711,345.4110275689223,258.7364864864865
07:30,172.71824160609208,391.38578978273637,567.4557522123894,263.7541876892028,517.6385542168674,278.9908288043478,342.11198945981556,198.21982895153627,613.2266257937376,979.2008196721312,541.3888352638353,898.8884974458341,474.07547169811323,630.0691706954258,766.8779069767442,319.8432808495057,391.997034400949,680.1047215496368,871.0172947857511,174.15916611515553,1039.3090031241125,425.1651519085952,745.8541666666666,377.0356027482823,557.4152068579948,338.035646958012,817.714699632992,885.9231426131512,612.5191574359906,762.1412960609911,143.32297354052918,692.1610776186888,283.76037213980385,603.6953541507997,915.2772820864791,494.09408974105554,568.606387391124,311.6766917293233,492.01456512692465,499.1752158456069,641.9648717948718,524.7243554580363,333.8339670468948,268.18756073858117
07:40,170.0371327090733,383.57336476134356,553.3426315789474,269.5327458441819,517.994827586207,277.24027072758037,337.86908447589565,191.56711725872367,599.7791129560848,947.2137190853944,536.0693384223919,926.0220483641536,448.97679924242425,619.831001472754,777.8292435611438,318.9266726137377,394.22685323012803,668.327988915281,939.9782190903267,172.53683148335014,1061.266704416761,420.5607087024492,755.4441528142315,375.9373449131514,560.3914988814317,339.28843841264387,820.1568216463414,902.8649103139013,614.3819494584837,765.4268261644185,141.63986457892508,694.2719462084423,312.9478629887845,599.7252747252747,910.7710843373494,492.9225176965755,565.5366763365106,309.9728890144027,488.7630057803468,496.5016393442623,656.0923799582464,536.5200655200655,335.64863144493955,274.4089581304771
07:50,170.89807692307693,384.85839672323,554.3900262467191,263.06970241661674,524.96875,275.43895840378764,333.25531914893617,195.3172195892575,603.0233840723582,924.7035532994923,546.3768414383019,931.9032716927454,475.45152838427947,611.0175566934894,795.3314343845371,319.7425445562026,401.501940877874,668.5129780067367,902.6852536997886,170.39369550637156,1054.8728956228956,424.82172557172555,795.3222803955788,358.0959409594096,567.6525804038893,342.14687340262395,819.5790074158585,903.6452894438138,613.1116934755106,767.7940649782553,144.70101351351352,704.8770782738651,314.4940639269406,584.1706697459584,907.8712121212121,448.8788070064699,561.5234248788369,307.4384875846501,484.589263677499,499.3306164034641,658.5551421737975,533.6411877921364,346.2026515151515,256.69787644787647
08:00,167.56571627260084,371.4182242990654,556.9356030614938,259.3407910507391,504.015625,266.00743243243244,337.3125,194.77881329605466,570.8867803837953,918.0498740554157,549.5284999192637,910.4981359843778,454.262104283054,618.3410104011887,774.2971161657189,318.9154508701002,394.34277198211623,686.3113493829658,953.5442107930073,170.5305631868132,1064.0175340940718,434.53133940182056,793.5825214899713,351.03810694529807,566.7604321907601,345.47758913412565,808.330243994704,924.1647250067732,628.1400405380505,764.5262757044935,144.33595041322315,701.5913370998117,316.7877145438121,582.0321312991216,915.2974016853933,455.7234548335975,565.0199600798403,313.4825450450451,486.71638346968746,511.29237288135596,655.4024096385542,547.4878374766105,342.4201787994891,249.83173996175907
08:10,164.1490747087046,364.49853544229643,543.2652139250598,251.6543062200957,480.5376344086022,264.88120148498143,334.9271111111111,194.71428571428572,565.1518335835299,874.4390977443609,541.9144437215355,897.9561682573348,421.63740856844305,610.5138734739179,775.1691521961185,323.2693655800911,398.0593647966756,672.6073372303971,949.8025309781176,168.6627666896077,1075.4432584269664,434.5902831904391,781.7528441410694,333.13318777292574,567.024972456849,342.59463562753035,811.8385945133408,933.997311827957,619.0041772611696,772.4308964091966,142.5008116883117,699.7307048540079,313.42932587760174,603.4840572432839,923.6369694843914,452.7545642165423,570.127990430622,315.1183533447684,488.85052631578947,521.8932527693858,687.8876526458616,539.978465679677,343.78126964173475,245.7919921875
08:20,169.5651471063692,381.21432731508446,559.8255876068376,264.3666467185318,491.76637168141593,275.41503046716315,350.4459398833558,199.73232944068837,624.0731707317074,964.9322505800465,557.3511855413695,898.7583715192104,473.83982869379014,602.4470063220529,763.1896838602329,317.81139660898447,393.94401197604793,668.5498711084672,947.1329902491874,173.76228956228957,1053.5567703952902,432.352864920923,773.0152671755725,348.2712895377129,571.2992619926199,339.6311215109477,802.7705716963449,864.9794587544832,599.2253979739507,767.9724816965413,144.25691056910568,683.6202460850112,313.97828904731045,596.2525554724508,909.0939621293319,440.7011895321174,570.9780701754386,305.5601706970128,485.44425887265135,524.5146496815287,686.9443388541949,538.4892299407646,349.2816020025031,250.81644934804413
08:30,169.0828747167368,374.32711370262393,541.7686327077748,262.8325044758305,476.1232876712329,273.6478730587441,335.1974037600716,197.3623910336239,614.4722658881652,916.4350025290845,539.398856566336,933.2660566602146,462.8328306764326,594.6816341553184,843.9215103945694,318.8369527145359,398.7141997593261,666.0587647411553,959.5970469798658,166.11936785474109,1087.1185164528722,425.4222509702458,759.8254744105808,333.63056558363417,568.4183823529412,341.839273817455,807.118612458038,945.1675324675325,620.1228571428571,763.1865482233502,142.0797520661157,699.0957169459963,313.63918184723553,575.6617244525547,887.1877034358047,452.36806668804104,551.7745398773006,298.56674144699946,484.1369920402178,540.4159044715448,691.4935739677331,565.6310866574966,340.81536555142503,253.5877632898696
08:40,161.7704495210022,366.6132404181185,548.5500134084205,265.41364180295176,450.6969205834684,277.39481656008076,337.94054537326775,197.54337613529597,627.6116745548794,959.2969454181272,550.5511635865845,943.0658032901645,433.71696344892223,588.5094339622641,844.5020277481324,320.22298972724053,396.5840336134454,655.7984133441822,954.2045516863175,165.84334838485586,1050.2683600220873,419.7657541322314,789.4749854566609,327.0278232405892,580.7370330068916,337.34139874047065,810.8570359281437,942.6133810010215,620.4957419822432,751.6762481089258,142.22553017944534,700.3985267034991,313.1044029352902,574.0846883468835,870.8015102481122,445.3806564690886,550.140619029423,302.5867446393762,486.6185394433982,521.4816213494461,678.5386295386295,564.9414191419141,336.40012368583797,249.13913913913913
08:50,186.79513184584178,407.84152689415845,597.8464,276.54605263157896,483.4372163388805,293.0516891891892,384.14927344782035,210.70702402957485,681.75050985724,1203.6983870967742,560.6036326599898,939.4378811639658,467.28180129990716,622.8345109706211,788.7831708350997,310.32851276557756,385.33464328899635,680.5392197125257,890.6504745951983,172.6431794515793,998.3223739203121,425.24816945606693,788.0833333333334,313.8377645143787,587.1879646017699,326.9664952728479,771.5260309759284,878.3978695073235,593.5700018158707,742.0441213336676,143.9894222945484,649.6191985088536,314.5598958333333,545.2448476702509,865.3711678832117,422.1919564172408,563.4413847364281,300.35849582172705,479.3677243118302,517.3612458514169,620.9989065062875,536.9574468085107,352.27457002457004,240.90485829959513
09:00,156.6048387096774,366.03394877903514,547.8490105719708,259.2671725239617,447.75,263.43154362416107,340.0022401433692,191.46910022414346,617.1076785314528,938.1180208806173,558.7211864406779,992.0039334882889,411.8689207966651,627.2337807606264,842.8899181387333,320.8881423642637,394.8310667875491,706.9903333990925,948.5442864953527,169.62762973352034,1052.5388471177944,433.7284904688305,783.0719573586023,313.8111846061335,567.5079646017699,347.44951247727647,808.5079125847777,984.8982402448355,651.7608032992648,767.1011604439959,143.6458419528341,688.1766672859001,315.1654208644784,571.1458145814581,877.3822027716994,451.71650606154805,561.7502044153721,315.10136674259684,479.4909807173958,541.9917758930866,659.6993644653219,548.2397315436242,346.860736196319,240.8009708737864
09:10,153.67745535714286,374.07215874924833,553.8514208389715,265.2490023942538,449.4357034795764,263.9498814764646,349.548561900792,196.72893303428387,609.1558499887716,994.8813559322034,551.1112802300017,985.5070472792149,444.8580535486613,624.2032762472078,857.6291917454859,322.395895984433,390.3018301830183,713.1042796865581,932.3571235469045,166.83094555873924,1053.9743093922652,433.9122533748702,777.184776119403,331.55622732769046,569.9448516579407,348.9097268487675,800.7068190333458,916.1288084464555,638.5325628325078,756.2295605205009,138.23113582208103,695.9798402434386,325.30153268689395,570.9331983805668,858.8176835951772,451.52483495756053,566.4054840049855,310.83604220131167,489.29841732611413,533.4552638287025,647.1218844152287,560.0181292695744,346.901295496607,239.45334685598377
09:20,147.7125837676843,367.3173252279635,542.7292564655172,260.7676182870832,418.7847533632287,255.82630691399663,332.71309771309774,190.31097753875355,584.8011173184358,934.2128192288433,556.3882252559727,985.9550844412505,414.35681399631676,618.9319117096895,800.5935635123615,327.54729011689693,397.8409915356711,712.6433787250838,944.3239250857293,163.2310686482661,1050.1298557158711,436.3174354964816,766.9990977443609,331.6980558930741,560.2743116068317,355.90393964794634,798.3163418290854,1019.704463827604,649.9054377880184,757.2170390375644,143.08241082410825,703.5786474164133,322.2099778970635,574.6134831460674,852.2415349887133,456.61767471012223,567.0879396984925,318.47863492973903,485.7319113341698,530.9309559939302,668.4475619722147,551.1784702549575,337.8179581795818,238.60678642714572
09:30,146.22400611620796,364.04097859327214,531.8771175047056,259.28149920255186,405.33883058470764,257.9329495428378,331.4643990929705,190.56662436548223,575.6524743646902,869.0796812749004,550.4888189498095,984.7767695099818,425.07126222636236,609.7698853126157,801.7745813653929,327.34901822041394,399.45328511151297,711.9154874213837,946.6165977249225,161.24418604651163,1033.6839779005525,434.22245376400105,754.3989700090882,320.5517448856799,551.5992258972555,352.8868747901981,794.0592981797711,1013.89329580348,625.8116801437557,740.89892578125,135.2530741769139,699.7614887960501,315.238680465718,572.746178057554,863.9933382679496,453.60981382139477,558.6973848069739,319.2403543869677,480.742566022042,527.5940840169028,619.4095010615712,546.7533017692499,329.33165512901195,231.569573283859
09:40,162.85508849557522,402.2708208508089,564.8181818181819,273.2937300319489,429.89833080424887,290.77535738597686,357.90532048596566,199.58283931357255,605.1100635825477,959.787619526925,556.798347107438,995.4471472008585,408.0334092634776,613.0455893254262,792.2243672243673,333.0063761955367,395.8126315789474,684.344631661442,924.0619218910585,168.32342778161714,1001.4708791208791,424.6493064642764,782.204069237777,326.22741055184963,567.4494859978731,339.3732511658894,793.6278110944528,964.0321175830157,611.359542266519,739.0308788598575,140.74800637958532,685.0482109227872,322.2428389560789,589.332431823304,846.6043707611153,443.3010043942247,561.3050353724511,313.97893217893215,480.92469568805444,540.0155414012739,664.6864523220665,560.8661202185792,349.86658431130326,226.15652951699462
09:50,164.82299486369024,389.8368326334733,558.3358798735511,271.87432242521584,445.6655844155844,280.7226720647773,360.68794624107517,201.98190892077355,599.9085963003264,976.2410126582279,559.4852533811309,1023.357336710693,449.6038338658147,621.7505584512286,781.7023581899299,331.3925795053004,395.2824909747292,693.3292429677176,887.0788202390033,169.73776978417266,995.8549554565701,429.4343036978757,778.700696758558,325.5695284159613,565.8761533002129,336.88603001814283,801.6515094339622,973.0684082951791,602.9910544347164,755.5835721107927,142.29995995194233,667.4742955064737,323.8115759672853,574.3167339614176,851.9463527595523,438.079013509268,561.2186588921282,317.8452243958573,482.4737725556022,528.5705971659919,660.7125205930807,555.6960556844548,345.89182389937105,229.00087108013938
10:00,162.4770206022187,397.7781796262809,553.9534397070364,268.69290865384613,438.5309446254072,281.24669155072957,355.76937184777626,195.61475409836066,602.4430462139293,943.5395136778116,546.2022838499184,998.7360761767876,440.7922682813228,615.4985163204748,775.4263383297645,331.7871059156925,399.19250374812594,669.1278849791903,875.0066411238826,166.49965083798884,985.8740720373935,419.78324081416866,786.951006913135,329.24133738601824,562.2521645021645,333.9061724309118,807.9397275611121,953.9781526548672,610.7994061978103,755.2502959981056,135.7130225080386,668.2672985781991,318.6618404118404,591.5377718000449,838.3055876685935,439.0509723964868,549.4551809210526,312.42538394668213,482.9575265459088,535.1382790815039,637.2176630434783,545.8066941547416,352.7022900763359,234.97429305912596
10:10,152.33479853479852,369.60293219303605,544.9343659753216,265.63023349436395,400.151376146789,270.1053711939788,334.12489451476796,190.29643765903307,569.6177806619079,878.4497220818595,533.4775299062399,957.3151536685024,405.2976833976834,614.3998505231689,743.3882628109717,333.7934058225184,398.8739271973957,685.4305610043155,883.8856225296443,162.70783764870538,1009.5623960066556,420.9524946921444,782.3035660773149,321.8744541484716,560.6531432748538,332.2950366151343,819.063284029208,972.8472838137473,614.8394282532022,751.4585081585082,138.16754138070246,673.7745675727048,321.5315085932527,593.3741848437148,838.8302457466918,445.3232276119403,544.0377906976744,317.2402428447528,484.62598099958694,540.6108176100629,651.3124484748557,558.1007518796993,349.08440721649487,240.09028960817716
10:20,151.94682080924855,374.44636251541306,532.3263686855329,259.6954161640531,382.32878787878786,272.08163968308645,335.62243502051984,186.30623393316196,560.0148291424887,884.9654218533886,532.6102420549976,940.4485849885745,433.5927813163482,619.2323157110945,753.0091860713522,335.6545166402536,392.0928882438316,680.7171518489379,876.6223865374809,161.15850244926523,1006.7559607293127,420.2958911419424,789.6940611877625,322.30102347983143,571.1359885181198,333.4198236446767,838.5568203376969,981.3652519893899,617.9115291488173,759.593896713615,136.85938127762154,684.6804892031339,320.72306238185257,605.2332282755516,831.8603330809992,440.18714644877434,541.5995867768595,315.71303841676365,484.1396257454246,537.0292353823088,670.4823625922887,544.5275369709332,346.7356687898089,238.37347294938917
10:30,156.9060618225612,384.50822669104207,556.5784729586426,260.43069657615115,394.7394578313253,266.92503438789544,338.8214936247723,191.9257362355954,575.046647862877,1012.4820696721312,558.7207102555592,933.6915431560593,452.7185185185185,637.9219219219219,728.7060696095076,339.76829483336275,388.937044593413,719.7287078542195,875.6860940695296,165.6627701027276,995.0234141029132,431.97741935483873,792.8997606223818,329.99336550060315,563.3663437387872,328.0588331160365,828.1628173315519,972.3524703284571,630.824692780338,766.8054054054054,140.15490116982653,676.7929447852761,320.3335421233949,600.0318109520564,824.8970531955606,433.1039243058787,546.8619387326899,325.5425812115891,483.38630806845964,537.457452165156,681.6801641586867,540.5461320997173,345.73445595854923,234.1372950819672
10:40,159.12886178861788,394.6563071297989,554.284174553102,254.60786270205548,433.7282282282282,281.7358101135191,340.52268602540835,190.33749200255917,597.0480349344978,1019.184670781893,545.3530605343253,926.7618882932734,445.5178408051235,627.375,729.5991937194992,339.74539932106484,398.92153443766347,698.3291316526611,870.612389380531,159.27886262418636,985.5864517891287,428.60948020468624,793.7388346643005,360.2776758409786,551.5749908324166,332.61298234139963,825.8114068441065,949.3037486218302,622.0667942583732,762.75166858458,138.78947368421052,689.859908010732,325.82866043613706,628.5739428571428,811.181565355582,432.4359372573381,548.8635784105397,324.14272970561996,479.66141095613506,541.8583396801218,681.8875690607734,548.1552346570397,348.094682230869,235.1687242798354
10:50,162.1668686868687,393.47607510599636,542.361170212766,257.6832932692308,434.451564828614,275.9239686327992,333.1671517671518,193.7857372309669,601.8698600174978,1021.0650069156293,559.1398434841783,916.142635925671,442.6162949476559,642.4560296846012,734.9598118854211,338.8106288751107,392.0712819008507,717.0305729904838,865.2796610169491,163.93162692847125,983.2581978506475,431.6433773941192,774.9894428152493,351.6735436893204,578.78,331.08906352324817,818.1879041460631,969.956334231806,628.9807024314937,755.3298731257208,139.97342711996873,689.3998835855646,331.02332003682113,632.4528518859246,825.8710757639179,432.28288455586505,555.2789699570816,332.37895995218173,480.3760406091371,523.016721560679,679.372144233416,561.3444502344971,340.22330097087377,233.7112970711297
11:00,155.93281758957656,380.9442761962447,533.3083201685098,258.2234,415.9530102790015,268.48932565232127,317.2024106400665,189.50080308384196,593.8586813186813,1014.3484619263742,534.0231713643437,902.332021895313,460.39406430338005,628.6083086053412,732.5063182694367,337.30579246624023,400.6885198135198,717.9997946190183,859.1204510507432,161.37232174218477,1003.0836471221087,433.2056353291791,765.2494893492851,351.24462200368777,575.8882681564246,335.9467874794069,840.5568642595096,981.7584345479082,644.8212717204507,763.8206785137319,137.9146991622239,683.7320980505693,326.4303638644918,641.8223877228617,817.1281837160751,435.1818181818182,543.3118600682594,338.5328162291169,478.1153302363159,515.3326520183955,692.4870022123894,558.4293993677555,342.4777275661717,243.7360157016683
11:10,152.73352090032154,381.13067484662577,508.14431639601884,255.84152457372116,426.7806267806268,265.2732834806254,312.09288627095606,186.73156532988358,601.5635631154879,986.0460405156538,522.0282466414054,871.7217244294168,443.0568799665412,615.4972211930344,721.5263942103022,335.46734114305997,396.2979723773141,700.9688154039347,857.8321112515803,158.90147265077138,1006.3600654664484,427.72157394843964,765.990775439608,356.5173252279635,597.29483459083,333.4898531595446,837.4478352088499,954.9950993738089,645.9707580555038,734.8082126750534,135.08443990466463,707.2330021429963,329.7414823670054,630.1035785730162,830.8023976849938,435.1860610806578,547.3119108826049,333.9344359125812,474.32033932538883,530.0748387096775,673.344441409451,544.6291324881929,337.9493177387914,245.22620169651273
11:20,150.09581239530988,376.1052955665025,502.5229839768847,253.45805805805807,395.68941504178275,253.3701342281879,300.0366315789474,187.52253702511268,584.7131643866338,1022.0998134328358,536.9514746227709,831.5362738419618,425.4311152764761,625.9491899852725,694.8306485799068,332.38406445837063,394.24782608695654,723.3134141245299,856.9386346203017,159.9360568383659,1016.9589004536963,428.12432286023835,749.8566102667049,351.35274904735985,609.7083573487032,339.10370001659203,834.0439182738209,987.141638666322,659.8519515477793,728.4924260639577,139.95686274509805,692.7239491691105,324.53984732824426,604.3117726051925,818.8412312677198,428.9664988990248,543.8528656971771,331.9594438006952,471.23750758648595,529.0675500129904,673.6660372268681,544.936402341671,351.3055028462998,244.97145488029466
11:30,145.95246734397676,383.53111521873075,504.7069828722003,253.51042701092354,396.33016304347825,256.3379767827529,305.3169724770642,189.08079169370538,584.7198755002223,964.1284722222222,533.2789647385791,842.2954309449636,443.8247334754797,628.1054759279676,686.3695330657089,328.1521779084727,395.5178011962404,715.4736088379706,863.089023773394,156.52789989854583,994.7755319148936,423.12330623306235,753.8933981137468,338.51144578313256,566.2280084447572,320.9715179453408,845.8345461509,975.6186617877679,653.9742007851935,723.7872648335746,141.56856819040422,678.6679163378059,327.88304981773996,613.9575798169234,818.9334955393349,433.950986632718,539.7307692307693,332.1869753979739,472.1406974400322,533.4707124010554,682.4756697648988,536.3723196881092,346.80647208121826,250.58866544789763
11:40,157.02286282306164,402.7915106117353,516.6885758998435,253.42684137383364,408.95570469798656,260.2924092409241,311.01739926739924,187.3050406504065,594.8553305141331,1032.766550522648,526.477694844645,880.8646457525555,455.95256744995646,622.5059127864006,717.3980769230769,338.13491919375343,399.35168018539974,695.6363816310372,889.362775217614,154.93907056798622,989.2939297124601,413.03333333333336,767.3836640782283,351.37085372485046,576.8639455782313,337.04230317273795,846.6726053639846,945.2426019728073,668.1176358436607,699.3910748560461,139.42668222481524,692.5655481857199,320.59398014729425,602.8775465013287,823.7257933279088,439.5787157757497,537.9799744354495,325.2593896713615,470.45438211219806,541.4753577106518,704.2575380359613,545.5841371918542,342.08017960230916,246.7353711790393
11:50,152.86309725516773,391.58,507.05930416447023,256.2215139442231,416.015047879617,246.7583497053045,307.6024040684235,188.26463927531543,591.2309232480534,981.4603413654619,521.577240049097,865.5367660024687,469.8108932461874,626.2315288953914,702.2537693777872,317.40976443768994,403.424094307073,725.3081883916357,897.0504764357455,157.67176997759523,1007.3821535123407,415.5541677979908,760.0786548874323,347.5205066344994,570.1017378711078,336.0964196502914,826.9626595542009,952.2774210807919,672.335837716003,733.8346764346765,141.78613167121154,695.3825608798114,324.81473214285717,591.6310254163014,829.1775967413442,439.075084773131,548.4931740614335,331.2300756253636,465.5390453365289,542.5055934515689,665.3217794759826,550.4250805585392,349.54906991661323,242.91859468723223
12:00,161.3561832586979,393.8369017632242,540.1369827134625,261.2868836095029,443.89204545454544,262.48114135782225,323.4320409032808,196.23089430894308,597.4005358338915,1023.9506172839506,522.8637716687095,905.8377947172487,451.1494992846924,639.826070901034,703.7287735849056,317.1193913382755,410.4569205113952,711.1221314663555,906.2761366555355,161.6600817438692,1006.6742627345844,416.30913978494624,783.9466252471053,350.7774158523344,583.8997829232995,334.35273279352225,830.7676190476191,912.1175207942044,645.9937910883857,745.1934450468211,142.98310291858678,685.6473249409913,335.04129886506934,602.7905851297844,821.7781178270849,436.4869579393544,549.1956247370636,326.79265471370735,472.3049688191511,531.5237702665568,665.9634506852997,549.7163102293223,354.88373570520963,233.24392361111111
12:10,164.5726356841079,404.3918495297806,556.5615141955836,264.2404837430611,453.6103151862464,270.6972357723577,331.45886654478977,200.50065573770493,603.2960143304971,1042.211693548387,536.0826417704011,927.618175351236,519.8118619348566,634.8878434324427,745.0462883959044,324.2222005842259,406.00753348214283,707.4169130691898,898.5816432657306,169.26191316625486,992.5425842398514,420.1627782247251,795.7670614777214,361.3046638400969,572.4184923876718,332.74555518282455,829.4812144212524,901.2911897790791,641.2396171903214,747.2026270980297,146.2720861172977,683.4017295597484,338.7730315588142,598.2183551318998,832.5063846767757,428.38466484488026,562.7536656891496,324.6611143021252,475.01210653753026,533.4389302453818,667.6028387787895,551.7882626680455,350.1005728835137,231.17869415807561
12:20,161.09843546284225,401.0266505148395,553.8979010106245,262.6251737145126,439.85029069767444,266.9714100064977,320.1937261551505,194.80156148340924,605.9866220735786,1075.9747031491997,535.4146299777816,898.198030438675,516.8388278388278,638.1522900763359,724.2985355648535,323.5524542829644,411.37946681792397,711.5095703125,889.0386422976501,164.78244535519124,1013.9368311145915,418.8313577586207,781.4477189005383,359.42657766990294,569.9149888143177,329.7388034759358,824.8106565176023,901.9708087841457,650.5348540145985,732.3498688290007,144.37728119180633,679.4364782351782,336.99105490438,590.3506787330317,842.9755529685681,434.1915621436716,553.3479338842975,320.352493660186,471.1845450933651,520.8368267444946,672.8684351554126,556.4872071101535,336.07608695652175,227.1552028218695
12:30,155.89302022178734,425.42439024390245,552.111661883642,261.119104716227,428.2701149425287,266.34427828348504,321.663769441903,193.49330721514855,593.4337777777778,1052.9560659011483,554.232980332829,894.1484864768046,506.07778864970646,634.7410373760488,766.4057788944724,327.16317106022706,410.52350838603246,712.2076405384006,889.6414507772021,172.47465778764337,1007.7535267500665,420.3722745625841,771.3529076396808,367.23812423873323,578.5195861049519,322.1316572940787,813.1330431491294,880.9134281200631,659.3782256545488,727.492372682469,140.8809355067328,667.3739316239316,337.34664586583466,588.360078705728,842.1837555287495,434.8791423001949,554.3624689312345,323.00028457598177,468.854675402025,519.9272873624899,699.6476627938395,553.6180107526882,348.15209125475286,234.22671353251317
12:40,153.2,428.55460122699384,552.854597851716,258.3888444622151,424.1801418439716,267.84818805093045,320.78133577310155,191.92494264175681,597.7327723447805,1033.0497512437812,547.0523420570095,903.6699747383616,498.7401267674305,640.052059052059,752.3830543933054,315.78904333605885,408.07192144373676,723.2139175257732,910.1435529351448,167.42507530120483,996.0779082177161,421.2984599044079,768.8191244239631,357.78984332793084,576.3155571901434,321.339946648883,821.1920947107122,919.6459495351926,679.3343647263586,715.4225844004657,141.76306107431935,658.0315341458696,326.0534793814433,586.6331091343025,827.1176018447348,434.4901413079198,555.0422710319104,327.1377930245855,466.2239810051444,524.6248982912938,705.5238737523604,550.8238009746088,360.2856246076585,237.93955555555556
12:50,152.69571090847685,424.56123737373736,546.2062615101289,254.84497512437812,435.151212553495,267.12985318107667,316.8785388127854,186.08462809917356,610.1607702642185,987.4332166083042,548.6710200033064,951.2681014043407,476.20308731307284,620.908779931585,811.9286012526096,318.81703039750585,410.98361998362,693.5764243614931,919.8559365404299,165.46534653465346,1005.8487752928647,420.7140181915463,759.7160068846816,354.92340168878167,564.293134115973,306.94458148330864,836.021113243762,911.1717225006595,682.8519384375609,698.8054277828887,140.93255463451393,668.0730954676952,318.75189706367536,593.6826655238912,833.1793721973094,438.72779605263156,548.2221765913757,324.29963078670835,460.6162699960983,521.9543403238652,715.3231347289318,557.5170744823878,342.25963360707516,243.0125
13:00,152.7084432717678,436.6117054751416,551.6093133385951,258.7452395269593,449.77906976744185,276.06333659810645,316.69478592623994,187.44649933949802,612.6914360427108,974.8296296296296,552.0266199649737,891.1005927788755,479.68829891838743,629.23960968558,758.9954470198676,318.5129318854886,410.0097719869707,691.8318670576735,902.3555840821566,162.32595921189076,1002.2335824879872,419.25498537622974,760.5592783505155,367.1813784764208,563.1185933408156,308.62512363996046,828.8591655654144,922.29243517776,666.5196340068624,727.4188132474701,136.50584192439862,672.7797550707999,312.8161642928122,590.4238567730803,823.952922077922,429.80200789993415,544.6243386243386,322.59446484044054,458.06408518877055,514.0800102907126,689.8174307036247,551.922371967655,334.4939141575913,244.64388489208633
13:10,155.51166840822015,446.6427209154482,548.8109465891063,255.54240317775572,448.8643578643579,274.5116129032258,321.61240310077517,189.58058124174372,618.9043478260869,962.9005389514944,545.8713791218801,906.1511063140853,476.4347394540943,594.542246681774,758.9714754771188,316.3143724696356,401.05079708186975,699.2717455330846,895.0819927348209,162.79909154437456,981.7202555230236,413.15772703133297,767.25,371.0921770770164,560.0485088034495,314.50379162545335,823.5159090909091,912.0212137486574,605.5688225538972,719.4219640009113,136.83728115345005,664.7611654207399,311.3579911774686,596.1396138340759,825.884069720308,423.05222759886533,548.7385807504078,316.79430022573365,456.88489349228064,497.568170169144,676.6458720467215,543.4758304077775,341.02209595959596,241.26306306306307
13:20,158.0132635253054,446.7591054313099,547.8631218741774,257.6380331753555,456.9134328358209,268.29514563106795,335.6954128440367,192.2717178314827,621.662396873643,1050.1722903885482,556.1934550714157,898.1137261947539,485.4634268537074,593.7400329489292,751.3659331703342,317.79307631785997,389.1292134831461,712.9189665296535,900.9887496803887,166.37395833333332,989.2949370479507,424.0871181938911,780.7403346797461,348.6057108140948,563.5754573170732,307.99355158730157,798.56771037182,907.551227321238,632.5278350515464,703.2239534883721,136.28506345590628,649.6687559354226,308.1722632639355,582.179866611088,831.1899957965531,427.44976319350474,556.8765084473049,320.7501397428731,453.40251325348515,496.8655462184874,691.6130653266332,542.5443645083933,340.3593548387097,236.37671860678276
13:30,155.52379261363637,443.20328282828285,548.4433912585571,263.29747351263245,467.59076923076924,272.1808785529716,323.9030328919265,189.9482137004261,621.676105423655,957.883064516129,536.4448342396071,879.0795922017528,476.93074792243766,584.6175426136364,749.4267722933171,328.72727272727275,394.42738128297697,679.5801213069849,878.3647700701481,168.2071108042803,1001.4529458810983,423.5135135135135,784.0767461914343,345.41033925686594,559.0362733867888,306.29280315478144,830.4648306661704,914.8762803234501,628.4688361831219,694.1491268382352,136.24177300201478,660.9205323193917,308.19534724598014,593.8262403985883,816.6568421052632,433.0742439687394,544.0126272912423,325.72850678733033,462.5551390806865,503.30059293632377,703.3704191932508,539.1830651543129,348.7433121019108,248.42260208926876
13:40,155.6174805378627,467.1333333333333,567.0338938518129,257.23509605862546,480.76609105180535,277.64445888852777,343.7496503496503,189.9940672379697,628.2607096495024,1003.8280521901212,547.1829771951876,877.5289271001254,474.89145383104125,600.7873443983402,729.2816442816443,326.02975270479135,389.65706371191135,671.9349640846438,887.6493839835729,169.32396449704143,975.0401595744681,422.48348106365836,797.5934700953482,349.9922295277944,559.9510770354144,303.0521681342416,816.3185269552013,909.7866379310345,627.6943381019545,708.4972144846797,137.33696763202727,646.6742758488394,302.3475201072386,585.7172785729102,816.3477891156463,423.22910321489,542.0407830342577,328.1918671248568,457.66068938035465,498.40899795501025,691.5124272871496,532.6247549019607,358.4042416452442,243.3496637848223
13:50,157.88912504427913,456.18646232439335,556.1952368489924,256.38702064896756,462.5551948051948,266.7523623330075,346.3693396226415,190.08048224177256,625.4852386237513,932.3200197238659,549.7469793887705,863.9141170155663,475.4271186440678,621.5995059985886,731.2414141414141,324.83240223463685,400.2048554282597,691.9056676272814,916.2815856777494,168.94666666666666,973.092513368984,429.3496522204387,801.7118248175183,357.4711481261154,562.1388253241801,313.3821910955478,812.704961832061,934.6880536912752,640.7290244881574,717.4970650387415,141.45522123893807,621.5644324947186,291.9382964453387,584.4277231777231,818.9787052810902,416.88036388602814,540.1953738124741,331.38237810094097,456.88931221175056,488.6687769055457,683.8389314996033,546.1266757865938,353.08365508365506,245.55369458128078
14:00,157.377060680463,468.1432208784214,570.7604493207941,264.34996056782336,500.7404958677686,275.5537809647979,349.15354330708664,192.9107965766952,640.7301832634136,894.337095191364,549.8549312923986,890.1417126580025,484.6257253384913,631.872169466764,762.0869389405581,331.46950163555897,393.8862667045778,679.7454894433781,907.5188825659596,174.0895301516833,950.2304359599242,427.0503711558855,822.9031783402002,351.77625298329355,567.8681696599159,312.1305067903279,822.6565950029053,887.7761557177615,644.6318280418063,738.1854336367992,139.27764298093587,627.5782803665431,298.32456440041,577.1031269413958,795.5852199914566,425.2798212444139,533.6562371346233,330.60473167916905,460.17293082766895,500.4501013171226,678.7752123142251,551.947028771175,337.81023316062175,245.664
14:10,149.01546572934973,455.7682077264091,554.0448348190876,264.0131967697459,475.16329966329965,261.8137414522957,331.5807217473884,189.5323645970938,592.3934213373728,912.8916478555304,544.1631689401888,856.7644869750133,464.19513358778624,609.8457639391745,777.3332664928815,324.85835095137423,389.0190937589057,692.4562211981566,926.8378519290928,169.60151734104045,983.2848084544254,432.83467309753485,801.1457708458308,337.5176848874598,553.9871163319439,315.091630830301,830.9976571651698,936.4690899442824,651.9654223968565,730.7998084291188,139.91749291784703,666.1929648241206,304.06237288135594,582.150846058605,818.5338507977576,429.7500857044909,521.1264985531211,337.4169530355097,456.6145418326693,485.8202883625129,702.2537628729865,552.7964137931034,350.6091435930457,250.7251984126984
14:20,156.12776412776412,476.70180910792266,564.7852664576802,260.6263891695292,473.5822147651007,264.0621118012422,346.3770803613885,190.34466820732916,605.3754355400697,919.9479940564636,552.0650505755144,906.86955749067,475.00141709966937,623.377640203933,797.3803668615199,325.2463849765258,391.3826872631886,695.2796890184645,935.6352415966387,175.14157215486898,959.7890080428955,431.46450575944283,782.2925107427869,337.6319569120287,567.3173499267936,319.2551071250623,803.2463137996219,942.9264628360569,639.526756808227,717.072886297376,142.25507745266782,625.9183356017888,295.11201079622134,571.3132555231347,820.8872442316065,425.9580525606469,530.3385892116182,342.64130119082193,450.1291866028708,495.05776736924275,699.5305960264901,552.526286966046,356.97845373891,245.07858546168958
14:30,158.28704663212434,488.36700125470514,561.2781405066597,267.9274097580325,480.83305227655984,277.01501795625205,344.4640304907099,191.74534574468086,622.8903661726242,926.844776119403,547.0457630067862,925.559515324305,491.7365542388332,625.6130671506352,814.1195892893095,330.6242334138636,394.9897209985316,686.4782861574254,936.338893301562,175.06201248049922,963.4307370622059,433.0510067114094,780.5716520650814,355.52447129909365,575.5196733481812,312.28594905505344,810.0643263757116,924.3653645833333,634.9951085893172,714.5120095124852,141.976130198915,632.0663037137857,301.53987105531047,579.7280231118448,802.1892361111111,424.0525331519891,527.9493355481727,339.90309516922184,456.58694787107044,497.88802286308135,693.4823934339423,547.0199792423456,348.54223081882657,253.90918163672654
14:40,161.37977762334955,502.3895859473024,575.2668237758576,261.3261785356068,478.60869565217394,272.2351219512195,356.6373574144487,197.54262023217248,619.103638368247,1015.6964782205746,548.8574405278695,976.5781561311356,497.7120586886749,640.0504111548087,816.1323529411765,333.1541987532087,391.93179830953073,715.1508357915437,909.627569847127,170.75322954620736,975.2052099946836,441.19693301049233,802.8675395858709,342.18455971049457,580.8203125,322.57794990112063,801.3125734430082,936.1300026157468,625.776675402471,722.3276492082825,141.9090909090909,625.1009120900446,299.6184387617766,569.9749066777271,816.1042316258352,421.89759946281686,521.630533719487,341.402076723392,458.4071988739192,495.44141335411797,692.9368673415024,540.957902892562,359.82368082368083,259.51276813074566
14:50,157.2876664330764,479.3608832807571,569.3843106180666,265.59029595329173,472.3186274509804,268.1767015706806,345.3005698005698,195.98194583751254,604.9716019943637,974.9011044176707,544.7284498048954,951.1036344008636,498.22729368372524,652.1969111969112,799.6280610196708,333.6278126152711,393.6687715269805,720.4890438247012,910.5088,180.6943064577761,978.8149446992177,444.35532314293374,764.7051952044267,346.1516443361754,573.0942889996168,324.8287037037037,826.5384165366614,961.8985658409388,632.4703953712633,713.5551479579359,140.62228997289972,638.2384839650146,302.0787858117326,574.7314717614948,812.3982300884956,426.37890365448504,518.7146422628952,341.3689824156817,450.7635448136959,490.2084194214876,655.1783540619211,544.8185034013605,343.5146771037182,248.47262247838617
15:00,155.58618283321704,499.82267257758076,576.4734183944711,265.09770346494764,473.7722132471729,264.4559870550162,337.0118371212121,194.1540765391015,603.4991204925242,985.6270928462709,550.1362513236851,950.1092662024638,486.74446494464945,651.1293754289636,793.8356551584898,334.6615015679764,395.5984544934173,702.8999797529864,912.7448294386247,177.99457308248915,964.0908355795149,441.7836179295624,782.8165219994014,350.04888352444175,580.2365844104975,321.68009282280786,838.9141258201466,942.229376777864,631.9595228783731,694.0485129205266,141.3106141285055,643.6116088819634,302.30715005035245,577.1982113144759,782.9755993150685,424.6162251655629,522.7237776849144,334.7103448275862,446.4301011302796,493.08181116542323,645.3103813559322,555.478018920423,342.9715210355987,253.7130264446621
