Time,0,1,2,3,4,5,6,7,8,9,10,11,12,13,14,15,16,17,18,19,20,21,22,23,24,25,26,27,28,29,30,31,32,33,34,35,36,37,38,39,40,41,42,43,44,45,46,47,48,49,50,51,52,53,54,55,56,57
00:00,84.9204268292683,139.4720812182741,125.06870937790158,85.04108338405356,75.02728426395939,177.95716395864108,202.32024322270078,72.23806472284524,293.73831325301205,225.8956294846706,149.65983971504897,88.82357212003872,104.4,363.11720301946764,358.9944519166106,481.99944305207464,422.6862963996651,458.3462064251538,155.9649014778325,61.25064451446577,444.18201387227936,247.11555666003977,125.35047736372036,495.2744923008257,187.11603053435115,296.9669923422234,491.91206652512386,351.7168083714846,384.0961337513062,359.7118544600939,141.29535864978902,251.57899522618777,432.58088851634534,303.3786078098472,238.8893029373082,146.2445295404814,440.93591529674006,543.9148518736512,330.47162194253144,353.22116244411325,429.919689119171,466.75984251968504,493.147972972973,187.7183399450717,563.1891812865497,376.601730393525,182.12549019607843,215.5825423413363,405.02888792354474,616.0160103851147,145.09494640122512,167.588572794645,221.94762937713045,90.29904761904761,64.03816131830008,572.2607861936721,258.13359375,194.0466926070039
00:10,87.6863025450386,169.26912691269126,126.30511571254567,88.7786910197869,82.7788267026298,184.48757170172084,217.43333333333334,73.68032,295.39755864049783,225.1548686244204,157.9134060295061,92.43921987710392,94.78083554376659,388.5560675883257,362.8627121492186,490.6328382838284,425.0414593698176,487.1546218487395,155.95158398087267,58.518862449216485,424.77564402810305,255.87296008034144,138.48301773369403,510.1360302289398,186.28898050974513,308.6071060762101,499.0256454989532,358.2466063348416,388.5917610710608,364.2705158264947,143.45656824989302,255.87817028985506,437.79896216940074,309.65852842809363,244.31860158311346,159.9234135667396,446.0292805354155,569.306855700136,335.8500710563714,357.06001791579575,443.38011508951405,475.13536498936924,499.47623931623934,187.08671204498373,588.06051527861,383.75476457399105,177.32659507264688,227.95336787564767,402.8836954136493,636.9910534556028,151.1656942823804,170.98627671541058,224.72872503840244,94.52442868400315,66.34165571616295,565.6976076555023,256.3034044145155,209.4630700064226
00:20,87.19843834141088,158.4359197907585,127.32298325722984,85.45667082294264,92.22889043963713,179.5476653696498,213.24736436101827,73.29530638852673,295.331239429814,219.66998491704373,151.8785578747628,94.87230729301842,96.18431771894093,391.1857585139319,363.63477088948787,492.0478416277152,422.91947831017865,487.704021094265,155.88882421420257,60.269042828398966,410.7468947738458,243.74931609052476,134.4471124620061,498.0782222222222,196.56170212765957,293.7978600347021,504.1901645144171,342.89463477698774,390.78409785932723,363.18048206937095,147.8325441239776,256.3488164359089,430.51025132275134,305.7131834954713,243.80767524401065,159.5585635359116,441.2923291492329,554.9910261412407,334.01736441484303,344.44675488342784,438.21801400381923,471.7504469074008,497.62589928057554,186.457529513389,568.1057720480516,378.82336422353274,179.99732262382864,228.20613953488373,415.3100860737144,625.3060900264784,147.18364469510047,175.9008842278429,236.0053492762744,94.70521364170914,64.87779237844941,575.1783251231527,265.268573551263,201.6192926045016
00:30,87.46589928057554,149.788256227758,123.26503475370203,86.88442787496415,83.39914163090128,190.27925892453683,234.77075739165653,71.86931818181819,298.6962874251497,211.72639451542537,145.1425908667288,90.74276111685626,95.69479353680431,375.05842874062375,360.5386428691699,482.8781908990011,421.8780145821649,484.80984490896833,154.5997596153846,60.80402298850575,441.8588986055306,242.9218985434455,135.04553734061932,511.0024455313473,185.06843100189036,292.31814505257483,499.9160480735242,348.85612211757064,387.7959734329597,358.23419749490245,135.77917852785686,254.86889287315105,433.23087049531017,311.6408522150829,271.65,154.27352297592998,454.5454799107143,573.6249018067557,334.9843674843675,349.5221430783524,454.6404174573055,473.4223404255319,498.1480218281037,179.9980684326711,583.0725022104333,376.90421348314607,194.97719087635053,222.74647626112758,396.4598085059007,619.5716775599128,151.18285714285713,168.90117484450587,236.90625983013527,92.2977158343012,64.26263498920086,562.150289017341,277.7981024667932,204.27956298200513
00:40,88.41082339249346,165.1190053285968,126.98714883442916,85.8168362627197,78.60322580645162,173.5142580956984,212.7932049224184,75.1700964630225,295.7540944123314,226.2371067142394,150.35067437379575,93.99844155844156,99.54777534646243,403.12458691341703,366.61034133153095,484.6337797212353,416.7621157574079,480.8991652754591,158.99455864570737,58.72235089751013,416.72680412371136,246.47209966260058,142.88329796908155,498.9728345580049,189.17396226415093,298.0052646972799,507.54466960352426,345.4265711494627,395.64328205128203,364.52236609770455,143.40861159929702,253.45389435989256,436.34888741281964,302.04110054347825,276.6217540421362,156.84345922276958,452.3499161542761,568.0135553834237,341.2794223826715,338.7305408970976,449.0919175911252,473.37190375088466,484.0446641663825,185.63839285714286,555.5497685185185,380.5954802259887,182.1617819460727,229.97082125603865,398.0731441048035,639.3773339122883,149.22627182991647,183.8666098444492,236.59060615677564,95.98653465346534,65.27662337662338,575.2311507936508,269.306860551827,216.94605263157894
00:50,87.13711371137114,148.1376306620209,120.9195710455764,87.0777673251803,70.95215311004785,177.6,230.406038647343,73.69247648902821,292.9218523878437,229.5099907777436,140.47466511357018,90.27536231884058,96.58894321173373,368.7710651828299,361.04628850361894,476.53291104378957,404.59326710816777,475.2784767086025,152.1165279429251,59.26846220677672,427.65826660386244,237.9877408056042,165.82405745062837,505.24721851357367,175.9112874143527,321.0813743218807,478.8530447025695,340.2325656827765,390.84491558696504,359.35381479324406,141.49706546275394,257.86346453191015,442.15553719008267,309.4197031039136,262.94641564084,149.95511221945137,456.7447405329593,599.7390378884631,337.7884197828709,336.07395287958116,444.5197597217831,465.93479776847977,487.8021045485404,191.1637021404884,555.8448471121178,386.5215541690301,175.6034155597723,217.87527272727272,395.11891773947195,629.1661959591571,147.45662100456622,171.17794054286946,237.10447273914463,92.93354061406917,64.77466609220164,559.3037249283668,275.58801213960544,210.70322180916978
01:00,90.24084507042254,165.88787602552415,121.952551477171,85.67685185185185,74.5556270096463,183.70315976858032,217.49391171993912,77.26512345679012,298.15451683216276,226.40942780907204,165.4127214638397,93.38032871083719,100.88027656477438,393.9892349096501,363.3418832264597,484.23747936158503,412.4744769874477,491.693781512605,158.9626955475331,55.52663755458515,414.34343434343435,242.1823636837986,152.10393939393938,498.0964150523269,183.1390630763556,293.6355305941472,492.9404449115432,339.80980012894906,396.47163265306125,359.8543490951547,143.16742493175613,251.08266085059978,441.61581827226,305.2385290148448,276.81159774896014,156.20078081427775,454.91938633193865,572.5144418423107,340.1162005785921,342.3906048906049,443.8583149258441,473.62104514752934,485.6811744386874,198.45920052857616,579.1490125673249,387.6901569186876,176.79730521382544,226.71346863468634,403.30513328927077,642.5170126257223,152.98925501432666,176.42815446789402,239.54798558794627,95.57170467723232,64.22456896551724,558.6100502512563,273.1379839018781,205.9244935543278
01:10,86.68988291804263,162.6821071752952,117.54942460902922,86.0759532595326,80.36137281292059,175.9838788470933,228.01222038111018,75.92420611144398,289.00639204545456,233.02954822954823,145.28540168802752,91.56129529683886,96.40125972582437,406.2122176264715,358.4513468013468,477.3905179501233,413.88235294117646,483.67775537634407,153.54298642533936,54.4370802919708,414.7488904461574,236.1259704482845,137.54023686607957,507.43831383800483,180.47599704579025,325.79317371370354,478.5771637122002,338.6529826812059,392.6088770864947,354.9292842885657,142.5068243858053,259.81717081850536,432.92521189961775,308.502208630649,265.7246236036911,155.13175675675674,452.0957714925791,594.2298724153102,338.39432928282105,340.2986846326596,445.97293140572134,474.08585503166785,491.9384934346925,194.1498699609883,578.2964045600702,383.17797331819474,177.2928317234367,218.90573421813852,399.80163103372274,649.7222341108495,155.00800609988562,178.7494074552898,245.9859649122807,93.45709828393136,64.52538726333907,546.5115577889447,278.25660666411335,210.37259764414136
01:20,87.20875824835034,161.96844003606853,117.38098050797402,85.87511177347243,80.19774806474314,179.75826848249028,221.6308905958065,73.85409582689336,292.2771971496437,204.69573520050923,145.0021645021645,87.10304568527918,96.31766100355591,395.5627764545764,361.714865550482,458.8757509557619,415.10255697609784,451.8911374738311,155.4160282852092,57.47399011915141,421.9334753787879,235.22872075659532,143.94033918837067,505.2925531914894,181.1280238183848,323.30712468193383,474.1741475295755,343.32911392405066,393.71367521367523,357.7900284900285,145.7001633986928,262.2277314611672,434.9630123292236,307.628897083473,271.12010763209395,152.2631278538813,459.45556805399326,615.2769774395216,336.5837297811608,339.2681205901219,458.2859836580767,473.55790960451975,495.45532060027284,193.98990228013028,595.0601616282551,387.6031972594919,177.609243697479,223.01884278644843,406.0856954515491,628.8134928417337,144.46652421652422,172.9904718693285,246.7930019620667,88.80818713450293,65.0235646958012,537.0908152734778,278.9528374233129,204.3131498470948
01:30,89.01406649616368,164.46630236794172,120.22232169501642,83.16528672186446,76.08389261744966,169.25493025493026,214.2322006472492,74.33765841882921,295.6976139853532,202.39482961222092,154.82907089673034,91.23561780890445,99.74508348794063,392.5189504373178,360.9885076897076,471.8224528817263,407.6416829200334,455.88,163.09994478188847,57.219837587006964,410.7731546779502,232.90180813661476,143.9723991507431,489.17970822281166,184.49778434268833,298.9345484672742,468.99397797660015,344.8249354005168,379.6376174295423,363.9644611383993,147.78327884166276,249.56025140875596,437.714982344039,297.9776964047936,264.9502185526955,148.83566238121855,458.21305075292804,589.9585853885528,341.9045810586281,335.8294670846395,447.8781017369727,468.5512640449438,487.9986399183951,187.90436341900778,573.7652848195646,380.56643159379405,183.05108173076923,213.7287756156363,408.06484716157206,609.7766382756822,151.09339407744875,170.54493670886075,242.93432741116752,90.76044039483675,62.08845315904139,557.2792527040315,276.08856372737773,202.1201952410006
01:40,88.7763774912075,171.6663577386469,122.15077881619938,86.47098350641417,72.24373259052925,182.85763209393346,174.34054910242872,76.04911955514365,300.4195754716981,206.86471494607088,148.4853875476493,93.46601441812564,95.58642911296437,401.8535894206549,367.4207141648333,473.15217987386893,410.9117647058824,475.3773006134969,153.37037037037038,56.16467849869072,418.70935960591135,243.03247271759383,140.98389095415118,506.95694413777875,181.2183555100648,299.02172746781116,473.32999135695763,352.52743705616524,383.8532021604938,359.0497237569061,150.0343546889508,248.23448866067608,444.8447897314643,314.4286199864038,269.38300970873786,154.95286195286195,459.93274041133964,585.0312298083136,341.97316079559073,342.992376111817,461.8406969508401,473.0181995450114,492.4131391804944,196.82159923542528,583.0240498812351,392.63296516567544,182.19889807162534,225.10822818553405,405.4789714534757,618.8137906895345,153.4252916823485,181.96399176954733,250.6413043478261,95.21889580093313,63.51548672566372,573.9334600760457,287.3092664092664,207.14952153110048
01:50,96.21728763040238,165.6739327883742,128.30929733046946,88.20231394621638,75.14102564102564,187.1629238221048,250.122579316028,78.97684279191128,305.4669352927234,235.46366241208648,157.08529411764707,98.85790408525754,110.9396621078037,398.94149443561207,375.78247631935045,484.47970378496984,415.12998361551064,481.71881321645316,167.372192513369,59.10345829700668,406.0880224141957,261.71735099337747,157.7239819004525,498.9402125775022,188.79911474293496,308.0306178239475,494.2794193882841,355.1872964169381,397.1262371238134,373.7422055427252,157.51596244131454,256.59044894366195,448.8741766593481,306.21158352862403,285.1970068694799,162.582908885116,457.1468220927005,578.2355788624445,350.75124614289103,345.75661548513557,454.67577525330057,478.3840482573726,494.6863885088919,193.83768027002148,582.7084685748008,397.8598798970546,183.75152253349574,235.97544603426957,414.91736967337226,626.3486623535583,152.59000375798573,187.02638580931264,252.06297953964193,100.46476703889103,68.11516483516483,579.5431861804223,287.3573050719152,220.31451123254402
02:00,92.81091796279354,169.3683737646002,128.45291347851676,87.16672051696284,98.39101620029454,181.18943360304615,190.20248235580434,78.26992366412213,306.34955646128026,226.21642589620117,158.46116941529235,99.02463179278821,109.07154471544716,395.951503990178,370.4245235284196,485.09405255878283,406.4090410958904,475.7543382102756,163.64324034334763,59.42832167832168,403.4227452808203,244.92284569138278,159.35910447761194,498.6079168509509,186.76958986328776,343.2728781412992,492.40665853233395,343.4213573496301,387.3209538702111,363.72212978369384,150.86555401019936,256.48919276576976,449.42109747784593,308.9014794889038,284.5928011753183,160.15163472378805,456.9395284327323,574.8918109899508,343.6062249469465,355.5092101155167,458.6884882985452,486.2630480167015,495.95171710302617,199.08173807353387,565.581662735849,391.5403868031854,179.95910780669146,232.00053380782919,405.71050347222223,617.1773509046236,150.0874255952381,185.38615096693698,256.40411630186213,97.85007668711657,67.41252144082333,581.7751937984497,292.9961788307222,214.25495915985996
02:10,90.62369640787949,180.85988483685222,120.29472748815166,83.17891472868217,89.22052401746726,185.00489236790608,204.2626708727655,74.59542463177688,299.5170685127716,221.76171542175518,151.35054174633524,91.53055411703781,100.64559462662979,391.09929728078214,365.39126784214943,473.58027397260275,404.7458184809432,469.4878869448183,160.06385224274408,52.316329522134275,402.3250585480094,237.44458502024293,136.9402709359606,489.9643485915493,183.28135106000718,303.3935057787562,476.03488977608055,342.3489932885906,390.5606880556629,351.07360912981454,139.88124713434203,250.96460563688007,438.49075462268866,308.9133597883598,276.25580258978744,149.18232976927405,452.1561636263129,577.117532044319,335.6746903482122,343.4651162790698,459.4192166462668,470.1513837945982,490.38345864661653,191.90274314214463,558.2130434782608,383.8641412702934,185.0402193784278,217.47586941092973,409.8543520729325,604.8058895277923,144.21308479532163,183.06716873600652,246.30065146579804,94.09436893203883,64.57665505226481,553.3634577603143,280.0124905374716,213.5672009864365
02:20,93.65422810713211,177.1566484517304,125.02819383259911,87.101444820166,60.33097231165486,182.05002359603586,192.27110036275695,78.37128111718276,301.57307601788654,226.0734662963898,146.48069620253165,91.77826422868915,101.92712215320911,395.04869727047145,372.20245708515654,485.36267029972754,410.8664309031556,474.21416294259194,157.9664358018114,55.70811130846655,407.3239008419083,250.50383293682262,140.55067567567568,502.8440062042987,188.9240828187432,354.8347045624532,478.53719586907056,363.49204287106204,395.1079960513327,350.8123068277606,149.2233455882353,261.97466103578574,442.3197723087226,312.1723087339201,282.1567237163814,158.14212910532277,463.8185584092792,575.2632365499574,331.3027906976744,340.53553553553553,464.90796019900495,484.6525853328827,506.85944463489886,189.04546787914344,574.8858151854032,395.0586206896552,181.76036036036035,227.20050350656356,412.26052233973667,612.9140652402666,145.84913316119514,187.96478013029315,248.38994743758212,92.63506743737958,65.16873661670236,579.2401433691756,291.06139315230223,218.85688622754492
02:30,92.63550014841199,164.59580291970804,127.54628780934922,87.73785822021117,72.11694677871148,186.33026315789473,204.50139416983524,76.80190476190477,311.36480380499404,216.64132327336043,148.89905874716,93.7471346704871,109.52434648898002,404.4449715370019,374.3204064352244,481.38324664659183,418.749725877193,464.02988663689456,157.52490626673807,57.70437317784256,413.3312737642586,254.05172413793105,145.63997555012224,507.7072470172338,184.8401074907625,347.6274558567521,481.862517580872,363.3583441138422,388.4752573238321,352.80450270732405,148.038236617184,264.2903580057105,445.9420752182673,318.7404891304348,283.69664560038893,156.25964718853362,470.1969823973177,578.6590364072379,328.748463356974,329.43587140439934,462.28434405940595,486.60548885077185,506.90825375170533,180.5351366424986,593.6154518950437,404.3663943990665,192.7221183800623,231.274773943532,418.7781682407204,636.8249456915279,147.85295209803192,186.83582089552237,257.4228121927237,95.31928875144956,68.61593895718525,583.7341888175986,298.67372204472844,219.9934210526316
02:40,93.54688427299703,182.05585585585587,125.30535924617196,83.48735701384707,93.928,181.76593720266413,225.011013665103,75.425989404799,299.8699129616561,224.35921170498656,152.13039309683606,92.25908372827804,99.67877412031783,392.8474114441417,366.69119380367067,484.1906190346332,408.867466593946,476.2987927565392,162.91675617615468,55.15485948477752,406.8889927553167,235.00232618247608,154.18882407123118,486.83841262880946,188.16094890510948,305.5455053042993,467.41802846599893,345.905916585839,377.4282892137495,358.8097395243488,141.9755422242732,245.20603869870297,434.715051961113,312.5811764705882,279.20058280718797,149.54972067039105,461.76215912285636,549.547011874635,327.01464682258444,364.90119498688426,424.07306190741775,486.1736249171637,500.02993197278914,177.9247191011236,548.9691218130312,393.9864043968759,187.91490810074882,225.46722330786997,414.128877238969,618.547652916074,143.21529324424648,177.01490100020413,249.58407643312103,94.54251170046801,70.02310654685495,595.6255707762557,289.34667703070346,218.61237980769232
02:50,91.14748201438849,165.5886524822695,127.05076878445024,86.60308467107333,73.82029598308668,184.22404635441816,188.02021197929506,75.53147970597635,303.3897076023392,216.20866489832008,145.69072826435675,95.99156441717791,99.90964840556009,382.7604332589997,367.6373310810811,480.5513062213843,416.6984213391399,455.01773296244784,157.58361204013377,59.7366881217086,414.03319108582264,240.00691371681415,163.9259927797834,495.40484659848823,193.81495327102803,349.18689934243804,475.38054818744473,363.62876802096986,392.1279554937413,349.32620320855614,142.13102206213418,263.6789071038251,438.80351517161336,316.8515912897822,277.15688651794375,151.71136865342163,470.21358129050435,567.8792764451435,326.836524652944,334.84833333333336,453.5069919666766,476.89642857142854,494.42050067659,187.95133819951337,554.3253790005615,383.2104964539007,183.0715542521994,216.15522550262634,404.6779882429785,613.2739557739558,145.62047302291205,171.95121417632902,253.10818030050083,93.782475019216,65.23811600523332,596.783808647654,294.1597796143251,215.285625
03:00,88.82762799151772,160.08868778280544,123.33516483516483,82.5884423584629,91.10918674698796,183.74757709251102,184.5867658782886,69.85024469820554,296.66974169741695,202.53031731071317,148.65855855855855,91.23182052604436,98.83895279650932,373.23826366559484,359.86675639300137,455.68648079957916,407.5660998354361,453.3670194605667,156.3217391304348,54.75725593667546,399.1299342105263,220.21496062992125,131.19424019607843,477.28739719937766,188.49008695652174,301.028012839218,453.3490818327688,367.59288537549406,365.37834779328557,337.9030985915493,123.98768577494693,248.27504786215698,429.1916335978836,306.77814460217894,270.9522533495737,139.74736257634646,454.40482874789444,556.534766118837,317.3130120481928,331.4689701442469,455.81365533691115,473.5490066225166,491.05495616992584,186.59064497385242,549.3885804916732,378.9655956781348,181.1813504823151,209.36084863612052,393.03390567267985,597.7456781322402,144.68803578084234,173.05065023956195,238.52636655948552,87.68907889623009,62.56351236146632,597.0220848056537,273.1984375,205.26859250153657
03:10,99.03319633259564,193.1764705882353,131.027701674277,85.57987987987988,102.5139412207988,187.4658767772512,202.6757575757576,77.56164383561644,305.16074332171894,222.05732860520095,163.41921119592877,96.01975878881191,99.65893186003683,386.9294043491963,366.4385521885522,498.28176201987645,420.3891178895301,470.97205933080375,165.0191693290735,57.911377595788245,411.5815536259094,239.48888888888888,146.99014474899909,489.01573581560285,194.08318264014466,302.10243616084534,472.6329294369209,367.97097195042403,388.3138277327153,360.26519495412845,145.69525547445255,255.4470227670753,424.2339479749753,309.73859060402685,287.6429800835997,147.98997995991985,461.967497898571,553.189001389716,322.9642857142857,333.48678487788555,453.0649734199646,483.58102893890674,487.0684513724161,181.64785937056988,572.173637150274,381.1457684687235,183.16466346153845,226.341990587415,394.0600607111882,619.0555751587862,152.44053851907256,171.24961915125135,256.55417463352455,91.46311317110853,68.69488683989941,603.3834586466165,294.16766467065867,207.56524283206554
03:20,97.98217468805704,184.60744186046512,127.44656268053149,87.94566224143254,94.31722054380664,186.96703296703296,186.6387881926463,79.7361156753204,303.464318389753,225.00554357868802,157.96254327982373,99.1539052496799,102.08998732572877,396.8293838862559,371.3543068640646,482.79024912938655,423.2776250687191,461.9095528455285,161.66050054406963,63.894966540587724,416.51891003053794,237.49111807732498,141.28087091757388,499.8243512974052,195.5104712041885,348.0351941747573,484.2490182077829,372.77730403410953,382.1629740893729,356.0214163335237,142.74530831099196,264.053629119104,435.9869830285055,317.87326799594456,290.94535113748765,155.8829078801332,465.77578976796195,562.5878751974724,331.15343915343914,334.8851121685928,458.2930424528302,499.4373202990224,498.22835971707644,181.78901983328544,562.492673992674,378.5545936889137,187.113125,235.1274068742127,409.078499781945,646.0848056537102,156.1052036199095,182.1223940820444,262.5820336868372,96.97214700193423,69.00583333333333,618.8739873987399,294.7349019607843,206.91584766584768
03:30,97.35534967124926,176.21350364963504,126.96225336002287,87.59092302974548,104.0828025477707,192.8768115942029,224.02316442606,76.03001631321371,309.47827086686596,220.2408996744599,149.60700636942676,96.6323914181057,95.14136904761905,407.64978111319573,368.7535496957404,481.4743072370191,422.40865516296907,464.80080618071884,158.7925558312655,63.47545744989834,426.6789186625563,238.8104160925875,149.70966758157974,500.57370517928285,186.77890909090908,355.16799228729815,474.26685693899395,372.98818510009846,380.2400759734093,357.8850275123081,146.4962216624685,254.6957264957265,436.3396788611157,313.89368882888965,286.09796314258,148.8787210584344,454.819872328615,553.3882791062329,336.8659013190034,335.0494845360825,454.00991253644315,483.3203197048878,501.033479878255,195.75807940904895,584.0092165898618,390.9255800792303,183.18617683686176,227.553038285915,407.21110870036887,636.3213467704993,149.9792899408284,185.16721026310069,261.01487710219925,95.30446601941748,72.59745588838736,620.893899204244,300.3436123348018,210.99378495960224
03:40,99.89283599763174,183.12275731822473,125.99458646616542,89.4811121184648,99.77083333333333,195.83231441048034,237.21817058096414,79.13052142145466,310.6536964980545,229.2580254391278,163.1006954944058,95.6137496720021,99.66118546845124,396.59560643564356,375.28001352722356,483.71226543377753,427.66904892798243,456.0214837193689,168.49598286020353,66.47295342782759,419.42669789227165,239.68642703862662,141.818853974122,494.7370288248337,198.12836826347305,312.8310428455942,480.6372863247863,377.0823451910408,377.7895232711513,361.0456765297328,146.4478350515464,247.50619878125656,438.204903097565,312.47610921501706,289.97374817695675,151.66969869243889,462.11491374513076,568.6672437007117,336.1302541544477,342.5189959294437,468.63512731481484,497.68189461883406,498.05826235093696,192.924753050552,568.3944158308485,402.4158757549612,184.82327586206895,234.36903673917018,420.5388349514563,647.2409265000912,154.87067669172933,186.744836775483,267.2146800909386,96.71712062256809,68.71783010933558,604.7652671755725,299.1977355438738,217.351368159204
03:50,94.43736920777279,152.97646033129905,126.23472765573277,88.30182267531666,105.42349048800662,198.4269496544916,229.83354011579817,76.99540078843627,309.21808761187,214.75258646172037,160.496535100934,94.05350219695012,99.80218005651999,400.7368421052632,368.24114671163574,493.38413643746617,425.0036231884058,448.3564975677554,162.99857278782113,65.54219288174512,427.28696475041403,235.62177328843995,134.40964230171073,499.3245400133008,187.24035506998976,348.8954014772456,474.5635585665894,363.57776307081406,375.4736351779393,359.45699239321243,134.82908933966337,248.9451680672269,436.650563878135,314.26406197372853,287.29196362742687,151.2118413905486,455.7367540435025,557.4754033061143,330.91541807636537,337.23855421686744,458.3180120654984,488.0436631698327,494.18215488215486,186.09667940052896,587.2811034482759,392.239571589628,194.90047897817988,229.49901061341967,403.85977616853194,641.272997032641,149.2403539823009,185.82891125343093,250.82077264091197,95.24485836243694,68.78940783986656,609.5767441860465,291.7594886136636,217.47954271961493
04:00,98.66012305889247,184.66036036036036,127.9570049722141,87.05066921606118,106.46612903225807,194.44363459669583,233.01908317776395,78.54626569729015,306.8539874447803,220.39124960654706,162.3779810519438,98.35034802784223,107.56757860351163,392.32096,367.5612674869375,471.75342465753425,423.8514851485148,435.7616120218579,170.99655850540807,64.05974842767296,423.69127040454225,239.9226014512228,127.22108208955224,488.0504424778761,191.74983027834352,305.79867197875166,489.23462986198246,346.26215505913274,378.19951967485684,366.69723691945916,144.96001950268163,240.49481481481482,442.5587194608256,310.13884185573994,298.6227383863081,159.26605005440697,452.1406120760959,565.5153970826581,344.9039343470915,337.596167008898,450.93941979522185,498.2283845278726,490.15274949083505,185.28079658605975,572.8158539907382,398.5223713646532,185.060382008626,242.9624976907445,400.4276702197085,643.4666420936232,151.56161971830986,190.92699064567648,249.61738598102235,101.33488914819137,72.50408163265305,654.3375224416517,307.2383838383838,228.45244055068835
04:10,95.7919422730006,171.42665474060823,125.34128166915052,86.82438408085913,96.62176560121766,194.43895870736085,240.40452209660842,76.65534591194968,296.7712285456188,223.44265842349304,159.46183699870633,95.84377436963868,104.37688044338876,405.8743615934627,360.9280188361924,484.7982786444325,423.08207105480585,424.1248299319728,163.71691599539702,61.7392929002587,421.3822493543085,238.95291951604418,118.45551045894474,484.81765749778174,191.9044776119403,300.8182074408117,479.35957066189627,363.06873540206874,376.4336497301321,365.5906935388263,144.72312223858614,260.1313368983957,438.54812068093713,306.6885628542848,295.0618226600985,144.62976894142935,452.9131034482759,567.0740141557128,327.44802098235573,341.10986011600136,455.1377816291161,478.8142151481888,485.0908472269479,193.6576889661164,591.1218146177541,395.3519144144144,194.1846153846154,229.83704248666544,405.1702313400262,643.2450872157209,151.42634508348794,193.79712787782083,258.57931963624117,94.9006092916984,69.98421052631579,642.875781948168,287.9009900990099,220.5653282345443
04:20,93.40138930836605,160.78161965423112,120.77965590099608,85.5275070732474,95.88795731707317,187.57703488372093,185.43349882414424,74.64559014267185,296.31848852901487,211.46024096385543,151.57889822595706,91.73599166015116,102.23900118906064,402.09081701553004,354.8601480982834,469.6078789459953,422.8567073170732,413.5235638114895,172.2007494646681,69.40795454545454,419.9492289442467,235.97969000534474,115.49362760335717,481.9991169977925,194.03768557289683,303.2689977973568,477.4902877697842,361.491013903018,381.2339832869081,367.70474262579523,133.90182745431363,257.11954870904754,438.25830508474576,299.92426273458443,290.07565708671086,151.7615598885794,447.6088888888889,566.57686854365,339.9902176571289,342.43440934065933,462.38293593794884,490.46764380530976,481.62735215053766,196.3601156069364,561.3820919602043,401.3342889908257,195.7280276816609,229.9147798181494,395.1501200087279,633.7197626654496,150.97723880597016,192.9182156133829,250.18316831683168,94.49438202247191,69.75518503456689,639.9211267605634,286.3049115913556,210.51348039215685
04:30,93.44428322692977,147.55370524562863,119.71790341578327,85.81788375558867,92.05291828793774,183.10695187165774,214.89867384997928,74.10461338531513,295.51681336041526,224.98218911917098,143.44390402075226,88.65860465116279,98.29721240675305,393.74322062269835,348.9130068988726,468.88711367207964,422.2240197422539,393.343365253078,170.57677902621722,69.92388228636106,425.5358669833729,225.11827033218785,122.98343373493977,494.23884224480776,187.4652052887961,310.02892340653455,467.6680430879713,348.33724438484745,376.02890812005154,359.9964391691395,131.3915270018622,267.0415314730694,447.58994528043775,309.60386965376784,286.6553326810176,153.95296752519596,452.1328690807799,571.3822385479689,337.82573529411764,341.89569707401034,478.28050171037626,491.6814371257485,491.0722972972973,200.39901930738583,555.1458117890382,394.4965986394558,189.6656288916563,224.77130548791908,400.59683446911407,626.6627432140283,150.64957264957266,194.72937293729373,257.6381536475145,93.07936507936508,68.23588879528222,635.4532990574122,284.60096735187426,203.6214415505754
04:40,91.24173861268234,136.6350822239624,118.22231520223151,83.2958091159376,88.48859455481973,186.01357466063348,206.74066346755686,73.36009327115256,282.98635041396284,223.6023479831427,145.3081168831169,90.06345903771131,100.69187675070027,386.1223949718822,345.2903171103951,472.0566239316239,417.89340384080157,396.99153689911986,171.39525065963062,73.0391770011274,416.8651129943503,231.123391158366,128.04292237442922,479.499557913351,184.5686138956101,295.01475501113583,469.3108957099264,335.4313462826524,388.8445644080417,354.9522554188635,143.12001992031873,257.9666951323655,440.15545283341896,297.8316070831941,288.6557417447018,135.64395061728396,444.5942952090834,567.0205030648912,339.3397655105032,341.83516483516485,469.3331420373027,474.37343291544414,485.7310529845741,193.1194729136164,565.809692349578,387.1417096959266,189.30026109660574,221.26842398366438,393.31003307607494,622.620310042687,149.60083554880364,190.69105009431985,237.10472541507025,93.32437619961613,64.90844481605352,649.9087030716723,275.0143312101911,200.9361042183623
04:50,89.96511627906976,148.6010230179028,113.4957264957265,84.54409118176365,87.3877874702617,187.16742700729927,184.04507257448435,71.31019876181166,295.56413116216817,219.14285714285714,140.38582920792078,86.99431230610135,93.94734758511481,398.1911866759195,345.61095197978096,471.77258235919237,430.91784302653866,383.4781260764726,166.45364583333333,75.10674470457079,430.6140350877193,222.61751824817517,119.17176613147531,492.7013904215405,188.4099920697859,297.5369239311494,454.2240485974629,353.829417773238,385.3135295206367,343.4833430742256,137.91342843089032,271.0157327586207,445.4868958475153,304.57727737973386,280.14630541871924,141.60444444444445,451.99748743718595,591.2177016416845,321.0817980840088,339.6236670106639,480.1660344324482,486.70763755817137,493.5798290598291,194.78586278586278,580.5539548790432,381.49361111111114,195.87917146144994,217.24164133738603,395.1560361951004,622.7330861909176,147.8357142857143,186.37327080890972,242.81047221329908,92.19238476953907,62.309583333333336,639.7684563758389,270.4434748115827,205.15485893416928
05:00,84.88194859533772,127.27454242928452,107.93323529411765,81.93113862881304,97.16494845360825,170.3044263775971,171.33695652173913,64.78863636363636,282.397699623977,208.23988621997472,130.1381015161503,82.4825816905212,81.97629836179854,390.13991477272725,332.29427700643413,453.2705426356589,416.9891726818434,364.95329014660757,159.98215223097114,64.9731941309255,424.519838441435,210.31415068112315,129.94998502545673,481.27274744784734,183.76573129251702,300.38427340928035,443.1379996382709,342.0606267029973,395.62299158377965,348.01344487600835,124.96150234741783,263.78329764453963,428.40804002760524,299.67983789260387,265.88659793814435,127.15488047808765,441.5642317380353,601.9228088984187,316.43113184384976,339.3824900133156,482.09133489461357,473.6065198741779,474.30945945945945,185.81949025487256,567.366304347826,367.660587061841,178.77165841584159,199.97508493771235,384.4387464387464,593.4668587896253,145.42135043379858,179.23499361430396,233.8831790616023,83.6720985691574,66.07610907610908,617.6686440677967,259.1540293767368,193.26235509456987
05:10,81.28327945930062,141.15013169446883,106.28057343475717,76.20504451038576,91.2948402948403,166.6632911392405,169.7653009610521,64.54965127864497,268.19894249834766,193.33649144254278,127.99380097879282,78.85304098146698,86.9766081871345,380.8246797033041,323.5994893617021,443.0494534096825,403.5350248207391,346.4049448713665,158.43110695936477,64.84147362545353,407.9721632460486,201.15026337676738,120.43452380952381,459.7671688081524,177.28983120625773,302.1732390535763,435.87930409568685,342.217988328184,382.8178937558248,337.264367816092,121.27894257064722,255.12357373519913,429.4658046954747,294.25923482849606,268.0848589807026,118.99655172413793,428.6261891438165,575.6004164738547,330.26178010471205,333.7885491216656,480.1070581257414,464.0761904761905,465.41434398368455,192.15039901780233,566.84375,377.28008936051384,180.52900810979415,189.04284103720406,374.84597001955245,574.2906448683016,141.0038924274593,181.3857535404777,224.76981008513425,80.66457925636008,61.87908101571947,604.412019826518,251.135880267822,182.33625547902318
05:20,81.59952110146662,134.32139737991267,103.94688698731188,77.81937842778794,87.47078189300412,164.44162940884252,181.42637889688248,63.507028440666886,271.30187416331995,212.27344159245678,131.25090311986864,77.85160952630201,82.31317829457365,390.3856032443393,319.26662143826326,454.3042681330191,406.5518207282913,342.109723160027,157.3398058252427,61.31553940749022,409.8469245107176,198.4239908388205,117.10328358208955,472.2304127124255,178.4735260983853,298.99477303988994,425.97513961448385,338.8290510448784,375.64520930232555,338.6698450536353,122.23863028357411,258.3788806758184,426.21059876118375,296.82864792503347,256.5736377025037,117.75411522633745,431.44713842683956,596.7574835109082,297.3528992395437,353.4850723299477,466.9040857722399,456.0233933853186,468.1510645488341,195.57277882797732,546.8059914407988,368.88066893424036,173.77617119722382,189.08243865030676,369.5177610333692,576.4136172100244,140.52338450553373,177.02459016393442,227.65115500502176,79.7315830721003,58.066084788029926,588.5550181378477,246.06606012658227,175.21132075471698
05:30,78.61485680190931,134.7551385165326,100.20664819944598,72.6329755515802,80.78149920255183,163.36476043276662,156.35071602269656,60.72787757817698,264.3480858597035,211.7263339070568,130.70817120622567,74.61383285302594,83.2218583708555,389.7827741265998,318.8962184161438,423.7795129698253,403.1554016620499,336.2180349932705,153.77242094349404,62.95766016713092,415.7154065620542,191.50170454545454,123.94743130227002,464.52488387524886,171.43780889621087,297.8403606470432,416.9178577890356,346.59993143640725,378.225842908269,332.16262064931266,115.29622551361682,249.42753001715266,422.60034393809116,292.1295109612142,251.08910162002945,121.66961498439126,437.1252457174951,588.0004704775347,288.39113863744643,343.8324607329843,480.5096434833431,456.1501385041551,458.390276839973,183.38218814508994,586.8351126927639,348.0994279487878,173.338355304457,179.8441013912712,364.35599053559906,574.6597547380156,139.02852795739824,174.77077606259252,224.22984275677484,79.18066056506169,59.61928306551298,578.2868405093997,243.64305177111717,170.6966153846154
05:40,75.28125,120.5126582278481,101.52726281352236,71.08173223543763,72.51299694189602,159.29471544715446,194.22297435897437,59.46845949535192,257.79955654101997,216.94315992292871,131.4660444158352,71.96037832310839,79.82510365623823,385.277569136224,315.30482641828957,427.8928386092372,397.7928711759753,334.92922762844506,152.36851938346567,58.16979546091342,408.3466952994512,186.05299600532624,120.37311669128508,451.275215184286,174.4744585206375,285.75949367088606,413.48132106118027,333.7573579739904,377.4678984695782,327.41243110838946,113.6608187134503,247.7679487179487,410.75662279952144,289.25550206327375,253.20147965474723,113.74682257244535,426.99345847554036,579.8815566835872,303.21340388007053,337.41002490660026,477.40359524499854,449.9812841923409,447.68025606469,181.3441318556408,552.2682572010474,369.05865356833283,188.04548635409378,172.57969197707737,367.71520757152075,549.8526386404293,134.3158081705151,175.78384185646755,204.67798223350255,76.7934868943606,57.11912613355317,574.9544910179641,239.2826869252299,168.04974811083125
05:50,80.78614457831326,112.62637362637362,106.0895937673901,75.8974358974359,80.02131147540983,171.32555970149255,182.04070192542042,62.86866981769075,266.31486367634125,218.6971709717097,133.69630110317976,76.34528202424882,86.61155759663222,395.62517053206005,323.9405185561769,445.2272365277409,403.70215143894944,345.215112321307,156.52084287677508,67.54679255762288,423.1674165285342,197.240877914952,128.8248753300088,464.46956712810373,175.92914331465172,298.0669619593538,433.7061179898034,329.8660899653979,379.69463213213214,333.4251781472684,127.3618726275833,250.7340855865446,432.5351089588378,293.70228215767634,269.86231527093594,117.13576333861596,434.8005578800558,581.1241425094047,326.20909995027347,352.4657534246575,476.1294460641399,452.5133798720186,457.2533738191633,191.4570977917981,571.2023913677457,381.1368634259259,179.153983353151,187.60455486542443,376.9423531942353,581.3949864498645,140.81168332052266,173.55686923622605,228.83013879709188,79.64428739693757,58.621855670103095,605.5346106304079,249.25757575757575,180.23331292100428
06:00,81.01604754829124,113.27877838684417,102.16612950483446,74.61392832995267,78.45064724919094,169.11497189575883,174.55995145631067,62.43587174348698,264.2636761487965,231.61353816610657,136.76947842884738,76.85101878803917,82.68238114262884,393.12460401267157,324.8088911599387,447.3357875361557,411.5679324894515,328.80965058236274,157.97834843907353,60.18361025063363,416.3535471786467,201.2435174746336,142.71602787456445,470.3225308641975,173.7880094043887,298.85432162092843,424.8746608790016,346.12109905020355,385.6476635514019,336.56011012542064,118.06063618290258,253.38526543878658,419.8524815387257,297.06526243093924,253.8377788554801,128.3757816941444,444.57814269535675,590.5413875081045,294.64728312678744,354.16830796777083,475.0257159555815,455.0653084007815,456.466243315508,188.9093870299082,578.7958633093525,370.7697904540163,176.36739974126777,181.56909224549798,376.3898050974513,563.3484518098561,143.93608009241433,171.29787685774946,220.31480876103302,77.58372827804108,58.50264335095567,595.024,242.99167327517844,175.84896161107613
06:10,80.8849821215733,137.12365145228216,102.06865426695842,73.60421686746987,92.57947855340622,170.81132937414344,166.80469161834475,60.22377622377623,266.7542279815506,228.41117861482383,141.5172524991938,74.19729155602762,83.75318979266348,388.36082102988837,324.2476092896175,432.3985957331893,407.1609388097234,321.3221337028057,161.2258064516129,54.42003414911782,416.015899383009,195.97426470588235,132.01521802750952,466.56671762393535,172.79083665338646,296.8437910212654,418.9106014087051,346.1685927940177,380.82364914877866,327.7277963019097,119.37719298245614,246.93433799784714,423.43518677913585,294.4010416666667,261.44406280667323,122.22048611111111,442.6241930957059,567.6735817104149,294.5583411433927,338.969696969697,472.6059988351776,455.7664275466284,447.79443326626426,184.7390037867754,569.4650959860384,401.5181853734845,192.21752085816448,180.27468910021946,375.3379073756432,555.9934042553192,141.8272762797968,175.42530717827117,225.75364667747164,78.34136704859739,57.69141435089175,620.1536555142503,234.79689984101748,178.30199613650998
06:20,78.18100089901108,126.88235294117646,98.64403351632477,73.76918410676373,88.52112676056338,168.62221167536782,176.69848262359275,60.55907780979827,273.6489338316113,222.81993093241243,135.98690095846646,72.88799786153434,80.24375975039001,377.7236793498338,317.41512004086496,422.36341463414635,408.5295119182747,319.3876187126275,157.79145978152928,57.91542985158219,410.35870599429114,189.57001338688085,124.19569642337889,467.87976346911955,168.15415451895043,303.69061822125815,413.6338639652677,349.77392510402217,378.5663634676072,327.0676913981673,115.5783619817998,246.06597447544885,423.33344839489126,293.1753667690208,244.17771373679156,117.35426267281106,432.2611751475963,573.5938100320171,289.34692417739626,329.72981987991994,480.69703084462384,450.92026182683725,447.2092945503176,182.88782330717814,559.8919736118746,378.3216357308585,178.31912058627583,172.86821015138023,377.21003877638947,576.1323595505618,138.70658900618858,180.23753792804507,229.30467163168586,75.41104536489152,60.2234477124183,595.6477411477412,236.9124700239808,169.35506329113923
06:30,79.7363315696649,134.64530289727833,100.5438340151958,72.57520391517129,90.352,170.3485392106612,199.4163133454472,59.50458404074703,268.4791666666667,224.74366331898614,130.3846153846154,74.81706036745406,79.57864077669903,382.67859778597784,322.4046725784448,432.0324412003244,402.8342112558913,324.98671328671327,154.41952983725136,58.092190583591766,416.62784090909093,187.89809104258444,129.97428404441848,471.22016732716867,165.27195165303945,304.5087964255794,416.8623869801085,342.5107044198895,373.35177357103476,325.5827380952381,124.29631635969665,238.7649436290151,428.5987083260604,296.3488452257842,247.5519230769231,113.44611111111111,440.40141043723554,573.5974933223752,312.9129227662797,349.8893953205713,481.7968253968254,448.51272074229274,445.8840432724814,178.70489844683394,582.4266823391125,379.32640692640695,176.98112020138453,177.57380343441724,388.79077253218884,578.1136880400182,140.20476748729973,179.24281081081082,233.0241935483871,77.36609629924394,58.45927419354839,617.4256809338522,239.73876063183477,172.49683544303798
06:40,85.11509937703946,158.6917626217892,105.74941107184924,76.13134691395561,89.6947194719472,173.76476057647605,205.03152289669862,65.59293680297398,273.6717271727173,236.40430159497342,142.47949735449737,79.97545219638243,88.63577498988263,402.6448951529735,328.70515006821284,451.22044302108355,408.6221352711012,350.20320490964883,163.15818181818182,54.60531580451558,408.16564992961054,197.54232733136254,133.52235712170565,465.9231957625248,175.50434126085315,302.34786184210526,440.23983447283194,354.30885311871225,397.17537108301264,343.90731863215086,123.73521282476506,237.0043066322136,435.1662595952547,294.21247429746404,269.2399806856591,121.03511801957397,438.35983263598325,566.9578288100208,329.3376558603491,363.9796879599647,481.1948275862069,462.6944362672947,449.6030636030636,188.437890974084,578.0351493848858,394.2641176470588,190.77570093457945,188.15832132564842,377.0856171659231,580.1782742006133,141.01972157772622,179.66666666666666,237.80210812648758,78.07114779874213,60.496750609260765,653.3929159802307,246.86550888529888,186.62798194713088
06:50,86.0373692077728,163.41467576791808,108.80740093240094,75.61809523809524,94.47904683648315,180.61754207037225,219.1007973829483,66.57928388746804,281.9984496124031,246.37651421508033,147.58536585365854,82.19557195571956,87.21985058697972,413.8144257703081,340.8840210562065,461.41000785957556,419.15328467153284,339.9527027027027,171.64197530864197,58.58040559840045,425.0244590780809,212.37173975351104,127.69070940932028,479.9878560388607,178.75370919881306,311.13473626673954,451.93298691990685,365.75322033898306,401.3173293323331,351.6062597809077,125.53168816601234,243.44641697337087,422.7921174652241,304.7490533562823,278.12484965119074,129.11831626848692,439.946562760924,567.3900432009874,333.88044280442807,361.92177466433156,471.5961204400695,464.8961079723792,455.93923205342236,193.3319187632616,597.9408266428784,405.6575423980958,189.9351620947631,198.65874575665535,391.92945969125213,610.1884162895927,146.126171875,174.88762715874142,252.35455764075067,84.44180522565321,62.669076305220884,665.9237668161435,253.331597917501,190.2982456140351
07:00,93.84477075217261,171.78727114210986,115.02122710090143,84.09039724741946,94.45588235294117,191.56714140386572,190.06207589846696,70.79559748427673,293.3590648434054,252.59510122469382,159.14341590612776,89.33447458519885,96.75470957613815,413.70723345903326,354.128532516173,482.6764940239044,431.00084104289317,382.6010638297872,172.62493790362643,63.75056561085973,423.80282685512367,228.1355708245243,146.41462695370097,499.53118089341,191.35199004975124,315.56387199153664,483.08852400499734,377.11095700416087,404.56294227188084,350.85980746089047,135.3605693199789,257.2700258397933,461.4649825783972,301.62047569803514,292.87008628954936,147.99072463768115,452.3406198118428,576.643135556518,331.33005168594633,369.92211566405115,477.8431658878505,482.8766907832652,477.98361751922437,198.78091669068897,599.3744075829384,413.25300859598855,213.02722772277227,221.38514907181698,416.5700575815739,622.0941457148101,154.31544146246597,186.30127388535033,247.49459901800327,88.06794972505891,69.60361777428234,690.4916344916345,269.0932,194.96948051948053
07:10,98.24948148148148,182.19779286926996,124.44213909994156,84.56242568370988,104.5927750410509,198.21779859484778,197.6804763086083,73.87491919844861,299.6904231625835,249.73244420250407,160.14350797266516,93.49273831528915,104.0623076923077,419.1956155143339,359.0010186757216,494.4537680384821,429.38497913769123,376.28272935031015,180.1849825957235,65.16514024041213,428.74976459510356,251.54459308807134,137.81686818047774,497.9328739719938,193.37855402112103,311.43056300268097,510.26848874598073,391.8667355371901,417.5321516122949,371.31936371979197,152.43691241959425,245.40381760339343,463.7693370165746,304.3583361745653,313.7563766388558,151.24265129682996,457.07006896551724,576.8844200690636,353.8062377210216,370.8765033734233,474.8213665315576,486.758760951189,472.1612361437689,207.0030750307503,616.235880398671,432.299142772687,203.8129404228059,234.00204043776665,415.88254172015405,650.4133380884451,159.83661417322836,185.2539644970414,266.4298828743273,95.82652664332944,74.19496855345912,726.5913185913186,279.7050505050505,212.71570576540756
07:20,97.0728949717346,185.58404802744425,122.84737909064582,86.11419558359621,105.51211631663975,196.75371985633657,194.72492761252963,74.23937360178971,301.2552106430155,251.28801054018444,159.55449025247682,95.28452751817238,99.49473273507608,422.08882907133244,366.2503829787234,491.0768037238169,428.77255225522555,369.70406189555126,177.63168316831684,67.44129438717067,415.0656900892653,253.79675020655466,130.93266093147435,500.82334664891255,190.84286255206362,310.98250888220826,506.71638054363376,393.31215846994536,404.96768167382777,365.66779037695375,135.6265854895992,244.5244161358811,467.37253533414764,305.0455937393671,314.39368572111937,161.90260869565216,458.3326069190956,582.1726544857319,359.43231873298686,371.80170638423067,479.48343023255813,496.42133815551534,476.5821296607323,200.66224401499855,605.3353168699791,429.72942535373954,215.15323076923076,236.25846669147748,416.2410675850194,651.628390278267,153.12576356449875,192.18232518232517,275.29514000643707,96.60667976424361,76.26653846153846,725.9385327164574,274.0828307197427,217.73978919631094
07:30,96.37034617896799,184.37511032656664,122.42941523922032,83.88695652173914,104.30185633575464,201.6565708418891,192.1164563617245,73.16949695610381,301.04502317369236,251.61089010442566,157.386147716825,94.82599949710837,104.43403590944574,423.0977653631285,364.331196220685,487.19295478443746,423.2371191135734,362.91111829347125,176.92839383391347,70.24936242561633,418.64358499305234,246.42994910259844,129.72784057108865,502.1906034290804,188.0514075887393,307.38282346337354,508.87878248487004,384.4367737525632,403.5643896976484,369.92740255876225,150.44876712328767,247.6091782283885,465.90651607298,297.4297161936561,312.6943387250238,154.3672283556072,443.7763517203714,577.2770965189874,364.81180538404544,369.1709799360279,481.4948815443112,493.6560250391236,476.312,206.87667161961366,602.9768363303871,416.2518006338231,207.65483234714003,237.87170506912443,416.8645409800984,634.5000880126738,154.8433515482696,191.4255319148936,269.83766875205794,92.34549689440993,67.5234093637455,711.9270767279645,275.4880478087649,210.17533333333333
07:40,97.04591644712082,191.0702846975089,124.57422324510932,85.79975316260413,112.66141078838174,198.35004686035614,195.60330361824856,73.61128725428028,302.2315860822413,243.5862646566164,158.19624959586162,94.24675023212627,103.52210688196847,430.1351161154117,365.579766536965,490.2496008515168,423.1306865177833,355.27819304517385,170.6508226691042,63.00743281875357,415.6701125660464,250.7450122984422,134.60580053270198,500.5646167557932,184.6433734939759,321.2023366967605,506.5386542591267,396.71540292417546,404.68567664219836,367.3938750758035,136.9001512859304,253.22956180510138,472.09634782608697,298.10056050115395,310.38806682577564,163.82673796791443,454.87592037087535,573.0963081861959,365.45257654966395,368.9183971921615,480.8103347034645,499.3019427066184,474.1290322580645,199.44912280701755,623.5902290076336,418.11247086247084,213.62566528681253,236.64899037554255,417.61003614714014,647.6831348853741,153.3985876814437,183.24175126903555,272.8389635946212,94.85237534354142,73.73506289308176,718.0380253502335,280.1111565181855,213.06204620462046
07:50,84.4996984318456,166.3603375527426,113.60194174757281,81.09542211652794,100.28787878787878,182.3498708010336,183.3281573498965,67.25902469917669,283.70314547837484,232.4805633802817,146.7365625,85.8236493374108,90.22983718288528,415.6905861456483,351.2514004413512,457.49183400267736,419.06416363126925,333.64193867457965,170.37088733798603,64.30637813211845,405.6100746268657,225.5659741718136,127.14324002382371,488.5870824053452,180.94142419601837,314.8354712771891,471.8427046263345,395.28504043126685,404.7903225806452,361.19460619062215,136.4179104477612,246.6412213740458,461.4707849348821,290.1067864271457,280.6840718562874,156.17654099341712,437.3367819221345,583.7742279020234,342.27041068777834,366.17532272590813,479.9797594602523,489.69076175040516,476.73972148541117,196.57976763955796,606.030385900942,413.16838386811895,201.6883353584447,210.6663551401869,407.17773943054357,621.4550598476606,148.46362563900905,176.93713670613562,253.2325656827765,85.89988267500978,67.64228617106315,678.4941094941095,268.54541666666665,204.0132538104705
08:00,88.58333333333333,170.39982347749338,112.3556834532374,81.55936,109.34786253143336,187.64421593830335,194.7061305534872,66.72523659305993,278.5886341620924,237.227422907489,156.39162561576356,87.20773313115997,91.94675925925925,419.70608339029394,354.37557251908396,464.3857606930157,422.56412382531784,313.6852162252766,169.33965087281794,62.19778030734206,406.58402203856747,233.7359017308766,130.1649423588531,498.00267677894266,180.34463276836158,312.5271899276721,481.03155080213907,388.40389784946234,405.1108331729844,368.89640198511165,138.57757212847034,237.08223613209583,458.7096887023435,296.5558537403556,285.9990605918272,146.9796464916979,447.31633771929825,593.1981403586451,347.10002469745615,361.0558069381599,481.7714617169374,482.97076205287715,477.0090240641711,188.67441860465115,591.9956140350877,417.8687427240978,211.321608040201,224.5674051821254,410.53274259779556,647.5609267097349,149.92439594699923,175.28175618073317,253.26244779955027,86.66156862745098,66.68794892258579,700.2447325769854,264.9361873990307,201.46984758117958
08:10,92.63585185185185,195.0743006993007,122.19064025265575,85.02973395931143,103.58690176322418,201.81596339603456,192.37176530873688,72.93037368252955,295.8211979514585,245.51107465135357,160.08205796157603,91.70440749538136,97.02593010146562,424.0705596107056,364.7545638945233,481.53238170763944,429.3496115427303,340.23439065108516,173.25321463897131,60.61492109038738,417.8804799261652,235.56490952006294,130.94811740290544,504.03718548207524,183.5519454472523,320.4201525914233,501.5136042402827,402.58367346938775,409.7661730319563,374.95002974419987,133.71920932589964,252.6252704456945,476.09398829579715,302.6886950687689,301.6241658722593,167.74410163339383,462.00686436024165,592.5131984161901,356.2711448884531,364.1826579261025,485.7158050221566,501.643064985451,488.05882352941177,190.93325791855204,614.9843102427471,408.5206611570248,211.2439777640519,233.46554934823092,408.8356575842094,660.8019082235347,157.43125960061445,189.03366778149388,263.9399030694669,91.4128086419753,68.52954990215264,721.8234336859235,274.9767251939567,209.07568653717348
08:20,87.44436813186813,171.27512776831347,112.78360748723766,81.99341899091193,95.89210950080515,187.41927936359383,185.6769505354411,64.69116719242902,279.7813112611631,241.88198288877706,150.04960053262317,86.50760408875593,89.96739130434783,421.14204545454544,354.6204391891892,471.52050807091825,417.1040462427746,324.81679894179894,170.2876171682289,60.549913941480206,408.929584011155,238.893947806774,136.27725397760753,493.7870824053452,175.53151010701546,317.1237610500938,475.5520538243626,387.9824679703304,402.37273612463486,361.7657125995869,131.80722891566265,244.68143922773146,459.6824811105254,298.3906773977196,280.85593220338984,153.2156862745098,455.74063951899427,589.000637755102,343.2429474708171,358.72933011466506,480.12286995515694,491.80881458966564,477.42953245879585,189.36961387800784,600.461696507191,403.14239859935805,205.97208737864077,215.4798007747648,405.49137559292797,626.9919576304433,151.12897125567324,181.47353517752123,257.28646690813304,86.55890410958904,67.8971048513302,681.070564516129,254.11892488954345,200.92
08:30,90.30586135078846,183.73070175438596,118.5253164556962,83.00841908325538,105.31228956228956,195.91962905718702,194.13916750250752,69.86252414681262,302.06467331118495,246.18003229278796,157.75481504127177,88.44377139847248,94.78848325178772,412.72086811352256,363.7989471896757,484.5230849947534,424.14106068890106,375.9245667686035,176.64992614475628,56.47191011235955,415.294090382387,248.47214636810486,124.43553178847297,496.7421509686039,178.53363412633306,335.7298720842739,491.52272727272725,392.25457627118647,415.0662745098039,373.58257016248155,141.39517518667432,239.6959370904325,464.68427583761746,302.04461852861033,299.16969125618664,165.45556209535022,465.5417576419214,603.0843995047462,343.50865384615383,349.8091895341417,481.74962428614367,484.27614678899084,482.78566576086956,191.2588770864947,589.7344837183413,391.2553434026788,193.1,223.7144180874722,403.10422049956935,649.5881727292066,153.63086989992303,176.53234152652004,274.0505016722408,88.43280708509819,71.16673069535152,697.442433019551,262.445727482679,210.82439678284183
08:40,90.34915356711004,176.1054481546573,122.3351632476163,82.10084797092671,108.59746835443038,200.53062274832732,197.3528373266078,70.72625698324022,291.99003034243606,257.06921721620944,156.71517119244393,91.38825363825364,96.90092764378478,430.76600985221677,358.19046002376507,480.7723919915701,429.1099084096586,354.2356621480709,181.75110456553756,58.09692396982008,413.3175865294668,244.9214830970556,124.6490599820949,486.2179117712259,184.25341426403642,321.16780462184875,494.8905472636816,394.55965811965814,405.63156831042846,373.0360492379836,139.58839779005524,238.4265091863517,462.7761970853574,299.0943148209004,300.7673372781065,166.40538957234915,456.68412438625205,597.867735042735,346.60431484115696,348.46987577639754,487.0248205741627,488.3508064516129,493.02935153583616,192.03876651982378,586.6206993795827,379.8434035476718,200.91736028537454,226.3716977646407,402.864,620.4191616766467,151.60265654648956,175.8978813559322,278.39773095623985,94.21827217125383,70.82210031347962,707.1309987029831,264.67978142076504,217.44993234100136
08:50,90.36727989487517,176.22436459246276,119.70128755364807,82.79432624113475,109.75363489499192,196.0013774104683,190.84093237704917,67.33602846054333,284.21254927726676,250.29866989117292,160.03986810551558,89.83723828514456,98.54666666666667,434.98445092322646,359.65249788314986,486.0425032594524,421.4503984611157,377.48615384615385,179.20835380835382,63.17010900745841,413.8960829493088,240.06763157894736,113.83203592814371,487.56730557391495,178.20656136087484,323.208035950304,488.9258733818053,386.87692307692305,410.11345381526104,373.79370124241547,126.51297709923664,248.46196130167107,464.325454224731,297.88671096345513,302.49599056603773,164.1003021148036,466.5571467915175,593.9457475015297,327.2474640245341,353.27336523125996,499.1032082324455,489.50144834245253,492.2578893790295,202.43704936217415,587.1464897733555,389.297520661157,211.37577117218171,221.56044558071585,408.9289274106176,645.295459482946,154.45419553502694,182.2504409171076,275.1149387214309,92.77260587561999,75.89944794952682,711.111821086262,267.2337883959044,214.20457604306864
09:00,96.88556395922394,177.1841637010676,122.9150401836969,85.12841371295758,112.92948717948718,199.21962379257752,199.17311608961305,74.66729559748428,301.35775228008237,246.8603012633625,165.0552913198573,96.2155065642804,104.60064672594987,428.67476891475525,372.24032725413326,502.053841991342,434.0038546255507,361.13149847094803,183.57170923379175,62.31504475887959,412.3158981417756,247.1613832853026,130.68611193366894,490.7571460226014,193.60210526315788,356.6264692054537,510.8708703374778,394.1987048398091,419.5814094775213,376.640035118525,142.86104910714286,256.0971326961547,472.159665330312,302.0291325695581,313.20288143599436,149.68715995647443,489.9267955801105,611.0680929849825,329.85046728971963,352.13935483870966,502.5689440993789,496.0445958501084,513.445996592845,217.3902085747393,609.4341728677733,395.4561505065123,214.25839951130115,240.87132075471698,419.08440123729565,651.1778215223097,163.94354215003867,193.428285077951,276.57010213556174,93.61290322580645,77.8378164556962,710.3571428571429,267.28981623277184,218.71428571428572
09:10,95.66147265505653,191.90991810737034,124.63169962740041,84.7348796241926,116.1545380212592,199.71695257315844,195.65494959937968,73.40133037694014,308.78264604810994,237.53016402557688,166.21079158019566,94.51884132273776,104.82470119521912,439.8346192552835,364.7487651166752,483.4015271195366,428.8614742698192,355.4354116431278,180.54170755642787,55.815897136177675,400.5073664825046,251.67927501970055,121.9326951839665,484.6736566186107,190.3217938630999,351.91678354371203,511.93281839410815,385.7231082456736,417.20090783501087,375.7773279352227,147.6497022198159,244.15341918294848,468.73935144609993,296.5527868852459,317.9053392399161,167.11779141104296,485.5155815247635,595.7972915785019,366.867597496389,351.8153895893954,503.0903205918619,498.0031786395423,510.83259612112965,206.79978354978354,614.076726342711,400.4220575662582,222.31766200762388,238.18241965973536,427.15082465277777,651.5327993072093,160.99260124610592,187.56993084987732,279.6061179438663,98.6208641494745,78.17416829745596,725.9690594059406,264.248034591195,215.80643000669792
09:20,92.77428307123034,198.91171003717471,119.97113163972287,82.63828537874339,109.75468622656886,200.62435500515997,197.24158014687262,70.09408851748685,302.0908499566349,251.09765998089782,167.21576384662202,89.48890022965043,101.65785256410257,430.3064182194617,357.4694883562808,506.1324717285945,421.27974543442167,362.70291595197256,182.1944718657453,59.760567458019686,418.1281696634394,250.57269454444753,121.91370558375634,478.37721021611003,197.3231101511879,344.25560975609756,498.3625961022707,374.5806779661017,421.24187073464475,366.98266396995086,142.10673234811165,246.46936976641692,460.4983417699424,292.9923638778221,303.02287581699346,162.95157232704403,475.2637576431351,611.5827075299371,320.29979419163044,350.69157392686805,499.51288269172477,490.9439432989691,505.8230298913044,228.87968441814596,594.2657864523536,435.24361418223407,212.8208508088676,226.00406955234925,414.1561888187949,656.8233506944445,158.94153611004967,184.2838107928048,271.767252195734,94.31791682860474,75.97680817610063,692.651343283582,262.78892604979563,210.05133333333333
09:30,95.26768574475649,198.93333333333334,119.13803943983996,81.72460364063417,114.0551839464883,197.73895169578623,201.50610820244327,69.23050847457627,294.7201683198076,249.0450849963045,170.93086347724622,87.7497020262217,101.5409090909091,424.4805740287014,357.27530570652175,503.92922252010726,417.33662280701753,344.593421973408,180.34990253411306,57.5,410.45164233576645,236.77171346103384,117.82186476020256,477.33071895424837,193.1336170212766,337.8149341928552,493.95863921217546,375.16940623951695,417.7037636584379,369.2363103953148,132.46493649917173,244.53194682675814,464.07022767075307,292.0852534562212,306.0591510090466,157.00518134715026,479.42523624235685,615.6845863082739,317.4900114810563,347.2795089707271,501.71092140123636,476.8620178041543,498.6525135869565,215.48398674765323,572.9101343784995,391.6806072758522,209.24077548467793,222.70325203252034,416.35142733564015,640.2120874219447,156.22975590856257,180.7336312849162,267.3071494323412,93.63352826510722,76.3312,716.0597579425114,256.3950073421439,208.09244791666666
09:40,90.92992213570633,184.70238095238096,117.72763646756216,80.43528341921794,106.20826446280992,193.35736354273945,188.66795168337188,65.90188558644934,303.762761412188,237.74236147074055,164.22187588551998,85.77919665660552,94.4828990228013,427.8592999313658,349.73657289002557,494.3439298437928,414.50577875619155,343.11001410437234,175.36037364798426,59.17643661565117,414.89275766016715,241.39866925422788,114.75865182064399,472.84209383145094,186.38756388415672,340.5956298893984,472.89524490525565,366.9905787348587,416.0155965161029,360.810520197617,129.15815485996706,241.41643719550942,452.6723839223839,290.869812583668,294.33513133208254,146.54031354983204,473.22566248256624,608.9801499779444,315.35242494226327,347.97835773392745,503.67585185185186,474.52944658182895,499.0047863247863,227.4224215246637,605.8473837209302,385.87311265969805,190.13833746898263,213.76996920847674,407.1577913574858,633.6034560143627,153.18682114409847,181.4588023412877,260.78675784892755,92.04547251878213,69.38540807914262,698.984990619137,251.31301730624529,199.52787105439893
09:50,84.5742343541944,167.75988960441583,112.0314846909301,79.0711964549483,97.1231884057971,182.75670588235295,189.511569416499,62.02205882352941,297.62631810193324,238.79804804804806,161.3027997565429,83.03579418344519,92.57668711656441,420.82839465971995,347.1160623517452,482.96821917808217,419.07956750762406,323.77144891420437,171.76727094561488,56.73595665811235,407.6662075298439,222.42670226969292,112.71428571428571,473.90920881971465,176.83821656050955,345.21008814887364,462.0066118656183,367.9343434343434,413.0246274834437,358.5413752913753,133.3666488508819,240.49598308668075,454.3702410059378,297.10298661174045,282.23751465416177,151.54730158730158,480.9292873051225,630.2772212543554,315.79653882132834,345.4758190327613,497.8440258975868,465.6543062200957,497.1577868852459,230.30575035063114,579.0922857142857,382.1909518213866,200.53527435610303,206.0059314179796,414.6572052401747,643.7034419876909,154.3591522157996,169.72343149807938,265.79178166206685,84.55238467552776,74.98344771901493,711.8272583201268,253.69876819708847,201.85175380542688
10:00,89.63814016172506,192.60111835973905,120.76999715343011,80.47257250945775,101.3753046303818,191.26539058458354,193.02359437751005,65.53631284916202,295.1387058118634,248.10088633993743,160.62334607468392,83.96247185389042,96.78328173374614,426.5753471046394,349.10813090418355,494.8850136239782,421.0530702973048,332.2419525999293,175.85129205265724,58.40279394644936,417.6896871378911,250.18858909499718,112.92733878292461,471.2599176241058,192.5464362850972,351.2085261875761,481.72332439678286,371.26675786593705,414.25919300337904,356.4906796673358,141.90560949298813,244.07522503214744,458.69152482891735,301.00613496932516,295.868240850059,153.54119850187266,479.3803169307756,605.8948488718604,330.80398517145505,342.97088,494.35757928425954,487.30551027062273,486.83116883116884,247.3741456166419,577.342981186686,386.6640903686088,198.1502762430939,214.6750138096115,416.4322015334063,649.5880853036625,154.76177811550153,176.558275320009,255.75316074653824,88.82364192807957,94.2164416203336,722.5927419354839,252.16462010744436,205.20852459016393
10:10,84.81574701516618,169.23906976744186,117.20442302239864,80.83038657476776,106.52545155993433,189.35897435897436,189.69566333076725,65.72896596017983,302.00893997445723,248.66666666666666,156.38588160810383,85.31905727318804,96.36649423000398,424.4731075697211,352.041449031171,488.11919630735815,420.3141605039715,316.58834178131787,170.91796116504855,57.89703767615761,414.43523197060176,240.1247197309417,120.31748420102318,477.8693009118541,184.80734661977334,353.7679730704496,480.00160656908247,368.2343962008141,401.8497356649044,364.14715328467156,137.6533902323376,241.85801302247427,459.9705215419501,299.8966814916182,285.625798816568,153.3577287066246,483.3162894663314,618.9407710531983,323.2291329479769,348.6319580877538,491.5742832319722,490.8537842190016,494.4394250513347,220.54565158493634,581.7295758610874,450.4010942760943,212.44586803331197,216.73305162594158,420.5949477351916,640.6263687150838,155.54507417268923,176.61424847958298,262.4670018856065,86.75925204518893,87.3258785942492,712.2873475609756,252.91155963302754,204.20143884892087
10:20,86.83770197486535,169.52201834862385,114.43746462931523,79.57302017464619,100.73089171974522,187.3939393939394,182.44199743918054,62.6696223316913,288.6205282514209,252.52300759013283,151.49841726618706,84.82070108953103,94.769140625,415.42564618999666,347.44408783783786,485.6430710590798,413.9708310401761,323.5066522833513,165.07818747223456,58.494154548046765,419.1680092059839,232.51630144307856,121.53305288461539,472.47972972972974,179.99923430321593,341.2525745257453,470.17291629642796,364.29965870307166,398.8434574785899,351.74299883313887,145.60727661851257,235.00084907662918,466.77631344612644,293.72680412371136,283.60343137254904,155.15444879686626,469.7504803733187,613.1374972412272,326.35066140635877,353.94694790667944,505.05754323196186,472.3153800119689,497.3899759697906,210.4501814122244,599.8786464410736,383.7413069544364,208.79084228377616,211.39708356702187,422.8720626631854,627.9912849162012,154.89180834621328,175.4741435740781,259.223217042297,87.40039682539683,96.05370442963543,687.8625664388762,248.07438330170777,191.2408376963351
10:30,89.13617747440273,170.93417493237152,118.89045339341031,82.4118006725772,108.27339300244101,200.39417576703067,185.41740721380032,63.89262166405024,316.8303249097473,261.8808095952024,156.9096261407124,88.06319427301901,101.81618224666143,430.2670584394385,357.743520700101,501.12,423.08528198074276,350.4257532281205,171.17176128093158,59.95920114122682,410.5931066389082,248.4618406285073,130.9954655380895,485.3274083827079,185.4763220205209,359.45733461169704,494.5798334219387,373.16148856264937,398.03404766673344,362.32032854209444,145.80358030830433,240.23006591537316,467.5322865208186,296.5785180149558,296.85,167.52991452991452,484.5158069883527,604.9392737896494,332.5731453663046,351.0277863538129,497.18157423971377,491.9931662870159,506.29652562779495,209.5786146958125,588.8956445483776,390.1483599157388,218.30451612903227,226.35366079703428,422.4903339191564,664.4577193380186,153.5340393343419,180.86204634892871,272.4475989127152,93.7163708086785,77.93898032918507,728.0630841121496,249.26676126285918,198.38561244329227
10:40,90.47168432590428,184.08831400535237,127.67673630717108,82.22836613558263,105.46613545816733,200.69194560669456,188.84010416666666,66.89123480486245,303.19251678925485,262.05122788486926,154.90038314176246,91.35504349870679,106.18565058775842,438.2760347129506,355.2584213172448,495.8267866884888,422.2768377253814,345.304741223308,173.53256535223747,65.28966106522358,426.79040935672515,248.18285065303806,134.48593656493117,479.69769484083423,185.47558554982135,355.07410124724873,496.664947536902,368.5298532923917,411.7262523383912,362.9590283874744,153.20453425332676,231.2319866722199,474.41355389541087,296.15023793337866,306.4854811615071,154.3355048859935,474.95323741007195,621.9333929369692,330.4477035015916,354.5672831632653,503.910784019225,494.3696989316931,496.47462277091904,214.8576,629.7226916113458,395.5790667530784,221.73801916932908,223.4110184849583,421.64433216168715,666.0248815165877,155.53688682889145,185.45856227106228,259.814205955335,93.98029944838456,74.33064516129032,724.6493301812451,248.6841911764706,205.72779552715656
10:50,85.74870197300103,158.7428057553957,123.31481481481481,78.84597014925373,108.14684167350288,192.49974293059125,179.15703550142524,60.58612975391499,303.33112143331124,253.96837739761534,158.92761479591837,85.90133394664214,99.57269432138543,422.4576923076923,346.4132259147365,492.72796934865903,418.9715626725566,332.21504992867335,167.66039556198746,60.0068669527897,404.02792646032117,236.52024746906636,134.31903892944038,483.87330712101357,181.25806451612902,358.7813250120019,476.8176834659593,371.97338403041823,399.3746397694525,353.1012658227848,140.44589649764768,235.3412462908012,462.2131205051745,293.91148648648647,282.651690821256,154.58024691358025,477.2079756300194,611.2951965065503,332.39935587761676,349.3011974209395,501.1921664626683,480.74409937888197,496.92100783112016,218.19135802469137,582.3216885007278,372.8069688559975,190.34878048780487,216.30298073427844,405.9704788978789,644.1932289267619,152.8329475308642,178.65055762081784,258.6478658536585,86.65473441108546,77.59612277867528,658.9570017431726,240.23638384586883,187.88250319284802
11:00,86.87725631768953,166.19817351598172,119.98784587535557,80.38956576069978,99.02314445331206,188.54597107438016,181.2350941422594,60.551059121087576,301.9670580560992,258.2845417236662,162.5738993710692,86.3505376344086,101.51880877742947,429.8382305456894,350.09173387096774,489.7087273709808,424.0170724881052,341.90501412429376,169.65769230769232,62.34627373193539,413.30342577487767,238.7975357042845,133.16778728606357,483.5005488474204,173.7409948542024,359.8735687022901,483.3950486295314,372.02438186813185,398.1138411138411,357.0,144.86024217961656,242.86976641692377,464.8309390329362,290.5326530612245,292.93378280760896,164.6283870967742,475.70950801547815,608.3934254606365,330.6696801112656,350.91288229842445,504.69258920402564,485.95747342088805,494.5423090099349,210.88011695906434,591.6949648711944,385.25213936430316,217.54684737772538,210.26506886066892,412.91267047954244,648.947741364039,150.5512405609493,184.63186440677967,260.91263057929723,89.77795213809337,82.54913061059442,670.6754850088183,244.08030592734227,195.9082745349583
11:10,90.31285125515174,173.2569882777277,119.8300227014756,81.48734770384254,109.57794361525704,201.29774774774774,183.11514360313316,65.29754123871771,302.8749582079572,262.97071129707115,162.23531230674087,89.48162790697674,105.88132911392405,439.2985123966942,354.98946488294314,491.99863797330426,427.7621816168328,322.3733428878538,175.38513513513513,62.21450924608819,429.87517697026897,248.4739336492891,131.86672766087221,488.53020282186947,184.45915246832678,357.40587385652384,493.70114739629304,361.7769152885589,408.95973570101177,365.2496315944592,147.55240506329113,244.01429190125594,462.8453174324798,297.192082616179,294.7319612590799,176.65913492575856,487.79008908685967,616.9437565582372,337.4802784222738,356.6769374416433,514.2322784810127,490.31368880573746,500.36992429456296,203.60548465924518,618.4372961755114,397.2095353780747,218.7560975609756,215.2459286367795,427.0677627193957,664.9214013024927,151.31692307692308,184.18239854081168,261.7850643238155,94.40292028413576,87.4392,732.145049884881,255.71710786250495,200.80691823899372
11:20,92.65870098039215,187.34498207885304,119.53883997928534,82.73737066342058,106.0331983805668,207.61867162099395,193.33177327093082,66.72189349112426,309.1932045303131,263.94816991717875,161.48585209003215,93.01330321285141,108.09809372517871,446.24604221635883,360.6462287922056,490.1218315617334,436.52855443188577,332.1205293276109,179.56019417475727,61.667049039288784,425.48290398126466,260.6814606741573,142.32208588957056,498.8655612816491,183.20016012810248,362.8687771870469,509.41839656406586,373.020812009553,423.1159267830844,370.30265074279055,162.62583518930958,234.04689863842663,475.65926452300585,300.1794425087108,309.8146176185866,176.76538201487492,491.8031781432952,624.7213842058562,337.71647597254,359.9341664126791,520.9837786259542,500.14788505004844,491.7780040733198,207.32043301759134,606.2259870359458,402.7125972006221,215.80949482653682,229.63194444444446,420.4224645583424,678.5387502759991,150.78681476173415,187.25016918565305,279.0371747211896,100.1703318672531,85.75180433039294,747.8703703703703,257.86533176285826,205.69278223318938
11:30,90.1487834064619,183.6155268022181,124.37229551451188,82.84873160037583,102.3868378812199,204.2313203684749,187.03453730556288,66.72781436186892,303.1848597499155,256.667374005305,158.0914267636824,89.13254919701426,105.0848623853211,441.16187050359713,354.05529332434253,485.2053034445052,430.74802705749715,315.06510607168985,181.25569007263923,63.991761363636364,438.48274220423707,251.74225352112677,137.27322570819373,493.17471622523925,181.5373018940858,357.9978239845261,490.6939356215543,373.42750170183797,420.9724500525762,366.3421128798842,157.50403009134874,234.61338949235204,470.9014283195204,297.99723470445906,311.8163466272772,160.19180887372013,494.25535465924895,616.1818379790941,335.5629749021414,359.2896988906498,529.2971466054444,493.9977585654819,494.87491548343473,213.6426107720881,613.637473935061,391.9941896024465,218.22203196347033,217.16468039003252,415.9326837909655,662.6425228437708,149.43823641201064,180.43093321731564,272.5189558732132,96.13141278610892,81.40451248992748,709.8047058823529,256.1807181889149,205.2064078866297
11:40,100.83631165117941,203.13590449954086,133.82403965303592,87.24168446750076,117.29959514170041,218.81170018281534,203.86704900938477,75.10406091370558,317.163956189844,272.57639939485625,170.6595208070618,102.38202247191012,114.97056574923548,441.30457179652285,374.57498737586263,500.6583917970858,436.5428727471327,348.25726435152376,182.692538593482,65.59513590844062,435.3036218250235,282.1593514117976,155.20128283445328,507.559277214632,185.37777777777777,362.54268001907485,535.4779151943463,371.95840436413226,418.7925925925926,380.4134643166715,170.7585446527012,241.85213414634146,486.2964780094621,302.0242886884108,332.3773137161842,186.05823957643943,503.054565701559,617.3157063930545,352.9665291150848,364.7314024390244,517.2980379943942,521.3996056523168,501.49228705566736,214.13741636644363,596.5160058737151,457.5006490696668,234.29502905100065,241.84991872855338,423.7289456592336,678.8947085201794,153.80840590685347,178.043589198384,278.22989840348333,105.05167055167055,95.19200316706255,771.1156773211568,272.5659361783929,212.33909820877085
11:50,91.90414937759336,179.25956284153006,120.66842940243258,81.73703477730324,106.35849056603773,205.60073092736408,193.4762897342366,67.98971061093248,304.1531100478469,261.37905301080804,154.02233732599547,88.9585708022797,105.83287347260544,441.5165692007797,349.96169998320175,467.8427863436123,431.0790572792363,303.35201203459945,181.2131616595136,62.254623044096725,433.50498575498574,253.46380401871733,130.14620604565084,485.11329940252267,182.12611844908395,348.58619848817364,493.6145538243626,371.2406218316999,420.4627118644068,367.39497980380844,145.89807778274474,238.81965754947743,465.3844677137871,297.4144578313253,311.24555581891445,167.65049833887042,485.19844357976655,610.1134254485461,333.7377534745956,347.2342281879195,525.0926108374384,486.34,481.6090756302521,209.04495268138803,602.8230403800475,391.0557901085645,220.8894090111176,216.5048243218642,414.4969578444155,645.5240952900527,153.12203876525484,181.9203178694158,279.26969046889366,99.12064873417721,86.83061630218688,725.7549770290965,255.06064209274672,199.3408536585366
12:00,93.99827228749136,197.89861751152074,129.98764738910725,85.33312902237205,111.54911433172303,209.6250569476082,205.97376623376624,68.36381013061485,317.2731338149295,267.9448275862069,177.94552405224593,94.67826721830129,110.96220472440945,456.22763954270346,371.5067159167226,488.50802721088434,444.7824739363201,322.76158192090395,183.0510067114094,64.59759931408973,450.80457623161334,270.7800111669458,142.33024976873264,501.90622241835837,184.943744752309,369.9007040543821,520.8782593375616,389.08891882788816,429.05544147843943,374.7296587926509,168.0991280403855,247.42402981802238,483.06146530468476,307.1614241272036,328.29349141059765,181.52190974493132,501.68473451327435,619.4248284466626,344.9872291904219,364.32262210796915,521.9207825529186,515.2874251497007,519.0068119891008,227.28018408229562,619.493572496263,399.6843863912515,223.27937915742794,231.91336270190897,426.58923076923077,690.1956617972554,153.97415431394907,191.15638481449525,285.97298975473456,105.54603427660423,81.94628432956381,758.1551052221356,265.23056197074675,215.11006289308176
12:10,96.10371460095624,165.18234804329725,132.98173644282102,85.94265986190334,101.03599712023038,216.18204488778053,211.50026041666666,71.76903553299492,319.2931450223906,275.95068027210885,169.90540948927168,97.0766517752175,114.73671875,459.3024010382868,370.45140171227126,505.25802939575397,444.54530106921777,337.9641404805915,191.60473933649288,70.40489208633093,440.7735717603344,279.92809734513276,139.41940435984034,499.89198218262806,188.20925385577323,376.194820909971,518.336,388.8577249575552,419.64424123666447,390.62532599246595,157.86275565123788,246.07882736156353,488.0596540769502,310.00931677018633,342.6496315664369,164.3388625592417,501.39669421487605,632.1931545236189,358.72167768406655,371.24216524216524,528.8502116574406,527.6543443917851,524.548322147651,230.14578774617067,631.8856791641057,394.5066011667178,225.69156762874928,228.71637962623672,429.00938659681293,694.9484613460095,162.6749529190207,194.46220735785954,293.97837188344846,100.79016141429669,89.95552025416998,756.5551550108147,271.49590643274854,214.48161993769472
12:20,93.28415300546447,198.31390134529147,130.79595812028245,85.81076776043327,111.72070744288872,224.8552371541502,213.20556962025316,71.37637540453075,315.7026755852843,276.822103054325,167.79296756592908,96.47265625,117.44777911164466,460.99734307539023,367.391955570515,496.5509761388286,448.872406933788,336.4809362023405,191.29408938010573,71.1176133103844,436.1288286181903,278.9816870144284,143.83154341822646,497.453839325344,187.9557780559032,373.23312883435585,520.4861285126186,392.9471913891692,417.3617412630288,387.60064271107217,168.1844605925098,242.72143941036202,478.62464838255977,316.9442119944212,343.60009465215336,180.99464882943144,499.69163237311386,632.1435376967688,364.9830009066183,364.05385595920967,521.7705727452271,512.1644417475728,519.4393179538616,218.74967371443486,624.5724594107036,414.5068450528936,241.9350201265095,227.45138141370649,430.68567059851466,684.1548682703321,159.1001129092962,188.0768081928739,291.17708015848825,105.0320813771518,88.85719968178202,749.787859824781,270.423828125,208.41567398119122
12:30,98.15431875677629,203.85397412199632,134.1840682788051,86.82724458204335,124.73097617217525,217.24007936507937,212.29361370716512,73.77478344562078,320.3533960995293,278.40020161290323,178.65724486759893,101.69218203033839,115.44643584521386,448.06620450606584,374.17531815137306,504.06179620983244,454.15575007546033,332.23198792908335,180.7373271889401,67.06952025280091,447.2338823529412,281.08620689655174,145.45476999073787,510.4505884965578,189.97467382962395,372.62733990147785,525.6208547614825,401.70882651335813,422.84285714285716,387.5598016336056,162.47585155058465,239.6287211740042,482.3931593794076,314.28215913073956,340.51181102362204,191.71927468099395,506.4127764127764,643.8748976248976,354.2249212775529,354.80059920106527,515.2469299701295,518.1310030395136,526.7644866147069,238.10077727150897,652.977998140688,422.1265281173594,232.6619398752127,238.055,440.5378078012639,693.5635082935696,162.6641651031895,197.51721206969825,298.73468759618345,106.83935585231735,87.02648475120385,743.9986477349561,273.2011650485437,210.59897828863348
12:40,95.77585078534031,208.98865784499054,133.74205448354144,86.13946312866399,104.88560885608857,222.7092970521542,208.06527347781218,72.34942455242967,322.5637141916365,273.2866193613786,180.21849474912486,101.50180766449746,118.46615905245346,451.83383084577116,372.7509688289806,500.3857923497268,444.1933500977927,326.33509633547413,189.53098661378286,69.82562785388127,434.43185550082103,275.49880731513383,146.09608323133415,499.3780329289428,185.89795918367346,369.5666175024582,529.8397573162027,386.039919490104,410.81997631267274,382.2521380123857,171.11904761904762,230.00060642813827,481.40556343019136,315.0188679245283,341.2889742973817,185.9738255033557,506.22755798090043,634.188043247827,357.81040643144263,349.03762376237626,518.9732463295269,521.2892880051315,521.4042988741044,234.91234439834025,635.0126465144972,438.78314008147913,241.88546511627908,240.02419504932067,436.354458041958,685.8207353277004,163.418754745634,190.0199228791774,284.85034420832085,107.28755020080321,82.15736651947009,741.7628120893561,265.61008656379374,209.54087638979726
12:50,90.35531985415976,169.57742782152232,125.46027471047671,81.99587039390089,111.76521060842434,210.42100098135427,198.8948717948718,69.24773316062176,308.7009933774834,261.86408023225124,153.60749134403525,92.14182518661208,112.85022385022386,442.65869490946363,361.95017733490965,470.16962578530456,437.45589919816723,313.34151957022254,185.8195525291829,68.89407023603914,440.7856293123959,265.521059972106,152.51823708206686,477.9282691493864,177.59224936815502,366.40983207593086,504.219168302695,371.7073578595318,411.8353154605926,377.5342789598109,156.56970574047276,237.26996280901335,471.4339821146765,309.02799861735224,335.40759971678074,163.9328114807567,492.1591533809786,636.8313354363828,349.0118780815778,354.59023285899093,520.8753748750416,510.7861066235864,483.77272727272725,224.72556100077378,627.5255273616631,427.81625,235.21215805471124,219.28778696051424,423.47893136403127,647.7364253393665,157.30541871921181,183.0272006853716,278.95254237288134,98.79443339960238,85.91841584158416,710.2703363914374,252.27238095238096,201.95733333333334
13:00,88.73134768504866,187.50563909774436,119.69894459102902,79.6917935388043,101.58352402745996,206.36811023622047,189.8119855967078,66.46181345466363,303.41076769690926,258.1798834557892,165.50919058368268,89.53378378378379,104.36973103171417,438.90328092959675,353.67708157405843,469.717301891966,429.5777967064168,302.8208722741433,180.23356704645047,65.21847297683729,431.73996221067546,264.13794060505137,143.75550795593637,477.4853813559322,175.90878378378378,360.4317061143984,494.7060816836098,385.8421938088829,411.70623621415683,370.1018545775684,146.925,232.6362656317378,465.7084942084942,304.65280665280665,316.79673063255154,158.25504151838672,487.25686813186815,647.206390895163,345.4955535793686,347.35276776940714,512.777958917509,502.3553846153846,485.214042263122,231.83914828116983,611.0520195838433,426.0495049504951,229.9915254237288,215.8281221091582,424.10359964881474,664.7603480714957,156.87009063444108,182.51171209540033,270.6740102171137,99.2842862854858,81.57917656373714,702.8719329742669,254.71882261812547,196.86188219363575
13:10,92.2599212359891,197.3751169317119,129.34850640113797,84.0234995236583,114.35685963521016,205.98236331569666,200.75885978428352,70.49693251533742,315.52039096730704,273.04639959432046,163.63315754779168,95.43852459016394,125.43213149522799,440.75603032391456,370.460953346856,493.66426991150445,443.4136170212766,329.3746731415764,179.20871436256053,67.04238975817923,438.8449575871819,270.3608597285068,159.3714199577932,496.76480541455163,178.00932994062765,367.6661775495231,519.3176491477273,377.72676149520345,412.3579805207712,375.0168738898757,156.97125867195243,243.41392101243727,483.61957671957674,309.19546547578153,328.0316968541468,184.59036939313984,510.9644225506294,637.4559209199113,345.6023989338072,350.4814935064935,517.9377633711507,510.38440366972475,489.244248985115,240.25997926386728,613.5355479664701,445.1786608260325,230.83575757575758,235.2922561429635,436.3270865112225,674.1295857988166,161.84316711077275,188.86184909670564,277.2768893069928,101.78046843985709,90.36719367588933,727.1721893491124,263.78920409771473,205.03118644067797
13:20,84.2302135678392,174.04136029411765,120.49905533063428,78.59496402877699,98.75867269984917,199.6796643632774,191.55431187992878,65.02679396365876,299.0757625450968,253.45081332300543,152.09444629198538,86.32796552506237,115.60155440414508,432.43745607870693,348.7634171195652,457.4085012420646,422.7321985815603,306.26135488837565,173.8813387423935,66.34571026722925,421.23585354255823,242.48849510711452,147.87651699029126,477.41606765327697,176.27808326787118,330.16347966603826,481.5509661407552,373.31005679919815,403.7941056910569,365.65421934725083,138.8300198807157,221.5894495412844,466.01789510985117,298.0832480382122,313.1746332229058,152.30483028720627,482.8826600714482,647.6027088036118,359.47146171693737,351.45850823377464,518.4867812293456,495.1920760697306,463.81551433389546,217.74484679665738,597.3140620295092,426.15911949685534,208.25715889949467,207.28020660394762,420.72606034105814,652.9708209693373,150.73691756272402,180.31667019699216,267.4139768097775,93.23107729275131,83.55573440643863,685.9275456919061,242.10736434108526,191.763907734057
13:30,97.28248951950984,209.85486891385767,140.77123248498714,85.67008985879332,114.96527777777777,218.7709661598823,212.5319369019912,75.57811038353601,324.287962962963,278.1352752406813,177.2239789196311,99.86425339366515,123.82386613826507,446.48342541436466,381.23559236099373,508.92869034406215,446.1719763180152,323.768875192604,190.14220416455052,74.07328200741374,442.3603325415677,289.5266983505731,159.4101941747573,499.48332979401147,182.02606137032367,369.8212001967536,534.766979960986,398.76740237691,410.13038439250533,391.4174473067916,159.79057591623035,246.21032967032966,482.239936440678,317.597602739726,351.57007351197535,178.8821510297483,506.20607553366176,634.8806301757221,384.14877192982453,355.9512893982808,520.8402462734932,522.9267423014587,491.4659898477157,224.96684656900538,637.2616297221355,453.1565135895033,245.579013116802,236.87843280849506,444.3996023856859,687.8642231443062,163.9388346000724,189.02077274615704,291.1296758104738,107.55524642289348,89.51152623211446,740.005366726297,268.6282557221784,215.76398362892223
13:40,90.41637630662021,196.66470588235293,121.84890923781309,81.02868068833652,103.50850077279753,196.3583984375,196.73744292237444,67.85138139091775,323.27297358320163,256.3835170340681,170.91188856494978,88.41328828828829,115.20776699029126,428.8971238938053,358.5679513184584,482.53781276356483,439.21971014492755,316.0054815974941,152.8938237335184,65.9,431.00216815225247,260.92799555184877,153.2798552472859,485.2349925229652,177.3502538071066,343.5176943699732,494.3750442477876,392.16717531366567,402.66008214355566,365.6663745252702,147.5141720537046,220.56157240272765,472.96353707944337,307.96483441447594,323.46814602720116,173.20398671096345,487.42515792364736,641.1927789934355,364.80653442240373,349.6057662174867,514.3876071193145,504.2386765178285,479.26594301221166,219.7811770806326,629.4312558722205,430.6632173095014,231.04440275171982,217.41784649776454,434.23231653404065,668.1328671328671,158.1064814814815,192.67424734676197,284.4351334574798,95.51378345984818,83.00438596491227,684.443927948867,252.1650831353919,196.18356164383562
13:50,76.0411039342337,161.5251184834123,110.33180716401831,73.4401144082946,98.90937746256895,185.9367764915405,180.82779609434442,58.61498150431566,288.19722038385174,230.75166461159063,150.05144167758846,76.94638317541022,99.54314214463841,415.20382165605093,332.7310368233497,439.0864682762493,418.4103075170843,294.4288052373159,145.2621951219512,58.934950071326675,432.9479091995221,222.8557880055788,124.08856536245071,460.0533419023136,166.03098471986416,334.4704612894524,448.8632952108649,371.0244385733157,405.7666469077258,346.4512820512821,132.389448441247,214.15752098127825,447.9339951236503,290.3087139617752,287.8464995269631,133.4031007751938,466.9967123287671,646.9289399624765,337.78975428836344,338.7649376231123,509.2101425256878,473.5336585365854,451.4944086750254,207.0812785388128,590.8915552855407,402.348895113601,198.74986493787142,184.10643382352941,414.60654288240494,620.2772779700115,147.28924980665118,169.56828953037484,253.59285258455648,84.85594906486271,72.30666666666667,644.5593023255814,222.77594426109277,181.69692832764505
14:00,76.44989561586638,140.49452554744525,105.36809972017298,71.33751343604443,98.97716150081565,184.99592206615316,178.56664977192094,56.67161290322581,284.71159196290574,237.02118644067798,144.08891044293566,77.79604190919675,92.6910163339383,410.3853747714808,325.9567128846804,437.74285714285713,414.9286982248521,294.9668711656442,141.2880281690141,57.928002276607856,420.9219605044016,218.58611481975967,119.60018050541517,459.9202322081273,169.97324840764333,345.522870446453,438.6427298645759,362.93495400788436,392.92766839378237,340.26754772393537,128.3760975609756,217.7133235108398,447.486872246696,292.15971755211837,285.4974226804124,130.04,472.62900083495686,648.3642352941176,338.933096926714,332.2938005390836,511.02933421226106,466.8317043372022,437.83108563722186,199.5973952434881,631.5017713365539,402.510773130545,207.37078651685394,184.283107599699,409.4931898066784,625.8922084130019,147.96586501163694,168.47743876235495,259.34764890282133,86.36628849270664,69.37031060911657,636.5432172869148,220.8056179775281,175.66127946127946
14:10,75.75132771009059,161.77010406811732,103.54407456724367,72.8475905864774,100.23064250411862,177.37889105058366,181.5895865237366,55.1631271160357,280.9121598346538,243.88963556474542,143.25850115549687,76.41327519379846,93.57694095769409,402.11098779134295,327.1622173099813,432.89515443468406,411.9179036655559,293.54170073589535,138.66920152091254,57.85600681624538,419.21071343920363,218.63602150537633,107.77095310136157,472.08691796008867,168.09163851351352,353.2362086258776,435.55384887005647,360.635582010582,395.76498455200823,342.67181008902077,127.65712876171682,217.23496563573883,447.54224860335194,292.56076330766655,278.9553656220323,142.1511400651466,469.70661157024796,646.2474645030426,337.38646080760094,334.79060402684564,506.15905511811025,478.3207184092367,461.3392917369309,193.54753309265945,625.0263405456255,401.1571609632446,195.8986083499006,188.230184375594,418.75055285272003,623.1081146159403,140.99195093905712,171.06419279164,256.76192020759004,82.89656549520767,71.01218026796589,637.5534591194969,220.78697779450508,178.08437067773167
14:20,74.13796879277307,152.84552845528455,105.50925677488597,71.83744777819977,109.25697865353038,177.18771165940979,180.04826546003017,56.48893046460867,261.22718876985596,242.5973926380368,144.5148185148185,72.74014295596034,98.97466216216216,399.8990091463415,326.86178170690243,438.5046335299073,409.50662442396316,287.56986190089356,134.28197130380536,56.51231386025201,418.13370139222275,217.873410724157,117.49475576865449,474.1015350877193,163.8272656855151,343.22357162572456,435.04608294930875,357.82224462365593,386.35883575883577,332.6992927864215,125.34645286686103,225.3981136214082,454.6199929103155,293.09222484012116,280.64444444444445,128.56683168316832,473.93763736263736,658.2040767954492,339.6991556091677,341.6873754152824,506.6524983776768,480.7090909090909,455.72494093823826,206.91081949651849,622.7717425431711,404.27605001603075,215.4458041958042,183.75172285341776,416.07380796864794,620.9285053216104,151.01857707509882,166.23311965811965,250.5545083254791,79.42372881355932,66.93405226047284,630.1945594322885,224.37385573050165,177.73076923076923
14:30,73.81831610044313,149.59461966604823,104.97827160493827,71.03978159126365,101.72544470224284,176.10726474890296,174.06924066924066,56.473301737756714,261.5755287009063,243.16015228426397,152.76377245508982,76.97098214285714,94.20045045045045,405.66765688822875,331.8847532866655,445.25866890380314,404.965555866704,290.2816568047337,138.9694019471488,56.714608646510314,418.80402131782944,217.8622987229317,111.55385996409336,471.2389730085583,165.12148760330578,355.55976041383065,437.81358946993953,368.2468438538206,381.7215053763441,329.8504115810389,123.54513274336283,222.97043701799487,453.9360722507526,308.5278457772338,273.6383376138221,119.80105944673338,473.63596249310535,655.651376146789,339.34687809712585,340.0615333991445,497.12543116964565,475.02897617514486,455.65826612903226,198.14879714879714,620.8181261481935,405.8452685421995,198.40176114474409,178.35471130336657,419.20154696132596,621.2787631831256,144.26984718598584,171.10255858955063,249.39154471544717,78.81417322834646,67.68932038834951,621.678182981446,221.19229330340443,173.8094248094248
14:40,74.60666666666667,142.02649006622516,103.80788436268068,71.99143389199256,99.01472868217054,175.61475012130035,179.866734228528,56.48088888888889,260.1589552238806,234.42727048978588,188.1309748852282,76.34277484397504,89.87494273934952,405.28480538922156,327.8967971530249,440.870344441333,404.8681130459606,280.6518578352181,137.37394366197182,58.433680653337085,418.4368978805395,217.43786488740616,118.82354703415218,476.3678642274631,158.43954248366012,358.6985499872806,435.75252078542366,363.05180481283423,388.8595982605094,340.2249114521842,122.72225012556504,221.56642487046634,459.4454610692501,292.97772199560717,277.45593779453344,123.57931034482759,478.5793122573489,651.4060009376465,336.2494112105511,341.27006327006325,503.7892432770482,480.24983943481055,469.0925492816572,209.8073193619018,617.1914694894147,397.09470304975923,194.29217025748818,181.28125,413.5568730786122,622.9543134872418,146.84306853582555,173.83412424503882,252.44975609756096,79.93931194433706,72.73832528180354,626.777707409753,223.06107142857144,171.7151556156969
14:50,79.50279955207166,165.5790987535954,107.71218206157965,73.24751718869366,91.04660045836516,181.328125,181.75746652935118,57.07405022537025,265.3138217522659,248.92805214339432,155.61340376361835,78.91409544950055,93.80281051677244,411.10689779703864,333.5498981670061,458.74480044969084,405.7049365303244,293.0090231463319,141.25491573033707,55.17773325701202,431.375445262408,226.48159340659342,134.34446085672081,481.02972258916776,163.14163614163616,367.65841334007075,455.3703769559033,362.93318047821816,395.42409829567976,351.45870736086175,129.3382862803368,227.9276736493936,468.9906659486627,295.26032258064515,287.68305243445695,134.91176470588235,485.7313969571231,659.2174765744171,347.4540476190476,344.85388429752066,505.92349893325206,484.5931933842239,476.5084516565247,217.741528034504,647.1662862732312,414.73722627737226,202.26236125126135,189.25978382407752,435.2189636163175,638.5501210653753,149.25029058504455,169.04740646258503,258.9033184428845,83.39976780185758,76.34027504911592,652.5116866708781,226.57499121882682,178.93901593901595
15:00,73.70084185207456,165.27512195121952,102.07154026583268,70.17642642642643,87.3776758409786,173.53846153846155,180.84368583162217,56.98418604651163,254.67140718562874,233.4095,154.59127366057106,74.7884476534296,91.27910238429172,405.72650202727607,322.8441090722003,438.2740887256287,391.02061005770815,269.66089693155,135.56549749463136,58.36622497885537,413.18905232698336,213.84304562946673,119.6245199409158,467.21499013806704,150.66827309236947,359.2952548330404,435.6476413395751,347.9386422976501,380.7490494296578,335.6227138643068,119.51231527093596,224.0588492671188,455.7243739866691,317.93091206990715,279.8488535329902,113.10146500271297,477.3020920502092,651.7185134205093,343.2099832013439,343.05384869507765,504.73106646058733,469.4158878504673,457.99830220713073,208.47338294218662,625.826128116125,400.48673404927354,209.18815943728018,174.27808676307006,416.31954225352115,616.7073230467794,143.20423821702593,167.04937741519964,244.8680333119795,79.26552128074971,69.77238360525268,627.0055147058823,220.48805213613323,169.9060773480663
