Time,0,1,2,3,4,5,6,7,8,9,10,11,12,13,14,15,16,17,18,19,20,21,22,23,24,25,26,27,28,29,30,31,32,33,34,35,36,37,38,39,40,41,42,43,44,45,46,47,48,49,50
00:00,277.4034401876466,363.2896801448401,399.79916067146286,102.9527661795407,307.7539498141264,234.150701165317,432.3706929926442,273.50879457802165,60.97696817420435,293.7992730210016,96.71033519553073,890.4979292768397,292.9784840110541,427.8081450094162,319.6836642599278,316.08971259736774,213.25986342943855,727.3574978076585,516.1854029747492,520.3793761935074,948.6001844593037,389.30929340880044,166.4483695652174,956.8767316935256,755.6774798927614,745.0931523750771,383.07488171158195,424.982482863671,213.96759451599502,316.7069864442127,634.7001541623844,451.38136363636363,826.6475953565506,272.69873507928025,338.6819012797075,414.7293427230047,215.14471326164875,497.56613553465155,435.22786131996656,426.77022454629343,563.7290843214756,393.77497129735934,232.08707066287465,412.9101323828921,625.7127457197209,286.1816675869685,439.7317073170732,535.67521944632,471.49568965517244,209.31103896103897,1194.5501813784765
00:10,266.5819250551065,363.7794965119806,397.301378070701,103.15405880874592,303.80756702580805,241.37604456824513,442.5744392884764,275.44781844334346,55.086075949367086,290.5997576736672,92.9273909509618,886.7403907751442,285.18587360594796,428.3351427897097,320.2431476569408,315.8615963450685,212.96266968325793,733.2510180337406,510.57428472940364,519.858097359211,959.2608493850081,373.41751085383504,182.74162011173183,958.0989819004525,780.6829536096624,739.9752857584183,364.68991793669403,419.1663734606685,215.5222982783655,310.13065326633165,636.8895499224004,452.24032771961765,831.4626187525815,273.2429840142096,336.7879858657244,420.9289363678588,212.87320788530465,497.0198535080956,430.18713572023313,425.54645814167435,570.4648774022531,391.80901654936275,230.99629871543652,414.1969658659924,627.1472545757072,289.7116388308977,435.4377195352607,542.7495056031642,464.7570811329813,208.16949706074462,1220.6358136721112
00:20,273.5171363290175,367.2373237323732,402.8653500897666,102.8026525198939,309.16937022900765,240.32268370607028,440.8910490856593,278.1321548821549,60.317539484621776,297.9277181615712,99.02872928176795,892.2521975387566,285.8111351564037,427.03738968880634,314.4535087719298,320.26497571505666,213.95254496747035,733.9640162507255,517.0479641131815,531.2181701855407,949.9045643153527,384.6938663745893,180.75664500886,970.3900649167372,781.1380834023751,753.4628252788104,363.29411764705884,423.68105209397345,218.44086468509664,295.3646245059289,612.2080487804878,447.3405270331667,833.1120689655172,272.68666785016865,341.64628571428574,420.342062193126,215.87444046553267,499.139098471658,429.7229365408544,420.6129131912264,573.3685258964143,393.8613974799542,229.59190371991247,411.7731177362304,580.0677161958163,294.52523413111345,434.0713320724129,549.874335106383,479.1509186351706,210.55885198323122,1207.4270072992701
00:30,272.3580524344569,363.1064408829755,394.4253490870032,103.75743348982786,309.9379918912473,232.2590622537431,414.7554400154053,275.0022555179636,60.66652841144753,298.05279126213594,96.09771538673273,904.70336,288.36410256410255,426.07051132383845,294.9512195121951,318.4772543741588,212.98545318910854,739.0945749927473,511.44642245806233,521.828489300543,954.5072026022304,387.8170952553423,170.78623878161545,968.5982495765104,777.0688136526287,754.2873386601107,367.9163245356794,421.3733232093141,215.0045938609313,303.1762414800389,616.2492174331809,445.2426787741203,828.5341614906832,275.99434129089303,348.7233656174334,423.0048746518106,213.0307555159349,498.59676175790287,434.5878084179971,421.33715525255656,566.6241666666666,396.22395437262355,228.47980894485454,412.98610409297623,593.7552870090634,297.5996381493926,435.9948411620961,542.7461794019933,462.2443181818182,210.73821820529375,1198.6604002425713
00:40,249.4680252986648,363.20889570552146,418.9510324483776,104.37995337995338,316.68071161048687,238.6894014714655,431.1019230769231,278.30369515011546,59.844063545150505,299.0759749444332,98.51090512540894,906.3702758730665,291.5985159148604,430.8328267477204,302.8659217877095,324.9431241655541,219.55149884704073,736.8854895104895,500.6898326898327,526.2137623446957,955.7788082541155,370.8728386167147,168.8804664723032,968.1653922401586,781.6426418196767,765.4135085574572,367.73031072894275,415.2982017982018,219.58185978780944,309.8023483365949,658.3146987951807,449.23043676069153,826.48206185567,276.9755188930282,351.5658773527626,426.6061172075648,204.97677504976775,499.72460712916825,441.23431657665145,429.95486428789263,571.8087944664031,394.060611576265,229.62762502706212,408.29732980514797,627.0068393782384,285.2621306587151,436.08317580340264,546.8833992094861,480.36869793950024,213.48973042362002,1186.0462287104622
00:50,268.65866466616654,359.3265610994921,408.3218116805721,95.38388740596943,309.6302243211334,234.64717581543357,421.79875165500283,278.6714213794261,56.76686340640809,296.31574724172515,94.77702519642374,907.0625398851308,288.1699104710004,432.793427230047,305.95518565941103,326.06953730944105,217.02847248941902,730.9656961660421,509.47728836889195,529.5608516047029,971.8411041521689,379.9076588810429,160.1059829059829,965.1479693268958,779.9521857923497,818.2655208698702,374.6672573341209,419.75573102394293,210.69201838696196,333.47808764940237,669.7592228234137,448.6910036166365,820.3578248235782,277.9893219434063,338.116621253406,430.20183918887057,209.86793286219083,497.6228103579589,439.70072388831437,415.61824839792496,558.3812725483765,398.5929924242424,234.67691641403204,416.0647281921618,585.0917956328175,283.3165938864629,436.002980222162,542.048344370861,471.77493495229834,213.07535771065182,1175.1831412977563
01:00,276.36954858454476,360.1588502269289,413.64416814683244,98.81032412965186,310.2957782299084,237.2469867615096,411.3782857142857,278.61091811414394,68.46274186908192,299.67083753784055,96.6752253482655,912.6239603326935,288.80440288330414,433.088,299.36831913245544,325.60238726790453,220.11533934876422,734.2496358869793,500.54594962559565,528.5516587677726,973.6889304063521,365.77691753691033,171.97003525264395,957.3855628759668,777.6347256347257,828.2224097198786,370.79080730701236,422.20264429188916,214.08199791883456,317.3548076923077,625.3024164022455,449.12734251524046,818.6899545266639,277.5200141693234,357.36252296387016,428.58021515434984,211.40747252747252,501.1416013758838,438.58781140621784,415.72727272727275,564.738028632549,398.2170753860127,229.5617057936679,407.19448441247005,590.9862925680017,276.99648363538006,436.08882907133244,543.7804404145078,458.004243281471,215.70015948963317,1175.1928143712576
01:10,261.3293680297398,360.84080650015045,420.70095124851366,104.77715877437326,313.67940717628704,240.36833762631267,435.8066921606119,281.7496679946879,69.87134020618556,305.77833905839566,98.66268980477223,910.8357302652605,289.9462365591398,425.8518779342723,307.93370402053034,326.60466967365346,220.08251473477407,733.5001450536698,492.54469183607614,565.5841429019116,979.7678866587958,379.4360086767896,181.05638072143074,951.886662850601,784.7848757848758,766.0386007237636,368.5593657086224,414.33249623304874,215.70546218487394,227.1639097744361,672.1936444885799,448.65427927927925,816.0984204131228,274.89520643806856,359.9342665855143,427.72185430463577,212.9238199780461,498.1444146901301,445.2894356005789,424.60037059913526,568.073970805314,398.81857764876634,228.55357142857142,402.81672640382317,609.0524520255864,276.5076881575398,431.7417182870994,548.1559278350516,459.3932955618508,216.37350910232266,1191.8918590522478
01:20,255.816,360.0339401419315,419.46280991735534,105.70089399744572,313.03293940155896,239.4199960246472,425.46184434766144,276.35821140884434,61.271186440677965,300.9162314182403,98.74544435099523,903.6540050858233,288.532535238463,434.38859732824426,296.0431100846805,329.98295605858857,220.29839655846695,736.0925872512258,514.1620417951353,537.6882667505505,975.1791324736225,359.97706504210714,172.81647940074907,955.5712254762582,773.6325466520308,766.2852112676056,364.8270588235294,415.33060179257365,209.98865069356873,231.83939393939394,666.4741679085942,444.2796495956873,819.3933037515127,275.86289900575616,362.25330926594467,424.91967213114754,211.24264543242646,498.25480860788423,441.3007764609726,416.085504137297,567.1291330810989,400.83079131527006,228.6370723256821,402.4681155958921,603.4577464788732,274.3467417538214,425.8950201884253,534.392811296534,458.84578997161776,215.5512086513995,1167.7641395908545
01:30,265.92336589030805,357.8457757296467,406.39118895966027,105.58799593082401,310.72534847702633,236.90136390591027,428.42859848484846,277.51237412527735,68.77905073649754,310.1376723438767,96.98574952041655,914.2055643879173,292.76987692908773,437.82962085308054,299.53812722244174,337.77604853600633,223.1833596214511,740.9772988505747,502.6767741935484,535.1580788804072,981.845401629802,375.96938775510205,179.65059851180848,971.9404761904761,782.960131976904,744.5811018775007,378.5692735212386,411.0687059966011,209.11160151324086,271.6744186046512,683.8146649810367,449.4463963963964,814.047250509165,280.080201809325,366.9420461265523,431.21389742377687,204.3003300330033,501.9587628865979,447.79606476737035,411.7901081916538,565.1979695431472,408.16161998485995,230.01736706689536,400.2680608365019,606.2487907465826,277.6521739130435,431.14419726614847,514.5281189398836,465.3726575809199,213.93742177722152,1171.6901492537313
01:40,260.6577380952381,358.21685291452735,411.3735199138859,99.81440781440782,312.81180223285486,244.37781767404746,431.2056215808338,277.19694915254235,65.39958932238193,311.12618999392345,100.94057206331574,904.4685705169113,287.5029406184785,430.0862680217443,303.05730427764325,331.74603174603175,220.9636507309364,734.9025804581038,510.52016404647986,532.8473331204088,979.4080967892043,369.5457311616252,192.37765436131983,960.515895147797,778.044468844359,745.5003050640635,373.55773072313224,417.92902569320785,214.09889422073857,247.0896501457726,678.011253196931,451.0313769751693,818.4457489878542,273.8853083853084,369.2700773349197,430.6801609848485,209.19143298741443,502.89222243455,449.7645234649576,415.6234643734644,580.6083416417414,400.5714554697797,227.72961373390558,407.33192231075697,619.8348565356005,272.81403973509936,427.90147651006714,539.5407503234153,457.00711912672045,219.4378125,1172.0449910017996
01:50,277.2845283018868,361.5726366656599,425.0643415514131,100.8711759082218,313.4868387426527,241.10409217322209,419.5932676213502,276.65357486373836,69.18060064935065,305.1232150142799,99.28544113630156,916.4033237456056,288.65022590361446,432.38265185535334,309.378101614809,323.95365466101697,221.20055161544522,730.6513443191674,512.8061989100818,539.3874680306906,988.152719665272,368.67357232931005,180.5983009708738,956.626404494382,768.4930950446791,755.622784074397,381.2402,420.57905544147843,210.83441490475192,280.20294599018,676.1275050100201,451.314818979087,812.0172068827532,275.8073883161512,364.5031847133758,438.1276595744681,209.30380592032049,502.4357509994289,444.00866157970717,411.47471651854124,565.9748644652539,403.8203874705776,228.52786112301757,409.8882280049566,623.806142034549,271.575,426.58527341635084,541.0891472868217,477.1229759299781,214.94188250157927,1194.047281323877
02:00,260.5840579710145,362.84747320061257,435.97057057057054,101.67051189617881,317.00668270515905,245.13741362290227,419.92735359525574,280.0304937076476,70.72977346278317,302.7172625127681,101.0568426724138,887.2270416269463,288.6147723065531,433.13430343511453,300.5728851963746,326.058080129067,221.4780860474467,730.6936599423631,492.3172922682066,528.2163369495852,975.3569109461966,355.3411323450616,170.06352520131225,955.5016930022573,772.3478378378378,748.1842487648939,377.67461430575037,416.52774258930833,212.83097699936695,251.11582134746405,671.5535714285714,446.54510599909787,812.9956262425447,274.0981228668942,387.3372434017595,434.3647502356268,212.61496149614962,500.19471246622925,443.51580459770116,417.18413771902857,586.0849640408095,397.37668758319074,227.13110871905275,398.05545112781954,599.4470842332613,280.2059212265398,418.16343042071196,563.802752293578,474.78841967784064,211.05994380268498,1187.1085409252669
02:10,271.532319391635,362.7555147058824,427.913927077107,105.34231171548117,313.72818511290774,241.2254074219517,425.67298839992634,280.10319131702573,68.75163132137031,307.38474125588056,98.89354228586869,907.1509131688562,285.5126893939394,431.105041031653,296.9587775408671,329.82078757031877,223.76746940386894,737.2999135695765,498.5573717948718,530.8898222940226,977.9058959537572,367.9054441260745,187.5588433086752,955.0,778.5573549257759,755.2242910340876,383.73683148335016,400.7227651966627,211.0548319327731,264.7043606799704,675.1685138539043,452.7894618329205,813.9269076305221,276.3232443461996,384.70070838252656,438.8787663107948,205.98784985897157,506.18276460381725,448.30620234906246,412.2162325863113,577.816611295681,403.8290549534132,230.86924061433447,405.25568876926843,643.0914012075785,276.01675675675676,423.3738242407955,559.5994020926756,471.62899693385896,219.2475803933812,1190.6544161232957
02:20,270.0997045790251,364.808859223301,432.9037656903766,99.56213733075435,315.1399524689728,246.23572129538763,410.62488546820595,276.639116202946,72.615569823435,305.6120654396728,102.02271512560128,886.2195935217529,288.8984198645598,432.44628099173553,296.01605253557096,323.50885193133047,223.206106870229,740.1165574237674,511.74145006839944,525.6214216789965,971.6801112656467,360.82710531020916,179.084917617237,946.1373035566584,773.8219029547303,752.4930653835268,383.4039508163677,416.21082042164085,209.78949579831934,274.0565476190476,679.0150510204081,449.4661264911096,814.1530206677265,271.1493120434856,391.57126099706744,434.57563712882865,213.03014416775883,503.5259102292429,448.0249587458746,410.7757296466974,577.9047224523612,394.47059904446894,231.2339293316305,404.6927754804184,591.4433602036487,273.96979591836737,417.3691765980498,565.9826302729529,477.7633986928105,217.1093653727665,1166.802359882006
02:30,271.17296072507554,368.65736434108527,427.3122765196663,101.32120608023922,317.1547460781707,241.33267365921236,409.5123188405797,277.77145148356055,70.58216151064684,306.100061137151,101.9211229946524,908.1461820500558,280.6189677659773,436.84511313272685,294.9222429906542,335.83031433137984,223.14801587301588,749.4714774671991,524.6540170940171,538.1525369299936,976.4367630057803,373.85568120624663,170.75741076830005,952.7362517099863,773.8390243902439,755.6089179210452,386.3873819570022,419.5756661639015,212.79801184433165,282.2160356347439,664.9467575069392,452.61707371723054,814.7365528072241,278.05645981688707,390.4845971563981,433.89509504811076,206.61421654929578,506.60573959938364,455.69180461884326,399.6436853650893,570.0708478513357,401.2726604155176,232.84208289054197,404.2342233009709,616.7448497854077,289.0478098290598,424.92932575142163,556.3822314049587,451.3215817055741,218.32682170542637,1168.9585798816568
02:40,277.19634703196346,363.4416539050536,421.4276457883369,98.82667964946447,320.8609118852459,243.54210732471603,410.2498198847262,278.39747684445865,62.170016077170416,302.77693723165,104.58442251267005,891.8862008594621,283.6499720722398,434.8199715370019,299.36619175972277,331.20213618157544,222.03161264505803,746.729118993135,508.3167744130657,532.8047603731103,967.5340326340327,366.47529328119447,188.18323773103887,952.9945024738868,775.2983261339093,747.728765571914,376.77718253968254,416.2451078775715,212.4457805907173,311.8608582574772,669.477450239355,449.9522737505628,801.5383411580594,271.8485002541942,391.57932263814615,429.8023364485981,205.94708069101247,505.5575255347851,455.67994310099573,411.66995073891627,587.2260999007608,390.53736991485334,230.90157648061356,398.98416950803704,604.0893246187363,291.74333688699363,415.8564437194127,573.4684247050659,452.86252354048963,216.4882010419859,1143.071511627907
02:50,274.5398633257403,364.7642550582465,430.0109489051095,106.35647088736333,313.4578804347826,233.994863690241,409.14157384117857,280.26122646064704,64.75943204868155,303.5397115579931,97.65570703020583,915.2738873823577,278.3358098068351,434.411982419616,291.78405188859216,341.09949588750334,222.28186082877247,748.4709418837675,495.58449809402794,536.4958386683738,987.74133148405,378.4488626186638,167.61273283291632,954.3531810766721,778.9897186147186,751.5871794871795,386.6449668474985,418.18872901678657,209.05131964809385,344.87244480784955,639.032396861554,460.0719131614654,797.4923258559622,280.15315468113977,393.48961424332344,441.070216228784,205.247311827957,501.7954242135367,452.5211985324093,393.7295713845205,574.9137470804137,401.34704465443764,239.93125263601857,400.09337203676824,613.063550193882,288.5764674205708,429.3163097199341,542.6949602122016,453.8215297450425,218.31777709548663,1143.561004086398
03:00,272.8853783982366,366.4530674846626,429.78117505995203,106.78861174099269,313.12857142857143,229.3765928249363,402.4419642857143,272.26948548140604,68.23493732308937,307.0159370587049,95.98575651706531,944.7964091054826,276.8267687138324,442.58602906704175,305.9513307984791,350.4203245544028,225.497265625,754.038876276958,497.1678277390754,546.4742564758554,990.044845122515,387.02604817127565,179.03153823266885,957.0234030837005,778.4882666666666,758.0776296296297,388.56247488951385,431.81768208886854,206.18736797634136,344.08270042194096,641.1048933500628,460.07645875251507,789.3060483870968,282.83168654173767,391.0065320665083,446.0767436435736,193.5365003268686,502.572997538345,451.5540211210398,397.9415765069552,566.8907478668228,407.5213845596231,236.17334458034586,402.75187062515084,634.3554472233998,283.4496208017335,436.28091728091727,534.232741617357,435.2918434700613,215.88084599344654,1124.9157955865273
03:10,272.65124816446405,361.93888888888887,417.0984930032293,106.17311094263331,316.24423841059604,242.3158105939005,410.713082437276,276.51860920666013,74.55376766091052,305.7425198453084,98.7277401894452,933.411558109834,275.8638006467567,439.0051186598418,306.6481197237145,342.21754107048224,224.38751987281398,761.4366438356165,510.6818791946309,548.2483306836248,987.581876724931,387.2430357142857,163.2530864197531,947.2620498614958,769.104585679807,737.9895709177592,386.3204664254121,421.40820130475305,207.69181721572795,415.84789391575663,639.7270187912646,456.8219209039548,794.0598153352067,283.59527451980284,391.8940828402367,444.19642857142856,201.89859762675297,494.8871242200794,449.69204222492897,390.77819314641744,578.9538461538461,399.04354136429606,240.91409367779877,397.70544135429265,603.1419792328883,278.2218878248974,430.8628257887517,539.2104234527687,438.9962721342032,212.43342432514407,1130.5705052878966
03:20,281.46700879765393,365.08231334149326,433.2468544038346,100.58756652152879,312.65110631408527,237.95334928229664,402.31802751474004,275.12172623949925,73.90633718612993,305.080988054262,97.99701330437144,934.2056360708534,286.49933824919646,435.96321998612075,304.27352221056316,336.1673338670937,223.65615141955837,745.4584155624472,511.474593495935,550.3998073217726,994.831073316479,396.1962466487936,177.0267955801105,933.9577308120133,778.1516853932584,745.1490571685124,395.14576612903227,432.3393218055244,206.7532686630114,413.46182495344505,683.4172864837137,461.2888191799238,784.7838050314465,284.9499408083883,388.98570577724837,451.996986555401,203.73685373398143,494.6972442431106,445.63592233009706,395.19077113657477,564.7095175148711,403.8002499107462,238.63279445727483,395.55217996289423,616.7225233037069,271.96504266446465,435.3900357830994,547.6021505376344,430.67595171773445,220.64154972544233,1141.7721893491125
03:30,259.16911250873517,362.91524371313255,430.5217650566488,107.4344883595019,313.1768595041322,229.73767258382642,421.32999821332857,269.9740554564618,77.3490455784963,307.9435532994924,97.64523101864361,936.584452975048,266.58222859190255,426.44880125476135,288.9808442710181,344.2893899204244,224.5920125293657,752.7582884669878,509.3096361185984,548.1575103207367,993.9059986210067,389.73124002128793,171.08268871699119,942.6970884658455,784.4982781456954,740.5838063937855,389.0665049524965,422.3987063987064,201.1053859202714,415.9397705544933,680.9170682221659,456.27378293881196,762.2983580296356,285.97418803418805,384.3459687123947,449.1263812154696,202.10199168308165,489.5501421800948,451.45859485725856,385.16749379652606,562.5041583499667,400.2979000185839,243.37515657620042,399.01686217008796,636.8078733418913,281.5342200055417,435.3441771459814,533.0836120401337,424.41299303944317,215.13132567525614,1138.9674748669427
03:40,280.76745860331175,362.6962777604004,434.21017964071854,107.7360819327731,317.0040716612378,236.86904761904762,418.9457960644007,274.90602950609366,77.28977497039084,306.34890838604366,96.51218851570964,939.2394998396923,275.41218441273327,439.15664593411657,287.51392598244945,345.90218248750983,219.85909445745511,751.5641461342395,503.30722278738557,546.4494417862838,1001.0126640571034,403.5181347150259,178.61500899511694,941.7578125,786.5262743037309,741.9806588093079,395.6559139784946,432.4253897550111,208.292858656495,429.6709886547812,647.6269760326364,459.115247436469,753.0678165425323,285.9265507839128,389.46531100478467,446.62385110294116,202.3900495369373,478.9584425308873,447.3225675401178,381.09451029320024,570.0945991278095,400.7615835256524,236.84583333333333,392.8552278820375,627.6343835906112,280.6068068622025,434.67526763656326,531.8141361256545,419.101376146789,215.97262380805907,1147.7162322274883
03:50,276.0638002773925,363.2002499218994,433.1779761904762,105.43621926229508,320.1142295818131,232.97001588562352,415.2412078152753,273.34113122896974,79.2918121847109,306.2254006897951,97.39606362901051,950.0878840948893,266.7158157800786,440.46533516988063,278.2942708333333,350.20942408376965,221.3604378420641,754.3285065303804,493.0840202916931,555.8746031746032,995.0573131591013,410.98741912293315,195.97750216325355,904.3808903931268,779.8438908030745,742.4704124327556,393.2082486793986,421.9879271070615,206.4339863713799,428.7467845659164,658.1031187122736,458.94092732946945,766.9478396263138,283.0272944387581,387.47673031026255,442.90934192360794,202.81133318690974,482.364487731785,451.76462167689164,387.9445655559016,563.5194805194806,405.0848222681964,234.39148323390248,389.85724250174377,637.2728991596639,283.80572540300165,435.36056644880176,534.6913248150639,409.7258581235698,209.13279132791328,1158.0160332541568
04:00,288.20648343904156,361.7209156475384,427.93508040500296,101.50063532401525,311.11548480463097,231.31680385464767,416.8166607333571,271.02928468554967,81.86308356218125,302.36521207177816,93.05982905982906,954.2851463104325,275.0269477543538,443.3003405221339,290.96382225717656,346.81279872543814,217.93996901626647,745.9473985134363,507.70669357551293,556.6981311371555,1008.5591348366314,396.689790110281,213.24436686766106,892.1006501950585,797.6498813604007,745.4760335530258,399.9636990468465,423.90740305522917,204.3149405772496,444.5221153846154,679.6391515461283,467.0308035714286,749.0700587084149,289.81463165075036,381.2785114045618,452.2209195402299,202.42466652088345,477.97260529258295,453.08276001618776,382.25980087118853,543.499007936508,407.81399437412097,233.0034965034965,390.8025866276232,622.3210594315245,277.00860155382907,439.32181719260063,521.2903858731197,407.4091116173121,206.346449704142,1145.5711722488038
04:10,279.59206798866853,364.5106716886378,436.1523922031896,108.73620108836487,316.63205164187485,235.79151660664266,405.9293886306757,272.10174880763117,77.14180264180264,307.30429497568883,98.3012958963283,891.057636887608,263.1403324584427,432.08784838350056,258.2652329749104,351.3667892800841,218.99096976835492,755.6858369098712,504.5517011340894,558.0277070063694,1008.9596885020613,391.19520486670245,193.95396972505407,886.7843392299687,787.0243000528262,744.8513635001499,387.1932994923858,418.14322671683914,203.50591465990706,438.3499025341131,671.7863139150344,465.6122767857143,741.4707943925233,283.3563474387528,383.84361893349313,448.9295255642561,205.31355007636918,479.87949338796795,457.0410215161874,384.0825802430664,562.4097951024488,399.15599774732493,231.03839009287927,390.06433566433566,635.3899935856318,284.6945373467113,434.9052917232022,534.7480211081794,426.5420475319927,211.31778249015449,1148.073476702509
04:20,283.9909470752089,365.14628073451604,432.9070875521144,108.93775406504065,316.1921088435374,244.0735294117647,406.6383207750269,272.82515337423314,74.26848998459168,302.13883829184374,99.58648648648649,935.3290557667934,279.4101928862148,432.0244731475187,297.04,340.0232742660672,218.76554455445546,747.1990305104077,509.31363331094695,564.2851239669421,1008.9023330283622,398.63418129702615,193.62273108070372,878.1425978739953,791.6507769291546,739.6234696924455,394.60426829268295,433.9960419091967,208.75021061499578,457.1189099917424,686.416795865633,467.52695146499667,734.8313111545988,285.6256392771906,383.21055788842233,449.75040406372665,214.09891568931178,479.51802303976217,456.59141940657577,383.53015472055574,551.086246701847,400.0784106891702,228.0902193971704,391.6064965197216,645.8785914884425,277.88005578800556,434.10359869138495,562.9791516894321,423.0059578368469,210.55801272341714,1126.8174322732627
04:30,286.46285714285716,368.18184653774176,414.1658767772512,111.27423047570592,320.63170441001193,243.91375852386682,404.00506603944274,274.35602836879434,82.25744440256314,303.4681282988226,100.09271343121262,928.0814027292923,280.32963745160157,428.2114025085519,271.49278930707,348.4780074191839,218.3782383419689,746.2811610700057,487.46645569620256,574.9247928616953,1006.284367816092,375.65307582260374,196.68009140245644,927.3946784922394,791.8172615876399,737.4511834319527,389.41169305724725,424.67159277504106,204.1632868610055,446.4031158714703,659.1549222797928,467.38199242255405,748.8146111547526,283.2066143879986,377.8820697954272,445.9401886358408,219.67877461706783,479.12596352697875,458.07971014492756,389.1965010934083,564.7276956305034,396.34130473008616,231.88187038556194,391.39762126865674,653.1578167971229,282.41560597675704,430.34296516338105,570.1389904901243,448.9447983014862,205.05971049457176,1116.0272189349112
04:40,291.32881597717545,371.1129485179407,433.3343177790904,111.03417721518987,318.5107438016529,246.6979797979798,409.9026055705301,274.3847604084839,72.63284479518978,303.9020807833537,100.94035947712419,922.4459078080903,281.93740164364397,424.9463403682083,283.95942637285765,347.46666666666664,216.7719984356668,745.6015424164524,499.97437626432907,566.5259117082534,999.2724571428571,386.821146953405,209.0157738095238,923.6609179415856,795.0248743053718,742.0733624454149,384.7592741935484,413.9343348679428,205.53264314388338,449.7482724580454,676.4648143339392,465.4248103525212,745.6501572327044,284.6247217942133,377.4037530266344,441.2998621323529,220.7910777385159,477.65321375186846,459.78164620648016,391.308981657179,559.9626890203813,394.4301398972906,227.70700245700246,395.3249824397097,652.4360356624508,280.15146489773355,427.3103448275862,560.8646048109965,423.9449583718779,206.60919185687848,1136.3420427553444
04:50,288.9162049861496,372.2882882882883,418.91837809373357,110.88198596308813,318.37744227353465,245.71828131333604,416.6597285067873,274.77478519497686,74.63643206624012,300.7716487527885,99.52654745529574,931.8732349674758,281.42175066312996,425.8542043399638,268.6623159303882,340.48387096774195,216.3633847370502,737.6808086560364,511.5086411385971,575.8016581632653,985.9710330138445,373.47148966500356,217.62780410742496,925.124965054515,796.0599419065223,735.6353043984853,388.969476450374,415.7267237040765,202.0874635568513,440.0348258706468,682.3126635269492,470.1810287241149,735.9388867263526,286.5702790618045,376.5424954792043,441.04308961723586,218.50066548358473,471.26292301970994,458.67557251908397,379.66297818526715,564.5714285714286,393.77252252252254,228.80563554092967,397.12549019607843,647.2040437383948,279.7088888888889,428.8146540027137,548.5209176788125,429.27527573529414,211.07780179067615,1124.3668430335097
05:00,285.15337423312883,375.2824876237624,430.947983635301,111.83223014256619,322.46738479952126,249.92320064334538,407.713611615245,277.3607793840352,72.63728053791557,300.46502643350954,102.5012185215272,866.6856205576818,273.86428815295324,418.5537393640842,288.7007955724663,336.51442180471025,219.76705225368966,744.4931856899489,506.23759703003714,579.1022618668366,997.8790506617983,371.51123494517344,202.20697412823398,914.4520055325034,799.2079365079366,740.646764787559,384.7168320842617,408.9489946051986,207.51946139280454,434.2061143984221,671.2207621550591,469.1752508361204,732.6995724834824,285.57219436278746,356.64591229020033,437.32026593305824,223.51978775149237,473.2761263787624,460.4640048396854,386.261047979798,571.299718029524,384.5028259231349,226.65616045845272,391.3338811927683,642.9484168588803,281.95700416088766,426.7121171049065,570.1380569758949,453.9697732997481,204.5304347826087,1143.4713526284702
05:10,293.1395819285233,375.4733600246381,437.73380447585396,114.449203187251,324.3911159263272,255.85857171434287,411.9231749499363,279.60846141657424,68.47435897435898,304.0959739731598,102.31358420069388,904.4917903378591,305.76717134416543,415.2471987194146,292.3119577517918,332.3929231581727,217.5348466746316,731.7455790074158,483.7042654028436,563.9567003792667,984.9417002331991,353.1767441860465,192.39813769751694,911.788063000829,793.3097768331562,732.4255968906164,377.4332458089275,407.5853110167374,206.182752832564,422.0196270853778,670.3708102401689,471.8289770166742,736.5236629472874,281.3832211289487,368.20335932813435,435.41681985294116,226.7309915518008,466.0576170054074,467.2141846837745,387.8398734177215,574.507699950323,374.89469696969695,227.73259623259622,398.2483484218253,648.1295702373317,279.3180941889287,418.1172772006561,584.5875748502993,437.7805656934307,210.31002554278416,1146.6923532898636
05:20,284.0669265756985,376.957222566646,437.19320843091333,112.91871794871795,319.3865804863035,264.0449939197406,408.9377049180328,279.2225192640352,69.23616376042456,294.23262901259653,105.56020518358531,887.9358692235146,300.25854465270123,405.5328317373461,282.42164179104475,317.7653439153439,215.60612082670906,738.212784090909,481.3425134536246,570.7268401015228,978.4782235571765,345.278125558934,206.1404958677686,894.235504259412,788.9259850905219,714.6002962962963,375.23743743743745,406.49068010075564,201.4439528023599,403.6196377502383,669.7844578629562,467.5880630630631,742.9020737327189,276.59520083463747,352.93715846994536,435.8124141090243,230.43029221503457,464.0916356877323,465.2197891321979,390.52,587.0206714073095,361.25956077243467,220.0993839835729,397.0822320117474,652.3813378781423,277.62323651452283,414.7467248908297,596.1163982430454,463.10331793364134,203.54387626262627,1141.0272997032641
05:30,276.5022742040286,377.65700185070943,435.9020857473928,111.58359133126935,321.8794261294261,257.4052728387492,405.0413843618385,281.2104353292472,65.15045592705167,300.13246116107933,102.97394574268063,890.1380772855797,279.64893250688704,409.1238615664845,288.3813131313131,323.85756201653777,217.49621363092865,742.8472458830211,500.4676767676768,573.3541004450095,987.0006430868167,364.7869088293472,209.5679012345679,897.4686907020873,796.3021963482403,733.2381465517242,374.0232884962859,402.6175595238095,204.33879093198993,396.5513928914505,660.4112075769534,468.2711902614968,738.5493446414804,277.2949276625414,367.6125304136253,432.3085324232082,225.45456536019267,467.25602521319985,465.0070084100921,400.52092580849717,586.6805831676608,370.430725730443,223.07945261437908,402.03732809430255,656.4034689242205,283.776861775213,418.40825813508343,587.3921423276502,436.2086397058824,212.3904521024344,1131.4399763453578
05:40,284.1897233201581,378.7931034482759,438.5847750865052,113.34337194337195,322.6340221623241,257.51788926644014,400.95262298057725,284.58926598263616,62.70162817114729,302.5792893401015,106.46013422818793,890.7181761593527,284.1296231681786,408.84520547945203,282.596395783747,319.68726691529037,218.45966155057064,747.0663829787234,498.2402684563758,572.1806696146557,982.7977648828713,353.0756979241231,214.5749458874459,906.9956509921175,806.8149826712877,732.2522911051213,374.58763505402163,405.6172284644195,201.37961996241387,388.07735849056604,666.8671567340509,470.8656278229449,755.1960632960247,280.6511262441069,370.08573178199634,436.24971467701437,225.8147573676047,465.0297520661157,467.6417940466613,392.01475667189953,583.0579349269589,370.7213987077157,221.27155963302752,397.7143206256109,662.6787928896238,284.995631995632,421.5674279499728,582.4147887323944,439.47053406998157,210.54993597951344,1104.9976147883124
05:50,278.7719638242894,382.7475155279503,434.66261574074076,115.36563209689629,326.0979365568217,264.4838129496403,400.36736537766535,283.1276562254053,66.38249717087892,304.211038961039,107.76177801437316,835.2625598904859,292.75499549955,408.74355464293865,285.12540424002873,318.6098211902856,216.88871287128714,743.596268023749,476.84368105893475,583.7465101522843,990.0507340241796,352.1212716556528,206.67282321899737,908.0944669365722,805.2882037533512,728.255614973262,371.571227929374,399.534581772784,201.18924010885493,354.77410714285713,664.8326293558606,470.0040668775418,751.4255070202809,278.587013440391,372.1579914268218,434.8490738623371,227.14523184601924,466.3679140422379,477.76247745039086,388.08283084735007,593.6923205064135,362.93639643060567,221.39616091484584,393.97553217518964,646.3423817863397,279.34161833747584,419.27983651226157,598.9839203675344,445.7260083449235,209.3634375,1107.4616299821535
06:00,279.65308720560154,373.15467404674047,435.5590961761298,111.0290002543882,320.84651711924437,239.47523561259274,403.8261027409693,279.63950538998097,63.50663632916193,310.36365486365486,101.7703683785964,918.1380228732571,280.02715105162525,416.2895615401736,280.20947901591893,337.97148187633263,222.1404761904762,746.5029770343068,508.97885906040267,567.0012626262626,976.9955223880597,364.5314946619217,210.264800861141,929.3912459720731,813.1107840513781,743.8040871934605,382.6282973621103,403.76423972263495,194.80518134715027,396.3155473781049,657.4515703351808,475.08955560568467,750.4817262830483,285.52347704660497,356.36343732895455,441.8132420091324,219.3089997820876,466.3445116364303,480.5578504110688,385.0192489744399,584.9778148457048,377.63303099017384,219.89178802588998,395.92410088743577,643.3064689447668,292.89153656532454,434.1737588652482,560.6234042553192,459.7886597938144,211.982131661442,1110.4712847838957
06:10,277.54573934837094,380.5159888233468,422.63752556237216,114.38102564102564,331.9282097110515,259.89450372458225,409.5693231441048,286.7412841142136,62.41315789473684,311.83865068075596,107.61909842624699,861.3251441119957,282.1823529411765,420.53537414965984,297.6888743025927,330.5449905989793,220.75385833003563,749.4499151103565,490.32605945604047,575.538729054695,979.2255027813436,357.04605498036415,209.76912787586946,921.8606469002696,802.0554061323292,737.3838274932615,378.05931863727454,400.4989939637827,198.27496351886595,395.83873957367933,678.5696504237288,470.9421431787483,765.6989079563183,279.0209065354884,356.44978165938863,435.8076923076923,220.78913667476263,467.44127917662195,486.59947958366695,389.0050793650794,586.6595076821411,372.8918510115334,218.4831958140471,387.8280701754386,646.0557628979144,297.2381974248927,434.65985838779955,582.6773504273505,438.5787015413358,210.24157303370785,1099.1451706188548
06:20,284.16155810983395,375.1933581626319,437.5028636884307,114.27233392720794,322.67506916692287,252.75381526104417,412.0461200585652,281.81466395112017,64.26430722891567,312.6348917223234,103.3646869121204,870.4550054704595,275.89885987495404,418.12967470679354,307.5113431760893,332.7607937784929,219.04895104895104,746.2582292849036,500.78966789667896,582.9289114566805,984.3817204301075,366.7682991985752,205.8929234031275,921.146972526007,819.200965924336,735.4065420560747,376.79498906343207,406.0940276406713,196.07952410770193,420.94310897435895,651.0276825731611,476.9058849955076,766.251166407465,284.07534606623443,350.7560307017544,445.15986394557825,216.92512551844575,462.41756633119854,480.9676966292135,379.74693492612386,580.5731666666667,377.9852272727273,220.3941841680129,390.2411214953271,639.4362967769846,289.8250286368843,436.82478165938863,565.9314369073669,439.9185185185185,207.56230626162431,1097.9841089670829
06:30,274.4008701056557,375.3526645768025,417.9511568123393,111.13533641499743,322.162194754296,242.9794779836621,416.41246781905113,283.79376761666146,63.664021164021165,314.6092046830844,99.45973245973246,894.1980510568213,284.74966326726957,430.367702974726,308.06277873070326,338.28092922744463,223.02980392156863,744.0082456639182,505.02659574468083,576.2089552238806,988.1147084048027,387.96116850730317,207.93952368209793,931.4252136752136,829.2487227749396,728.7309774864634,385.78949462793474,412.9782608695652,192.82899395959174,426.0838831291235,693.2245905900702,477.60711071107113,768.1511128465443,285.87885154061627,365.2175525339926,447.8112175102599,209.12438238453277,467.29036340625566,474.9586179188429,375.2130681818182,577.4613961312027,388.3894194041253,222.19142512077295,394.90385553928746,659.4106175514627,294.650780141844,444.6674836601307,547.450476889215,440.3714551371455,203.0918527838943,1101.987363584147
06:40,288.2838370565046,376.3929590865842,423.1657317695053,113.28505273990224,323.11241358581304,264.4148445336008,416.3125687064859,284.57073476421743,63.432126696832576,310.2059417946645,105.20273531777957,912.2632478632479,300.99940476190477,412.76106584452765,315.6943935507512,326.03337856173675,219.44296354370834,749.1568682871679,501.9889595182335,572.4549180327868,979.0911424903722,368.6195924204505,222.71890016017085,912.6886868146563,821.7274926095135,724.2463888888889,372.0609974170475,402.00049321824906,195.21280133000832,411.0587102983638,674.5372703412073,471.9857079053149,771.524199843872,273.3987341772152,368.34102244389027,439.6279809220986,218.7479117584065,460.4885287691187,475.96708809953844,381.4837786259542,601.1786254411023,367.91894439208295,218.10672900996138,393.2410168662919,652.2979480737018,298.3686909581646,425.67554945054945,586.9467766116942,466.7680608365019,199.3809076682316,1075.2569605568447
06:50,264.9212962962963,379.45329584504844,447.27527127355796,115.08797501301406,327.2445527522936,268.3153171120862,417.5424536952136,279.3804047838087,68.03298350824588,308.31483350151365,107.86751795690343,853.7102791014296,294.15113350125944,420.87854251012146,318.7023060796646,328.8174689021092,219.55738347042694,743.3318246110325,513.7330226364846,585.8543319581086,981.5049826689775,369.39447102605,217.82865623313546,906.7866880513232,835.921610738255,721.4469550840452,367.86404893449094,402.9742014742015,198.2475,412.9070208728653,689.0932291666667,473.4483146067416,768.2037397740553,275.28177184039373,367.38107098381073,431.7513574660633,226.67668845315904,465.3567627087539,483.00241497283156,382.98428167243003,603.5523489932885,366.81708466905525,228.63118410381185,394.02197265625,645.598096474151,297.5895061728395,422.5945499587118,604.7462473195139,447.26475930971844,200.81592196349905,1073.6915393654524
07:00,287.69055374592836,378.95795418889236,428.68562564632884,109.39745870393901,329.0868731159222,270.3804936785069,414.3108504398827,283.27166204131976,62.534154535274354,304.4924349404882,109.13946666666666,842.5369182475774,300.1767607023082,405.41598945750053,295.8535579236851,334.93181208053693,218.87737341772151,743.3901536710301,485.30452545568824,566.979721166033,978.9691743910325,357.7028133903134,222.5325680726108,899.3598820058997,821.8149044928706,717.3906293318547,360.51519936833796,401.05533980582527,194.92809917355373,417.6939163498099,687.626160990712,468.23052678973437,769.4398928024502,269.1650536688369,368.7717184527584,432.0232086525462,225.2167498372749,463.5258336386955,484.03239608801954,385.20393276244846,607.0426819022014,358.2285012285012,220.7929831760361,392.280989710926,643.6685296646604,300.8915004099481,420.9434013605442,588.3451986754967,463.9327485380117,195.16740366392924,1065.471098265896
07:10,270.6969696969697,383.0999054522534,446.7067796610169,114.70324891276542,327.5595311536089,272.7594075260208,408.1697070204533,291.97293895531783,68.26741996233521,313.84856449656286,110.91633466135458,893.6321589321744,276.5208333333333,405.87910415307675,317.6714060031596,338.0822102425876,219.6809015421115,751.2555078683835,489.9764119601329,568.1155188828943,977.4593723129836,350.097552323519,223.631070566139,902.1708826695371,828.4928935371413,721.5308641975308,358.6872648049119,397.84622754491016,197.60285474391267,419.28023032629557,680.1824045407636,462.6483689538808,764.4326625386997,262.9801754385965,368.4824952259707,429.9950248756219,223.78712334706265,466.52927186242226,484.4321164889254,388.7704659949622,613.8258966155919,354.8091417910448,220.94422959495216,387.26066572902016,641.0923395445135,299.12664243779705,416.807881773399,602.4125766871166,472.7448507776377,191.84689741191144,1066.2549824150058
07:20,271.1691842900302,386.84330930742715,439.01015228426394,114.32727272727273,326.9081097748998,265.2081897425502,425.0193776784051,285.7830466449713,73.01311352566505,310.42347966169956,107.9778677462888,938.6451054453887,285.8633009708738,413.8997140972069,321.4139553116425,339.99003501211956,223.89155206286836,758.5601492965834,492.4508400746733,581.7137020741671,988.4391454466983,368.2885438972163,217.35624161073827,920.3410977242303,837.5815276273023,733.2827972027972,378.35008006405127,403.05077844311376,197.81879194630872,443.08530805687207,662.3916666666667,473.6174030051581,770.4784670090874,271.2160839160839,364.5441830896376,439.6374574347333,227.35350877192982,469.00400582665696,484.22501545435813,376.610201511335,590.0045135406218,363.49656197732764,224.840081799591,391.2244748412311,654.9371771027072,307.3268319866258,430.3703703703704,574.4320889594917,473.1274550773088,196.88969889064975,1068.8400702987697
07:30,260.39367311072056,386.6196065989848,445.99831838565024,117.83023443815684,328.6783783783784,271.2061084142395,407.56171003717475,287.3829953198128,71.39709172259508,310.95907617504054,110.692866756393,899.0839019851117,265.7601212769752,405.9543212524126,306.42188651436993,350.4125572621935,220.69761171032357,762.7214899713467,480.47574626865674,594.2295081967213,995.6118521758145,359.64830883655037,220.9967940154956,907.579795808705,826.6438318777292,725.9663382594417,364.63996827914355,393.63842341279206,199.8456686291001,439.7433712121212,642.1051407904935,465.66831128055617,774.6096235933255,260.99405074365706,370.42528735632186,435.6367753623188,224.27939590075513,470.5730643402399,489.1489623998356,386.39009776095867,611.4267226890756,358.5134933928904,216.32001622388967,393.392051030422,631.9252631578947,303.65060908084166,424.7248157248157,591.1476664116296,458.42232346241457,186.12836624775582,1064.2308598351
07:40,259.4787172011662,386.76872037914694,448.197628458498,114.21263482280432,330.2758928571429,276.4547470268091,411.05242610150583,287.58898173939957,65.79108947959566,305.03530591775325,110.37682312383983,887.8709275136399,285.9604508979748,404.47488192357235,312.7750906892382,341.00107845780536,220.64241724403388,760.4496837262794,479.005269683819,590.4248366013072,993.6111233238074,348.72382129613277,225.271875,904.6522090517242,821.0917678812416,717.7033398821218,361.5368462757528,390.345725787355,197.97532413216229,437.3886756238004,639.8491446345257,467.9533108866442,761.6356528537921,258.0631689770135,371.35938500960924,436.92337514253137,223.14298264880298,469.19735171413026,490.77152249845903,389.4583862770013,613.0902255639098,352.29406290712825,215.68549051937345,395.125430398426,626.0054933446017,301.219614417435,415.96306429548565,599.3706766917293,452.9890210430009,188.43697216140131,1016.4739583333334
07:50,258.0614492753623,380.0542659974906,435.2791086350975,111.40307925290257,325.4600174469322,252.10951996772891,424.8481557760719,280.9512646514497,72.04547148714126,309.6091606133979,100.0528178600599,893.9441409450969,274.9244583252001,418.4345427540845,314.208848146672,356.7895302013423,224.64768819258694,763.2748487467588,514.6913702239789,565.2558212712398,996.8104184457728,384.2612469004605,207.316705637828,922.1575984990619,828.9409078699973,734.4370100783874,387.5210285030895,398.9272641952135,199.9968467521547,459.4203454894434,669.3413189077795,484.821668909825,755.7951375049821,273.79082793628567,366.45739910313904,450.7284560143627,217.31883417973063,476.3527722949937,493.88364457213214,375.5159888233468,581.4443887775551,372.6183249016301,215.4634443541836,399.0192023633678,631.4586821206267,312.58881394041595,440.50434546442153,549.9158377964804,438.47715736040607,195.13135725429018,1064.354534746761
08:00,267.00877192982455,378.0198362720403,436.993956043956,111.5890231092437,326.37266355140184,246.548968029138,426.70571696344894,284.8623392913139,67.79542899962533,321.40589065967316,99.88248215266337,908.4681228668942,263.73576133281676,433.34722809987306,307.6926588056295,372.3626373626374,222.68042757095466,772.7526695526695,503.41373644429837,567.95125,998.721914893617,398.94880910060436,211.1270013568521,943.1146530940263,830.0491275167785,748.0787180208041,390.0938311040128,401.987167736022,201.1500420875421,460.0948693126815,660.318568117435,490.1850033474671,764.5085536547434,280.3405670283514,370.27452229299365,452.19897618517695,214.36359639481205,482.65238523852383,491.3231907894737,368.9246875,576.4474343974595,383.2555928411633,216.82792207792207,404.63823456484005,628.0984555984556,308.6841375485302,452.0381906825569,538.7322604242868,468.1542372881356,195.91223733003707,1061.3584569732939
08:10,290.5061969993477,375.04562268803943,432.3103448275862,108.82176499752107,325.43163003140165,252.5263687600644,423.860969628372,283.7238349286051,71.96733481811432,307.37427369264674,103.1100082712986,934.8262976860537,279.72217898832685,425.1171075085324,323.6904671477402,359.30688259109314,221.10875232774674,768.2321892125757,519.026920551543,561.234962406015,1000.086295503212,378.8107488986784,205.0635987590486,931.920427236315,830.0100762527234,729.7370473537604,389.13693693693693,404.5380063723259,196.27825539945482,470.9470644850818,668.9393625291526,492.3433102524012,764.2895752895753,279.0289248998083,367.07741522712735,453.92211908535205,222.7962962962963,482.8080753213833,491.65637945318974,374.63349968808484,581.2386041075305,383.8207037795569,215.7780944625407,402.93715846994536,634.6439264328486,298.18303693570454,447.9846278317152,554.6484667165296,470.0275774289351,195.3809968847352,1036.671184443135
08:20,282.5784574468085,380.2895728643216,426.7741935483871,113.74151985274783,325.5083718244804,245.8507462686567,425.2044125966434,283.7206339341206,66.76409107876073,316.4006781013163,101.29432624113475,901.6838700798238,269.4961494031575,429.2483687644706,315.97657725727237,368.2081081081081,222.18558951965065,770.3090596330276,504.5026178010471,564.87039350406,1003.8503184713376,397.79196175637395,206.0970072239422,933.0288176676542,823.630868861306,739.7414285714286,395.5562285483545,401.94037753222835,199.8096335078534,483.2787698412698,664.7027871841625,488.4140468227425,767.2727984344423,277.6294681778553,373.5947334617855,464.3310734463277,222.2848575712144,485.88470588235293,494.4021828665568,379.56625,589.9424786181452,386.69994327850253,219.57221206581352,400.00421000495294,616.2977217429773,301.98870056497174,449.0067403612834,546.7423678332092,451.7891842346471,199.00894785560013,1012.0989522700814
08:30,253.4013644115975,385.4797507788162,431.2120708748616,111.35790570461057,329.54255018377154,244.4761329305136,424.0569859901552,289.2792536369386,72.3587842846553,317.6370741482966,103.67820548324563,911.2069680630444,274.4233619344774,442.69316239316237,314.28560577288266,372.117536309844,226.47635009310986,774.6991940126655,495.2346781644595,573.7217039800995,1009.245194361384,398.61125816128464,213.63343799058086,939.1768437747819,835.6532060027286,738.8647816349384,397.2656439241017,401.27962194559706,201.91384744694264,490.85843621399175,663.7047049649077,491.9657382847038,772.2600389863547,281.7184210526316,379.9898412698413,471.13546180159636,220.56428418115476,487.68556888404214,496.65209283050143,378.63967611336034,580.2339572192514,392.67444065225635,221.52768059271455,400.6460302457467,628.4005713030103,305.9512862616311,452.0849567099567,545.5026217228465,445.99217311233883,210.6497584541063,1010.0063879210221
08:40,245.15170105967653,382.78624766645925,425.78765432098766,116.02143403929574,328.2051137960101,246.39742558326628,417.1234661128941,283.55060985268494,69.9547141796585,311.39927913496194,100.20449561403508,944.1627652933832,266.5126213592233,424.6056066766531,315.1900858704137,370.93819163292846,223.95716945996276,778.4267204146271,501.04312316236525,576.4332712600869,1006.6487004686834,397.40202342917996,214.0611434621493,941.8423423423424,829.7425635478637,736.7970563260685,390.6302030967223,397.221059972106,198.54316012725346,488.3602661596958,665.5378985886043,486.3142040457344,765.5429881543753,277.5565476190476,380.22026431718064,466.6382833787466,214.80266265836374,489.8189435336976,496.97215346534654,376.39400494437575,584.5583347322478,391.23381568926123,215.8161734900689,401.9834240475012,609.3877104745244,297.6802943581357,454.64219684611203,545.2326768781911,465.9635438745231,207.26439950980392,1009.8690058479532
08:50,267.9840895698291,378.75817396668725,422.26614861583295,114.43911156497319,323.80023262576333,243.24309723889556,424.05457979225685,279.80155087830354,74.544682422452,312.2919751851111,98.77808522412839,911.807995573385,268.32503351848305,443.0458656330749,325.2951807228916,359.7990867579909,223.2184162062615,756.8868248070877,499.48762376237624,559.2402980440856,1013.3665043404616,394.28815349410314,206.04243827160494,935.1378213623111,829.8669387755102,736.5458612975392,396.0931841302136,406.20686456400745,202.4194017449107,506.5278039585297,666.5116097051917,492.439083498568,778.8555176336746,284.5013132551217,373.09917877447884,466.7348041422783,220.62702939885915,486.4535241891647,505.3253311258278,372.9556185080264,581.0690635451505,394.1285604311008,216.02352464003243,398.44747745552036,612.2358738501971,296.87697861705084,454.4668838219327,543.6231671554252,466.30560271646857,204.43074062596838,1008.0464576074332
09:00,255.20278551532033,388.5583566760037,437.1631016042781,122.99545970488082,320.49584231598396,256.385993157577,423.1275028333963,282.09638554216866,73.02562198291868,312.74469787915166,104.36964236964236,940.9433933002481,272.7088803088803,438.45811631944446,317.5638418079096,361.0292932007525,226.19770992366412,764.7533581023149,497.6515337423313,562.9404799002805,1011.0256518973924,393.1805996472663,212.8548770816812,935.0586974001608,832.4,721.7219539903436,389.70189975747775,403.4965664219749,203.97957482284286,512.074976569822,668.1936159079016,485.7245828698554,761.4394736842105,281.00122484689416,359.50892857142856,470.30763999093176,228.6298474945534,486.94255164914824,502.48547114985473,382.22523659305995,591.9064965586705,390.2253276792598,217.13202534232576,397.9200463499421,620.7227203148917,304.3282401091405,452.0005458515284,561.9077490774907,477.2988273352204,212.40718382130999,1013.9929783499123
09:10,251.38516878804649,389.2378143433716,438.129883843717,120.42369589345172,324.580486303478,258.1398869600323,422.7486140317339,289.1386250201256,73.99261720191953,315.3780027794322,106.29079382579934,901.2969847170591,273.40157332833866,445.8970393283252,313.09585889570553,372.9317697228145,225.73855702094647,761.9780439121756,497.5287653522948,566.4849519081602,1000.0545958626573,384.00438212094656,216.6516913319239,937.4671374253123,831.6642935377876,727.4051868377022,383.4255748285599,400.3590230021342,201.9576499896201,493.8348765432099,644.0734522560335,477.766992447801,760.9012987012987,276.66619693500087,362.69961132704054,469.20726783310903,228.767578125,485.43628431194327,503.45602049530316,387.87252747252745,593.8813672922251,389.4675399730302,213.20414019266244,397.983765447056,622.8765759787658,301.959127312897,452.2522424571895,570.982280431433,463.5266129032258,210.74683925346176,1011.2262731481482
09:20,253.57711171662126,391.6278488916641,406.29795335554496,118.00475310271983,325.13727959697735,254.14512882447664,427.25066921606117,289.30396981627297,72.07375833951075,313.118667730355,104.79120575221239,891.4896828694086,270.9143020377071,441.45145842403133,301.0059691011236,363.70335820895525,221.21714285714285,757.9426697090702,491.2980025773196,560.846201743462,1003.7195666029318,394.05851157857524,220.07704654895667,929.105119825708,837.3632630714482,727.003861003861,386.36269744835965,400.3986311069153,203.04606486263168,497.6295620437956,650.8115183246073,473.5794371814757,755.4642591213701,273.4288670460424,359.7007299270073,463.4481981981982,228.4974983685012,478.4795193883124,493.54628644392426,388.9176800748363,585.6951178451178,389.0389784946237,213.2819105691057,395.16885007278023,607.9464246181094,294.9366489046773,449.7741671217914,571.0016638935108,457.31300160513644,205.9346107055961,1007.3071971913399
09:30,245.91758241758242,385.82576228998136,413.7989071038251,117.9632642351089,318.25742574257424,239.5190609951846,426.3884024129208,282.2495595066475,78.3811972089607,320.4791204357474,102.72402234636871,923.2598643223038,261.20725973293213,446.3244415528085,313.7943786982249,366.4119212346993,223.02301886792452,763.7539118065434,472.38852163461536,563.1457036114571,1011.7590668080594,405.6696792486266,200.90649884407912,953.0702614379085,832.4690482683393,721.213966480447,392.98259109311743,406.2752229000469,199.78040262941659,487.2728085867621,662.1776967170401,476.65773743635157,768.8515332834704,280.3692015864804,373.3815461346633,477.04628999319266,215.90031678986273,469.7375,492.8580885395118,374.41249207355736,576.6261556564128,404.6922480620155,214.1028606208156,396.93223620522747,614.584412684234,288.0855974291557,456.0267029972752,548.4383667180277,452.51822503961967,203.953893129771,1041.5783847980997
09:40,244.03041825095056,379.2248921749846,405.8817679558011,117.13641364136414,314.6058955462993,236.65882352941176,418.33759442184777,277.788261997406,86.92792136876592,309.65758676351896,96.18407960199005,962.4148296593187,257.11493178845075,446.532181425486,302.35512427647257,360.5384207737149,221.7563025210084,753.5661180476731,489.29225908372825,557.1754711152302,1018.8324862346464,403.31200562489016,195.96102185936266,951.5472365913422,827.3956192536506,723.9835654596101,401.98337438423647,410.8057049333645,200.85820741047402,494.4922797456857,665.2665623369849,479.6270810210877,774.2645305514158,284.98316440474144,367.26841448189765,476.0668025362319,224.34793759350288,464.6569642857143,494.9366420274551,366.7660579345088,578.1567440295997,409.7054714784633,221.22713194301053,394.0999279365842,606.7077128250722,278.12544169611306,455.9357823129252,537.1339285714286,428.7138488422892,205.2518496596626,1046.091836734694
09:50,242.85319609967496,382.0512503859216,416.8355263157895,118.07510615711253,319.36608,247.1262425447316,419.574780058651,284.8878289473684,86.79080709373869,311.9275596924322,104.7155001416832,908.6621434505677,266.10205245153935,444.8233890214797,296.01161632924,353.2914134742404,221.02971428571428,764.3287865870986,471.70809680310725,549.802105915144,999.8763782866836,389.7419812156654,223.56064322703733,946.3244201909959,818.3273458445041,723.2765418192058,390.88868501529055,400.10414703110274,203.11644260599792,461.28773168578994,655.5662460567823,472.2341730558598,766.7401303181296,276.0370817523284,375.91697877652933,474.6787085120795,235.979836979837,471.6440888888889,500.76372015081694,379.1074692719823,596.928210313448,399.1556382145654,215.2983803986711,393.7571921749137,603.5294642857143,283.84101516919486,453.67359611231103,557.378664495114,436.13272410791996,201.42502272038777,1026.523752254961
10:00,263.31451612903226,378.3481504507305,411.55779129620964,114.0048504446241,310.917223814072,231.04922953772262,429.2377336448598,279.72961229946526,89.2406340057637,315.61992321681146,101.06709451575263,944.2156945027276,267.192097596504,452.4970047068892,304.64174792343806,370.4227921734532,225.99348409352243,762.2775106082037,491.2812791058677,556.6798649478208,1022.8514830508475,409.98389095415115,201.02144990496876,958.7700739928748,819.8642206748794,726.2116357504216,406.0298047276465,409.6262959472196,206.5400041347943,458.75043177892917,661.884888304862,482.86408404464873,772.1743730407524,291.2802636142907,372.59738643434974,482.32799097065464,227.96562905317768,476.5677430677431,506.5066750104297,369.9808417085427,576.125231442518,419.6810938422192,216.05125566076575,397.18777082330286,604.1485482781904,282.8697021764032,458.26790522347875,518.6291600633914,428.19061962134253,205.4250149970006,1042.643113772455
10:10,289.2140175219024,380.40762554246743,400.01686507936506,117.4691259021652,310.59047025848645,237.21761658031087,426.3707013794443,279.14036834245894,83.66497277676952,311.80372894947874,97.80221653878942,934.0564673157163,262.97080422711804,439.5032119914347,295.2442748091603,362.17281348788197,224.10773899848255,765.3810466760962,493.8548689138577,551.175330667487,1021.9334886676552,393.55770940778945,210.85756999184562,957.487744423024,818.0493429873961,722.5553053757388,407.32290594772587,413.3166158893836,205.268864013267,455.70862068965516,672.9410994764398,493.75337396604266,778.1245634458672,288.0136867636868,351.0435267857143,476.5989220750056,224.47070023270572,476.7413823272091,502.19395732093807,372.7530478274461,583.0755862999831,415.8621435594887,218.5358024691358,397.0762041696621,615.2761010507489,285.25507577923935,453.3052688756111,519.6487935656836,453.539737654321,205.94133655881464,1044.675223880597
10:20,287.1490885416667,375.78308487982963,394.7839472237493,114.69792487522984,307.0603941513032,218.84146825396826,436.1753767860638,273.7613467568906,87.96544276457884,318.68847478225643,95.26465467208358,988.1573842302879,252.4884699853587,451.8404947916667,298.0579279613814,367.31845628773954,225.25814911952043,772.6076487252125,497.05494848579457,553.1126457949663,1039.8911478187208,420.87600213789415,200.2190170940171,967.2439626783754,828.8438172043011,719.6602162777461,414.21293085865796,421.1603927986907,202.25730267246738,461.6876061120543,681.0849501835344,488.258358662614,770.1511946729338,295.99166087560803,361.43122676579924,485.0591795561533,215.76168024003428,477.6099737532808,506.519378238342,367.16066395239585,557.8,430.67617744772326,218.62338989981598,383.6660026560425,622.2960541149944,286.1588838268793,464.17613481924434,492.10287081339715,432.07850911974623,207.48032687651332,1048.7524038461538
10:30,294.5262812089356,374.9610750695088,407.7407594936709,109.56816990036707,309.9106495219255,218.15621910223453,426.7130537044296,270.8491711800427,86.3125675189053,317.37128514056224,91.60634005763688,965.2725616591928,252.85665096049294,440.0925071412876,295.9856492824641,371.19906444906445,225.49554565701558,763.4746817538896,494.6586196224079,550.1202706859428,1044.5197132616488,424.8952346956987,204.63405405405405,980.5072662462297,829.6325268817204,733.6076168493942,424.67438050378865,416.14842473745625,201.67854935091697,484.5216652506372,678.44447347792,501.37450636243966,777.2799844236761,303.30531970195807,355.63832409118913,492.4112650871703,223.64624505928853,480.494455994456,509.64403205398565,360.2090395480226,562.1090206618512,429.80693459416864,217.1494792730243,389.1927910837088,625.6743664498766,283.3958273792512,468.10302866414276,488.8279109589041,403.22543103448277,210.78067252347773,1065.228879568604
10:40,291.2534381139489,378.1320111558723,403.8343390016456,112.33838643371017,306.8619485877499,217.4594807238395,423.1030706043419,269.40958815958817,87.29558404558405,319.1209871589085,95.66914924090518,973.4130434782609,252.33754284683386,424.3872268194356,304.67286652078775,374.32750521920667,217.44795737122558,768.9400282885431,476.9865378987416,548.3045101088647,1041.2863463969659,410.9058464849354,202.68601230275473,963.4311951754386,829.0591908770025,726.6322033898305,413.5641606591143,426.8069029850746,202.0803461063041,481.23026315789474,667.8912188728702,498.3103448275862,767.6981575852607,296.8584742837418,358.65735567970205,482.991969663172,218.982154515778,483.0493611062489,512.2765426968626,366.07064364207224,569.5660251046025,425.01244893989497,217.7415228426396,386.7749658002736,614.0546021840873,286.7497142857143,460.93975576662143,506.5309882747069,417.03476635514016,201.44683429263858,1052.994019138756
10:50,290.3401403956605,372.8130582075762,399.05746561886053,111.416,301.28636216391317,219.20870929776382,434.15499805523143,265.7246794871795,90.30763714593044,312.0172968624296,93.74151436031332,951.4024560424225,254.42239048134127,410.19181213632584,316.58868613138685,373.52642541004946,211.12579505300354,759.859762979684,503.0341402855369,545.8839422781701,1049.1824152542372,410.6978120516499,200.3822678242568,968.2201584266594,834.9061479869423,734.2818181818182,422.72158154859966,429.3004153207199,199.61346476510067,504.5352,690.5810846214305,505.90465729349734,770.6392429509463,302.1465188777278,349.5,486.4052491103203,220.1128015648772,478.8365650969529,513.9339682539683,360.41821619918056,565.2070351758794,424.08856589147285,208.58982035928145,391.0940150801131,608.1126095751854,280.8536446469248,461.8322056833559,496.4834605597964,394.195494770716,210.21070033062819,1053.959050445104
11:00,293.8722986247544,377.16126013724266,400.52477700693754,113.9034859521332,306.6085825747724,221.63035326623248,435.32440359796635,268.32115603182336,88.97499106823865,320.07888398233644,95.98373287671232,955.0239261228487,250.52302631578948,453.9865771812081,303.480190755686,378.1037809647979,225.13488543976348,773.7022943480694,481.8110097144539,545.1018856447689,1042.744126984127,401.6148901981789,209.1040941932031,965.7926393847844,835.6171875,740.5560295790672,414.2385358831997,429.4338967353554,200.140350877193,483.66411149825785,668.256254938109,504.08516242317825,781.8036405886909,301.3520689655172,354.8389095415118,488.7308641975309,214.40714285714284,485.0467143106153,519.656850459482,367.1619228336496,574.550785165386,420.22676864244744,207.91905597815486,392.7767793804682,612.3893963020718,286.74599542334096,458.38759901666214,502.1583044982699,385.65663366336634,206.15272614622057,1060.9934131736527
11:10,286.12077922077924,374.8790798880945,399.13273897969293,111.71270860077021,303.2917478882391,220.40372549019608,423.2260073973136,272.72784287836276,83.38296349319971,320.7962142569472,95.18071593533487,957.2698633955952,254.63187535198048,446.2446213425129,296.62904987258827,380.48163584266734,227.36210131332084,767.8623673925182,491.91169154228857,545.728264162375,1053.4320152252062,408.3489035478695,205.94402583423036,966.7900930487137,841.4947744774478,747.8688104723961,417.86216105176663,431.28137142857145,203.48922949461476,508.2651933701657,673.2322324966975,505.9101271372205,775.8094876660341,296.9970730027548,357.42352224253506,489.18649012567323,224.9597374179431,480.6629635959665,524.2284328200801,370.8140703517588,580.8581976841753,420.08008490930143,212.66328358208955,395.37780373831777,627.3631259824837,288.3640832851359,461.0555859802848,494.39629302736097,366.5585016835017,207.04125,1083.4417214584578
11:20,296.37296946068875,375.4074876237624,415.5092794759825,113.8602574205411,304.0075508864084,226.77782154815836,428.6907958746838,274.6431521559557,95.66049822064056,317.836648583484,95.9103448275862,955.0813758389262,264.41810993975906,444.5388601036269,303.28844738778514,372.95455725785513,228.26970954356847,764.0498338870432,491.15219421101773,538.6754147812971,1055.1474196277495,400.85404727793696,197.74755226250332,958.3326959847036,846.0234965034965,732.1980731085293,420.24182871328094,428.135103926097,203.96077621800166,545.154725609756,686.7503323584153,507.5026362038664,786.6910069177555,296.33212497842226,352.5872235872236,490.1981132075472,232.39431072210067,474.2464788732394,525.9765358361775,369.90672110552765,575.0781354795439,419.50749711649365,213.883346581876,397.3837749883775,618.6564056133998,288.25094175601276,459.23152709359607,500.5103734439834,365.7282561661618,213.843197071385,1095.7272727272727
11:30,291.9709864603482,376.73842808325566,414.07737801872844,112.95518134715026,300.96455284552843,219.56926704657104,433.3233156550776,269.00650829808006,84.32423698384201,319.7424729024488,93.46584385763491,959.1426183844011,257.25370675453047,443.19763440860214,297.12735849056605,374.1541460878607,229.94017417644832,762.3944013303769,472.879440885265,540.4767371601208,1053.631423133855,399.7400786557025,198.85963521015069,970.1020016451878,844.5421753607103,737.8764555523999,421.76892760838,437.13595302619694,200.3589796764828,524.5418535127055,673.3378093733544,511.7965653896962,780.5819640810088,297.61924541363794,346.29827798277984,495.40990278091795,232.12185430463578,477.3568579850876,521.3404164895877,365.9904822335025,570.2836345381526,423.8132392216711,211.2072691552063,391.49591160220996,618.1976507793088,279.7372199885123,456.3807288790723,494.1043824701195,369.9231743351625,203.18151001540832,1096.9722891566264
11:40,298.5400130123617,376.5209562247749,424.033527696793,113.83043365359647,304.9695595854922,217.7632605304212,419.8034018987342,267.1673027989822,82.89848812095032,314.1898481215028,96.15302089215133,958.6624913013222,258.8043879056047,416.81526271893244,292.8384360014755,382.8981553650299,232.46656649135988,762.8097736057426,487.1867039453246,545.9252052295531,1051.9070945945946,404.921866618988,203.3378451543043,966.0717032967033,840.3003282275711,740.594954648526,419.2802163511546,432.07271483929793,202.99875750673016,513.8689859363434,680.8434964668935,508.67628415300544,771.825348924934,296.54763948497856,336.0921633554084,490.8744343891403,228.65220293724965,476.85302293259207,522.860455311973,370.92750870528647,579.2261844969028,426.5367647058824,213.0891480529749,393.3782347504621,620.3375623017671,294.951865565366,456.1017274472169,492.1399209486166,381.08336641524414,203.33406318423522,1107.4674698795181
11:50,310.72691807542265,377.9240585122938,406.3813186813187,112.988365943945,300.85677502413904,222.71364434901426,426.878841607565,267.849857006673,87.33405405405405,314.049203187251,95.22808022922636,956.404890926775,262.0431441048035,422.0787269681742,299.48312783906556,369.7173913043478,231.3718574108818,759.5323162274618,494.6783281733746,547.9781155015197,1058.0310585252482,397.96544968833484,196.00520697734964,960.7254525507406,853.6869707730128,736.7353942144073,420.7718426501035,436.1155324440425,200.04366903468448,526.3882265275707,680.8525708289611,512.9989102005231,772.7562076749435,300.5778885832187,347.02987804878046,481.48816827344433,232.66997135933025,469.91782729805016,518.3065770119773,364.39071383449146,572.6974367565756,422.2547903623601,215.19893217322524,400.06688266604954,612.3373714285714,288.8191214470284,451.456769530164,494.49059561128524,384.71580188679246,205.23636363636365,1090.560237388724
12:00,303.23992322456814,376.1393391521197,394.76773226773224,110.53792919882885,301.17488789237666,208.56771545827633,426.0550530869052,262.13950189155105,87.2954954954955,327.2263284059129,90.50248610704884,1003.9218381230042,258.4684314076194,459.8754555198285,298.2160233538761,390.68242894056846,241.24595103578153,774.7760330578512,489.5894890510949,558.6609195402299,1075.0390955198648,419.73004611564386,192.07893347412883,953.1705137751303,863.9343220338983,758.6320807627594,436.0895923856818,455.40665308893415,201.64265010351966,530.0081103000811,698.8603615404768,524.3524142451388,777.511811023622,310.0485170581176,346.791077257889,497.6916213275299,221.03990191707535,487.38598615916953,536.2228318210593,368.6844919786096,552.2431938911022,442.76733320874604,223.8788056206089,409.13199626865674,666.6459288364986,299.052752293578,473.6993281075028,467.7838479809976,347.86960167714886,211.44410034066274,1092.6368515205725
12:10,304.19299363057326,388.3948270489249,413.31469298245617,116.78926905132192,305.54181240063593,220.71464451313756,426.3789619651347,269.1734022556391,74.50749542961609,319.9607064893828,98.31076487252125,968.8909065705573,259.7435193133047,423.34308566617557,299.8129713423831,385.56470588235294,245.56415241057542,772.6438242608456,482.73779596609177,566.5113122171946,1070.9235493434985,389.67915482954544,200.28673106253177,937.2255508789304,865.0207603127527,757.1926579396699,417.6689440993789,440.6664386684906,203.07992603246353,526.7876447876448,696.1925400577883,511.9001961211593,769.8237238340066,295.69493278179937,350.32498668087374,474.6705957993999,229.15289821999087,484.9472865537504,540.2324301439459,386.3090909090909,563.5429983525536,426.7455245428296,216.26048136645963,406.3950589806365,668.662297267274,310.19164549816537,457.2367609974783,486.259375,355.2171381031614,203.252716547656,1095.716479621973
12:20,298.6633102580239,387.7112002468374,407.16141732283467,114.81358120320165,303.5854591836735,222.47385811467444,437.07411047768824,268.6013174404015,86.36997126436782,324.24325404757144,96.67388825541619,979.8145575774413,254.3430543572045,445.9278709958597,305.50432553668696,386.7663966553436,250.500592183182,777.4881215469613,478.97486115171,561.326561552456,1073.2124526714347,408.26738630330914,197.42864296444668,951.253300124533,867.5255279337075,758.3550497866287,421.03980202103526,445.44073226544623,202.80317394888706,523.3320126782884,696.7933560031389,516.7515204170287,761.8199926226484,305.14404002070034,365.40579710144925,485.67316966242873,224.96121758737317,483.8109924190214,539.5026376872758,390.77066246056785,576.8568816489362,429.450246866692,219.76982294072363,407.70970717085544,668.0006517488595,313.1484108967083,456.81374474053297,488.4,395.29345372460494,203.0309981401116,1094.9329774614473
12:30,307.21346886912323,388.13882863340564,419.5204806116876,114.69164265129683,309.0945161290323,225.3687074829932,425.15958488349327,269.6032566149992,78.3109335270614,320.8387994434506,98.9305912596401,981.9059893858984,260.18496810894675,431.4564846416382,305.4640682095006,381.26827351323027,252.37495061240617,774.3444232342514,485.8762826150689,562.7670316301703,1080.1941089213817,393.68531093638313,195.351892022174,939.5676682393841,860.0201550387596,753.0290763968073,424.3552795031056,443.62567446043164,200.62665579783982,519.9552631578947,701.5516162669447,515.2704114957544,759.8684405025869,296.3497409326425,373.0769230769231,483.1070403884352,234.2809364548495,479.66318493150686,534.6217474085043,388.2792679078574,592.4947526236881,429.46694769112855,217.81658630665382,404.33510761397827,636.95149754135,313.54501834603445,448.51538244425626,504.0518092105263,375.6291309669523,204.7557013433302,1106.9463007159904
12:40,317.30426356589146,389.6236459300526,418.1782868525896,117.44829424307036,306.65737439222045,234.99460708782743,424.5611748687026,275.17480964467006,82.49763378230797,317.75815815815815,97.15356438433362,983.8381556552685,267.56461511485185,441.3192407247627,318.11072,369.57038391224864,251.79302234417875,767.6751227495909,481.2014556040757,563.4333233443213,1081.0035956006768,371.8826766063188,200.9098381710763,936.9576903932305,865.1723244363825,748.6410402972277,423.76843413421705,439.98571428571427,200.91497643925425,520.3458083832336,705.2961518460738,517.5847623182115,770.4469808541974,294.78099811353115,363.1691751956653,484.4797104628208,238.10637818345728,474.99520547945207,536.4005053695515,392.7272444858652,594.8223476672755,423.09352242238407,216.2436974789916,399.88901074797104,637.6921860885276,310.1098838855848,448.6713522631431,508.13577235772357,408.7482465854559,204.01168667087808,1103.391174716756
12:50,308.95966709346993,385.49382334774555,415.22251423565484,115.27162126421581,306.6498708010336,223.43796884016157,433.70593962999027,265.3349401337273,79.21482820976492,321.9612403100775,95.75222717149221,966.7570028977508,247.42979159549026,430.2857142857143,312.8782608695652,380.65668142745506,252.2558962264151,775.8965423359651,488.08863080684597,564.6352693349384,1085.9301735082522,390.6241586964222,195.72330339321357,946.4981403421771,853.6951282051282,750.1817146112219,425.5363825363825,441.89005119074113,197.69558944765046,518.4087266251113,705.9319657231888,512.274765948182,762.7068332108744,295.467903967308,351.9338353953739,490.9618814088275,226.823396567299,470.513705759889,539.8378038558257,381.07944948389115,588.005618905966,428.2403361344538,218.70963416969929,403.00253222836096,640.5744304357443,312.10164679159567,454.1858432036097,487.8837209302326,399.86098484848486,203.45789640927867,1103.2238805970148
13:00,304.5263157894737,382.0110837438424,413.0749625187406,114.34626705913834,300.64798711755236,219.94536042944785,426.4673298225083,270.09017560512575,78.12772925764192,322.5452913008779,93.85306583780729,973.2076562930322,249.49114968207596,417.18782681447396,316.9908972691808,375.4882093806686,250.77957413249212,778.0201086956522,484.1389984825493,567.4848666466886,1083.1432198011423,403.1715503462973,198.28604591178745,956.9847576211894,850.5668120030778,750.7495018502705,424.0374007521939,439.3402251320928,201.39401343921807,486.41091219096336,702.1849279835391,513.7964371062351,756.6839207048458,299.342208568015,348.1993534482759,489.19133735208754,236.2691698710699,475.2521109770808,552.211174845974,388.02967542503865,588.9804934978326,429.02530703386674,216.11193745232646,405.5039224734656,634.792337338472,317.92361696152767,457.2786561264822,489.4524847428073,397.0430872986137,202.40589932670727,1113.1218062982769
13:10,298.3718112244898,386.38461538461536,416.1691625069329,113.50729335494327,306.8787386215865,223.76020901877297,438.69841889517863,268.94992936744626,83.20252707581227,324.73453453453453,95.49010043041606,975.1482300884956,259.51701407446996,441.1446910356832,312.91847468770544,375.1228934404978,249.10778914240754,777.0716612377851,479.625530624621,567.4671884406984,1087.8225053078556,405.36709757393305,195.54775425916367,949.5202634245187,846.2189119170985,740.4958771680409,424.4008746355685,429.2700138824618,197.6781914893617,482.3023450586265,698.0888831967213,511.75005457323726,749.5727305869486,295.1140439932318,361.42155688622756,483.91144164759726,233.764719254376,468.31713244228433,550.3119343296148,385.4677966101695,588.5167448091091,424.62236598890945,220.38143735588008,402.5357142857143,630.8042778288868,319.0454160789845,455.9139633286319,485.98291293734746,394.2589450387311,195.41264294790344,1104.9112950916617
13:20,304.47582697201017,392.1485362095532,425.0279301745636,117.70543478260869,308.1963367609255,235.14431011322202,433.64291247095275,268.07753017641596,82.07930785868781,320.4611543838626,102.63575231157186,939.6241694352159,254.42541624193,437.3297333039453,302.74617139133267,368.6817828452967,242.89343295320487,775.1940460081191,461.19401266551523,565.0890554722639,1073.5584305408272,384.17856507032224,199.90124663896358,934.7139656460045,858.4798132381214,725.5526166097839,405.2355276907001,419.39242843951985,194.56665290961618,513.8498711340206,715.5418502202643,498.17860262008736,742.5242789339175,287.4571719918423,365.3005988023952,463.8330376940133,238.50236008091707,472.9743368928695,553.0559780312632,398.546500777605,614.2209418837675,410.3013698630137,215.82448824867325,409.4926131117267,644.4420256645279,319.85222381635583,440.93789173789173,518.1535269709543,406.0407938257993,197.40187217559716,1104.6362017804154
13:30,296.1380407124682,378.02726715686276,409.425,112.03274760383387,297.11061523748805,213.06662859318484,431.4814958341407,262.17957800708456,77.34347826086956,322.7012648062638,94.75916380297824,981.2282909292036,241.6036189825879,424.5536926994907,304.7460018814675,373.3481519772551,248.56028368794327,779.2603885590934,478.7497700091996,558.9883198562444,1085.0739250158865,420.612113632303,188.09771258080556,954.5140684410646,852.4612382934444,737.8404346582785,423.80576441102755,431.40373961218836,194.48272357723576,483.37426900584796,719.2949143879376,514.4007841428883,736.8796164772727,314.34855272226054,354.2610778443114,475.5868544600939,230.57740774077408,473.73381667529776,540.9022964509395,379.88087871287127,573.7281974320493,430.00636584909194,218.70866590649942,406.76768377253813,629.1914597354374,317.30944904367686,469.3592561284869,481.29622980251344,379.4385408406027,193.43183259353202,1127.0951807228917
13:40,304.8868286445013,391.3070577451879,433.79944751381214,116.7542735042735,312.4345100626856,228.56226053639847,441.8456909937888,272.0593769278223,76.77383997077092,320.9050683829445,100.85108787793162,947.0121630960608,253.74405166553365,432.2458161269289,317.92673134827703,365.94862573850503,245.087559429477,776.9734868773434,474.884252208346,566.5278522490319,1078.5593112244899,387.8203753351206,195.4753700558117,941.7717664821339,857.7239555790587,728.6113023522662,414.66118284048315,425.59593362935266,196.84287752190747,472.48692810457516,723.1586048879838,510.35536294691224,735.3313015417713,291.6200613079019,360.66546546546545,461.74496347133055,241.41729067392785,474.55032523108525,540.250104123282,401.0383544695329,607.4494382022472,415.3206121658272,222.99269371274755,409.0223863374106,654.9362285714286,318.5081451843384,456.92028368794325,509.25621251071124,376.99598876855197,192.98662420382166,1119.2636363636364
13:50,305.3687539531942,393.80558111008895,436.6988416988417,120.05088495575221,315.1750809061489,229.49301359516616,446.04250386398763,269.62147588969344,72.78194393884237,313.6798878205128,102.37864077669903,930.8848643437543,254.49167798913044,402.61447340081844,299.1743964421855,360.66503352243427,243.26553894571202,775.5136290753608,470.2603550295858,591.746618575293,1085.6770586970545,388.5476868327402,208.2760858711932,939.0378979282466,835.958733454451,724.345396641575,402.86873956594326,422.4586077140169,191.32555760180068,468.96057046979865,714.8367553865653,498.7574902301346,731.9671378091873,296.04441407584557,366.04251497005987,461.83088888888886,239.11521887049219,484.20800421274356,540.5666528239203,399.54653341661464,611.9176117411607,406.85580172737514,217.92732502396933,407.6936257710761,658.9570411210659,319.79637096774195,448.54566080544527,520.896933560477,385.20205209155483,189.9849551856594,1097.9920876445526
14:00,311.98734977862114,397.95574677320224,449.4840478564307,121.7687552683338,307.6807742782152,242.1567837267319,442.38859700330806,273.5298484379833,71.76740794750273,317.8749747933051,102.57087270705948,925.6914057111326,258.4757731106334,434.91438278595695,308.71884384384384,357.1846671846672,242.56545741324922,754.2885026737968,473.4880575539568,565.6625227410552,1068.8006814310052,376.7704541438417,192.0512260257344,938.6931190356605,854.4777687954729,727.746911806952,406.4817880794702,413.4844528839307,194.72822299651568,493.34026173979987,712.611549224116,505.12999131944446,724.1290661070304,285.02556672916313,359.6518873576992,458.771161964008,263.06618477524285,483.6755105603072,535.0123327759197,407.8987183494842,627.4184373431488,403.0694712466229,220.4148076923077,408.0381627056673,662.4460761817347,320.9464540017089,444.8997175141243,524.6404109589041,391.28751974723536,188.55634028892456,1084.707701637356
14:10,302.0711166562695,387.7226839027393,442.8055693684734,118.02647379912663,308.47841609866924,224.360091306829,443.4555427251732,271.54286608260327,74.66703017084697,322.2356158833063,97.81661572659073,962.3430777716492,252.56423089756424,387.3718991863465,299.2954388389772,362.15721315721316,246.72400158165283,769.0456989247311,478.53557085484795,568.050468419462,1084.8412126351495,397.1465332380272,189.04427860696518,945.0114358322745,840.6695232994108,729.6161819752375,413.10881801125703,426.0676567656766,196.11660354793702,488.7650231124807,720.4351261789446,510.76635514018693,733.5014074595356,300.03163686382396,361.23438429506245,457.3273404955054,250.91197658712292,487.9017130991521,532.7146716541978,410.1133020344288,608.9047379032259,415.3724696356275,221.6829268292683,406.7158289241623,665.3554993097101,319.7030406365445,456.9203164735801,498.22659176029964,392.3341288782816,190.84323116219667,1067.5533088235295
14:20,297.07841907151817,381.5868226600985,412.6503531786075,113.39268900581557,303.5477564102564,208.1833903458761,452.9030931871574,262.4763743051266,71.9252811026478,327.8454323001631,93.32803632236096,995.2253928866832,244.43043331076507,434.83726518130186,299.30150214592277,373.2821641211494,247.91646872525732,777.881813275769,482.46937039137833,575.2141347025068,1087.9070410550946,410.3722966934763,199.2257739743267,954.4721512519162,834.2682613168724,728.5024418270611,426.0911161731207,438.51275992438565,191.67539682539683,492.21463815789474,712.1994904458599,519.1194062431783,735.3203677510609,311.17944310759714,359.0547703180212,477.4507356219349,240.64620938628158,485.3868234480374,540.1468138275718,402.91917002167855,585.7385336457985,420.6741465285769,224.13735949704704,406.0675284154223,654.1036866359447,323.05033936651586,469.47742663656885,478.50280898876406,404.26322020520917,191.7621467132423,1055.338563669282
14:30,300.53696741854634,382.86422413793105,445.3899463152757,115.02950266928913,300.1809157861031,213.5361282843895,449.09614636045154,263.2632950191571,75.10842939481267,321.32741375790977,95.19836573682727,985.5398425631819,249.00524623455746,466.3873366381253,299.90852084101806,375.9264403292181,244.29778984102364,772.9546430488459,483.5015700827862,574.8825301204819,1085.9517841971112,413.01213418986435,185.07732085693178,951.6615111561866,814.2040662650602,732.9781105990784,423.79243714938707,433.6378008494573,192.27460929571748,507.0293609671848,724.7110828025478,516.0350686125028,728.1579867179308,305.76826542891524,353.3898104265403,475.50502568684385,232.89330922242314,484.6082581540597,543.1116645911167,406.25645756457567,593.2649017649018,414.2281202435312,217.830518018018,410.73778501628664,651.9832145320763,327.5200458190149,471.3279797125951,473.1345840130506,430.8556888404217,188.56530028598667,1068.861331704337
14:40,300.61490294301814,378.88676334464674,417.7535,114.19781420765027,305.05816554809843,207.87601234091787,453.93798600311044,261.14061054579093,73.7787867780603,321.68268450932686,94.04985754985755,998.4301328168235,246.17269283746558,462.25909193584823,292.43023255813955,375.9652599073598,248.07221350078493,776.4504963777838,493.5396203675806,565.542033383915,1085.0669199915558,423.6016797712652,190.23957091775924,960.8403530895334,818.7210473313193,729.3130908049269,425.99875026036244,443.0700770847933,193.27502507522567,524.2911169744942,714.8900203665988,512.4923547400612,723.2744630071599,312.79954915900817,349.3157582938389,476.9115798922801,237.99931771662497,487.1204007600622,551.2178899082569,400.2549079754601,577.2486666666666,415.2786695029975,221.12744539411207,407.00151057401814,659.7630614115491,329.23333333333335,476.17047055508596,467.22459436379165,413.3575009641342,192.74921531701193,1068.1373523927905
14:50,302.2414880201765,386.3566347046087,437.2180586907449,117.43824485373781,307.9290757381258,219.5503875968992,444.1357156805311,266.1196054254007,50.710612855007476,320.3024766544864,98.32951048951048,963.2987443079895,247.19735077129442,463.0692660550459,296.01318391562296,368.41007007526605,238.86684471575734,769.3024442653774,476.0120246085011,587.822913550703,1085.262030951876,393.2738626226583,213.36826744494562,952.9967071935157,817.3839577571033,739.8557939914164,418.94737932463227,431.36183134781595,193.51167512690355,517.3657894736842,727.6622415113608,504.11744236624617,721.282571330354,303.53731083666725,358.67878077373973,460.76197836166926,236.7366499315381,491.92320966350303,550.9169275725318,408.2455163883735,592.2783436299883,406.5672615620802,216.60508953817154,406.172688172043,654.9546918123275,326.7166105499439,469.6956155143339,474.2252396166134,418.9729626808835,189.90529336734693,1066.3957055214723
15:00,296.1522684897452,384.47365177195684,452.7594316511514,114.919890260631,303.6536010197578,219.26754385964912,455.5748745658047,269.63487147723754,73.86135057471265,322.2435349216046,96.11679644048944,966.1067827047934,252.18082565677244,464.0942312112158,285.4144626715768,367.3674212854541,242.85380116959064,772.2614185921548,475.8991810223101,601.1388971684054,1085.931486572214,398.18090632276557,184.05258056699782,955.8369455645161,802.4817374136229,731.6958616780046,418.0973580195548,430.31944444444446,192.83664858348402,518.9919642857143,721.8506245220494,507.4137556953786,711.3271812080537,294.94683982683983,349.2868998221695,469.59914375844977,241.72656960873522,492.4773904038661,551.643334726285,410.23506097560977,598.2558450233801,397.52948021722267,213.94977341389728,404.70735356990167,665.4829245931699,337.3645203679369,468.32441565756125,489.62658763759526,439.3390804597701,191.9090909090909,1066.7060285891857
