Time,0,1,2,3,4,5,6,7,8,9,10,11,12,13,14,15,16,17,18,19,20,21,22,23,24,25,26,27,28,29,30,31,32,33,34,35,36,37,38,39,40
00:00,832.8320170109356,1422.1095290251917,1058.0227882037534,1459.5151905252317,960.4966300106421,1129.352504638219,1461.9073107049608,2221.1162241887905,1989.101400289715,993.9831932773109,1370.9931766489765,1300.3204514363886,942.0538535956143,738.8744235544519,1774.5773195876288,826.2138188608777,768.6869426751592,1560.5591689250225,1586.215719063545,800.6361771944216,961.8617283950617,1171.5012567324954,1238.4501557632398,1304.0295566502464,982.7099236641221,636.9155271283635,666.125,1363.1252086811353,1307.3119937287693,1164.5560640732265,961.622770398482,450.2943925233645,761.2084233261339,1016.1346153846154,467.9406961753331,1881.581935483871,1046.558414464534,1251.5056226572262,1583.6615120274914,588.1131359149582,1010.7001121076233
00:20,866.6533376330216,1410.9703436807094,1057.9947483588621,1471.235460627895,938.1469045120672,1122.997513983841,1452.3212639894668,2195.0613460393092,1944.9213114754098,984.916119402985,1381.859636093576,1249.0525394045535,961.3346178548491,772.6401820091005,1745.9275568181818,835.5478011472276,807.3778904022806,1552.9753562945368,1587.5855982067806,786.8605527638191,948.8025767336112,1195.8567335243554,1229.9782542113323,1280.1014084507042,954.8923402753265,660.4804872546808,591.3790358248563,1375.0464416972936,1298.956686518679,1153.6600756033731,956.8747584074217,447.5062445541679,740.2704858593183,1010.0699641209636,483.0337773549001,1900.4082865774708,1003.0757258305896,1288.4889445139759,1592.686711645644,613.8458077709612,1058.9377729257642
00:40,850.4300867888139,1391.0518417462483,1088.6348387096775,1446.45694515633,941.5412715138742,1100.1004041032018,1447.2127186009538,2228.887356321839,1910.7715575620769,1000.3578064129457,1391.4231491920332,1278.552097902098,952.73,782.673347398031,1748.096521313082,791.8244008714597,785.9932713873758,1578.318100358423,1575.4295377677565,825.3415334153342,945.2730673316709,1181.899641577061,1236.7726574500768,1296.1803278688524,964.8715044247788,665.7440935672514,566.647187091147,1361.4877145742175,1295.5290287574608,1075.44918699187,982.6858513189449,443.4364494249484,762.1322886297376,998.8176696542894,469.84057341442224,1925.8211805555557,1001.7178041543027,1319.5552475247525,1599.7599177196591,607.7343492586491,1067.651796060255
01:00,831.8820134658545,1438.2813770669559,1090.8653333333334,1395.2831086439335,950.9274628879892,1139.854903166308,1420.936329588015,2276.610150585611,1721.1861402095085,1000.4097531965507,1381.142638623327,1272.7787642045455,934.7621516526248,860.1181318681319,1738.3467862481316,785.3524436090225,794.8679304897314,1587.6037511164036,1578.7671116160182,831.4078028747433,952.3372335979941,1179.5147164393395,1227.8527724665391,1267.675608895164,872.7705198358414,678.238169993272,550.015497201894,1326.9057295136577,1319.7454545454545,1114.9882150043115,989.5163086714399,470.7584415584416,795.9965896172793,1056.79931258354,443.17382495948135,1919.0980650835531,1024.6128351913226,1319.518253968254,1612.8909796893668,603.383064516129,1026.719721329046
01:20,793.8353125,1435.473903387007,1070.624218051832,1377.5019505851756,966.1800208116546,1151.3333333333333,1584.8797219703838,2284.308580858086,1757.9125615763546,1011.2143479523671,1372.9249329758713,1269.4655984919887,945.6610716591349,806.2259767687434,1720.2978723404256,781.8023842274187,857.0017610801292,1576.100146842878,1603.4870349492671,807.2797668609492,946.3818635607321,1193.6789380530975,1195.8942395611093,1292.0727902946273,985.9015985790409,697.7614721639878,562.4707121786768,1324.1937312437478,1306.3656057769458,1091.2375926982315,995.2012024048096,497.5600233100233,814.1920122887865,1051.9267724867725,431.9419152276295,1888.0158800176446,1014.5041791044777,1279.0389352403656,1569.1497939964686,599.5598256735341,956.6386186770428
01:40,807.4707302353651,1446.4056709713643,1074.9519860323003,1382.0092687950566,978.6210670314638,1132.8570113531757,1535.5215267175572,2330.5893965031023,1888.2697857455182,995.0232489699823,1356.7214532871972,1342.6828041496385,935.4699223803364,811.8370786516854,1739.9450766947057,786.3580827067669,849.7900650502661,1562.1889441357123,1551.074295473954,848.835661462613,943.2900041135335,1217.219322990127,1220.9554082554987,1329.6172365666434,921.6342372881356,684.3773963441819,690.6714168265278,1337.4211403801266,1302.3142476697735,1085.93098510882,1000.0080450522928,484.4449985332942,765.9141716566867,1007.801066098081,445.8077537969624,1908.751192024274,1029.2260479041915,1341.4819121447028,1564.04279811098,599.0213968510295,995.1704374057315
02:00,981.984619464333,1425.683849739512,1028.7094307561597,1262.528293135436,886.8323580034423,1035.3104302073662,1413.9000913798354,2265.6381541924593,1868.3638644918444,939.5963732085405,1175.0805958747135,1218.9791521890202,872.292243321532,815.030311778291,1599.5384615384614,881.214798206278,836.4621121718377,1514.2429294432866,1545.888293370945,786.4381879762913,911.3277870216306,1158.920569501686,1201.1557185728577,1237.6513204853677,873.8246641405443,646.2369744058501,715.1742141715504,1357.2767379679144,1263.5433242506813,1206.0837004405287,972.7065351418003,499.53800340328985,788.5754974639095,968.1561027837259,456.01549508692364,1767.3821276595745,962.9930471584039,1293.3234774933803,1546.1902017291065,537.0281377267679,1108.0518697225573
02:20,1063.5103757711722,1361.5997222222222,970.8463636363637,1232.2636322667868,811.0227429359063,981.9115834873691,1319.9980812280141,2067.9435840707965,1842.401913875598,873.1196228638775,1158.0493468795355,1064.4413892908829,810.5780026109661,742.715877437326,1446.4592592592592,928.4880673841834,860.5423929098966,1417.4100784550392,1495.5591975134219,705.3241895261846,883.5770392749245,1035.6457100591715,1141.1849455040872,1133.2635547576301,760.3369401863541,588.0924956369983,559.8220765027322,1353.0820060996273,1196.6288343558283,1182.7296555928071,888.6011560693642,426.4194679918153,751.7731300957107,941.0010764262648,541.8563880883765,1792.2856548856548,930.0431192660551,1263.5992184107686,1540.823597122302,517.6644152150728,1111.088202247191
02:40,961.993683054106,1303.818308291597,988.1236732810337,1274.7409844695972,836.5284991568296,958.3275808936826,1270.041559920296,2088.164604626143,1710.4293170943888,885.4507955215086,1161.8572016460905,1128.0687719298246,808.3417117403754,781.0995370370371,1435.9649784482758,799.7082314588428,796.7966365618188,1445.5145393327211,1472.279646522235,713.2110091743119,858.4912070343725,1016.6250962278676,1129.1898258791396,1155.3036757128134,771.968103957472,574.7019511101144,544.6360325621251,1235.7399454669394,1133.9782010096374,1127.503741394792,847.9248120300751,403.8264412918805,750.5030651340996,968.7671058223544,462.64713322091063,1673.5226689478186,907.7730982696703,1235.6497615951453,1491.5082152974505,471.93565037852716,1013.211097708082
03:00,906.7586754966887,1297.397953539823,981.5597426470588,1270.329346092504,813.2486754966887,935.3049398353388,1282.326259196378,2082.234065345474,1704.760402978537,892.5985894798707,1158.4345570630487,1117.7700479780672,772.3124403436208,780.439907326962,1512.7363112391931,764.4457465277778,718.9565937707091,1433.6376327769347,1462.275586049171,685.5316946959897,895.1668800682885,1034.0563486100675,1109.7611837577426,1089.9920229738354,828.5694444444445,560.1411557123953,517.5685323931248,1184.1435759812143,1128.5168431183831,1099.824918807204,872.1723998381223,416.0591608813764,763.5128009170807,970.6694249946955,430.6290824261275,1635.849915682968,899.6028610354224,1178.317425569177,1455.8467605633803,473.42526387470207,954.448658109685
03:20,871.4401939655172,1286.8268690275436,986.5456621004566,1276.4934497816594,827.1969394544245,934.4575786463298,1314.3881520778073,2079.0523255813955,1644.0307339449541,881.8080568720379,1154.0923869944488,1142.0232881473758,777.2589427033871,758.8218541121767,1484.8831030818278,777.4515408664582,729.373850197109,1450.3185975609756,1418.3635061586938,710.8548733361957,887.598385040374,1029.053423626787,1106.5771929824562,1084.5313664596274,838.8851890391953,617.8416128313655,516.5561190738699,1151.7422715053763,1118.727617243013,1078.5998235812997,885.9886895475819,398.0879458794588,736.9194769442532,971.2510104233141,444.23237597911225,1645.5992430613962,898.5649983204569,1193.7352682497801,1484.2851063829787,470.57837470248217,986.0828985507246
03:40,878.9351803450079,1291.0738255033557,976.7055906221822,1252.0529560100867,801.8623973727422,950.1623233908948,1335.0903168492746,2051.7943187795895,1649.7080161218091,855.5698638247484,1142.862480127186,1111.1647348085705,779.0799238820172,737.8051834595224,1518.9581346051934,832.0976597659766,680.7884551217885,1463.4843313682904,1416.8265364732913,746.6675137653536,880.0520745131245,1025.94679245283,1101.1889124293784,1089.8938645980254,853.6536736805795,644.22631913541,560.2850529100529,1158.1614513981358,1119.2062283737025,1077.8131836499713,877.0035197497067,422.6030741410488,780.7604590892262,973.0828478964402,466.1712251779693,1639.9962484368486,924.5274204468517,1149.360774818402,1638.782774390244,479.5477272727273,922.641187618446
04:00,814.410234662143,1322.559599888858,974.0369393139841,1212.921326215229,790.5725319006044,961.4433249370277,1326.5983995257855,2002.236440231701,1680.8098021582734,856.3740390301597,1142.1891161713625,1131.0293706293705,774.3966889525628,693.5007376807317,1535.0415556739479,853.659584295612,789.7102803738318,1455.667791411043,1402.939212328767,748.4265080713678,856.212249614792,1069.2670411985018,1098.5318791946308,1083.9361010830326,832.4330250085645,592.1500110791048,575.5641193119965,1168.6489397509256,1146.6969696969697,1068.8965719308526,896.5226110892646,444.10252808988764,750.3594928032899,983.7469325153374,474.5916852264291,1626.0910602910603,861.575488997555,1177.8978300180831,1639.1373521556657,476.6699212598425,950.1198757763975
04:20,813.9495135419405,1314.4281319910515,993.6495726495726,1198.3543964232488,792.0025906735751,923.2410800385728,1285.4331113801452,1824.7569704535997,1709.652561247216,872.0348330914369,1137.9031628270207,1136.3360599863668,756.893166506256,673.7475584492454,1499.0245098039215,844.0161216029479,811.2522315001439,1446.7294260552687,1416.0291207237772,753.8878464818763,901.1750208855472,1012.5687035240867,1080.0713800135961,1067.1882102272727,825.092032967033,611.917196056955,571.7547298837475,1122.001356852103,1130.74425,1111.2267218445168,873.520127540853,444.5541643984758,734.7339346110484,1007.7993870815653,446.4833020637899,1579.5742857142857,874.5847989949749,1120.4503950834064,1616.0916201117318,471.8410304743952,880.2354073123797
04:40,794.1235347159603,1357.4967886065344,981.3333333333334,1187.0044156608772,826.2972465581978,974.7685301507538,1254.4578201970444,1972.776371308017,1647.7049825174824,866.5504189540595,1134.8288749016522,1146.5498269896193,712.435164120897,570.2552804078659,1471.6960304513323,857.6924893717525,780.5986211031175,1427.2162650602409,1388.2725719168327,686.6127192982456,907.3811527135044,1025.0444660824407,1067.8407258064517,1095.6561264822135,834.4195710455764,577.4025460930641,587.7358404035772,1134.6683638832315,1159.707727620505,1079.3860534124628,860.1758715236977,419.4867841409692,724.557037037037,1011.6083028083028,459.56148867313914,1587.733926405176,864.7738797169811,1098.1528662420383,1578.0551035502958,458.2430577223089,898.6260978670012
05:00,843.188537761114,1334.088920056101,991.1390788873689,1181.5745664739884,812.8910236220472,981.2821550918717,1285.6252402306213,1943.2296137339056,1696.8615916955018,853.5601987142022,1118.301943198804,1126.0695533583362,685.1996715927751,586.4121695038029,1434.3447600391773,868.236674816626,795.7113247221388,1403.8032539921662,1386.9340785325307,686.5569123419101,880.377240841777,1025.5017588743203,1035.395394736842,1084.021322732201,841.8466195761856,591.9392999556934,636.4707290533188,1179.6072395128551,1142.1835127330007,1087.822829964328,847.900198019802,410.9151809832523,710.2222996515679,988.1833986287953,471.87265231333026,1605.6568548387097,849.2706231454006,1134.7182700080841,1587.866191904048,478.54418604651164,908.7705735660847
05:20,853.8577692518498,1337.7407924107142,978.3106929784304,1159.4041114417096,821.9503676470588,972.3464979944462,1284.8113553113553,1905.0646387832699,1726.5368098159508,856.7415241958853,1119.6409124356144,1101.1339779005525,658.3324414715719,541.49217585693,1386.987798114254,921.7856115107913,747.111489625271,1358.1871657754011,1389.3710926297676,656.1490022172949,885.4871794871794,1079.9547775346462,1031.1859847226835,1062.363309352518,839.2604588394062,525.7897912999748,596.5489940387481,1198.938242280285,1139.8761131482452,1145.6897995812144,848.9349464498215,416.74700435729847,716.2693370165746,979.5556918547595,521.4056455828542,1621.828616978876,849.3005118940079,1127.479020979021,1568.9886861313869,464.53289678827565,873.4365647364997
05:40,846.6772377000593,1367.27365356623,959.8283341024458,1135.4884766722878,796.6737633061991,945.6364168618267,1259.1263473053891,1903.5420765027322,1697.850297029703,846.0179762249927,1121.829149232915,1078.5339873861246,657.1165438713998,543.9657992565055,1384.9255788313121,928.7372013651877,785.0929243850592,1367.1694661067786,1379.149071925754,653.4830357142857,907.2505316886432,1065.8892160471107,1005.3219315895373,1045.0597232337946,837.2099833610649,520.7985503624094,634.2596119929453,1202.4354404841963,1129.9137015400956,1132.9271659324522,863.7113083751448,466.6580467675378,750.8704047530636,947.6414352420742,517.8917480035492,1627.2799212598425,863.2354391371341,1139.7337224966323,1570.6559532505478,482.62287728292216,913.412208936438
06:00,840.863937007874,1340.7295932678821,957.3308663474097,1128.335232127599,771.0445171849427,929.9997058823529,1216.2701436602124,1929.306209850107,1680.7690602836878,822.9614604462474,1075.6939124487003,1081.0890340323135,651.4901568234901,520.2812030075188,1383.8405315614618,916.8566355969818,763.739237392374,1400.8453545232273,1359.4180327868853,691.9838427947599,897.3735705209657,1049.0758594917788,1006.6012700534759,1046.038647342995,845.1495854063019,511.22778473091364,621.4663096060815,1215.2595730260928,1131.7549811523963,1158.1050308914387,854.6499416569428,498.036488340192,726.1529586899888,947.3745861981156,530.8792866941016,1638.6110458284372,872.8571428571429,1113.3721754541427,1538.3129770992366,471.1736313573048,994.3083941605839
06:20,869.6854293985205,1339.055417700579,932.4554794520548,1077.234030683403,746.3466666666667,905.4109589041096,1160.48223645894,1908.3933901918977,1716.1211166141377,810.9058891454965,1099.3820840950639,1058.0997482693517,666.2428189712759,518.4283018867925,1354.1635186184565,1002.6035590706871,752.593897452029,1399.5814598090544,1333.1535022354694,695.2317966393796,903.5590851334181,984.9762292412895,1019.2575034106412,1060.3574826198317,850.8958607095926,480.62493651599794,570.8129456939112,1227.165137614679,1131.1757641921397,1139.8876605915746,830.9525645969919,492.39166666666665,724.8097686375321,943.1806468577439,534.5201465201466,1638.620164126612,873.8358116480794,1096.8995594713656,1553.6349264705882,483.6950686641698,953.8019680196802
06:40,825.4399355877616,1344.169370360187,916.2472245943638,1128.599423631124,754.1730306157551,900.0892047172664,1201.7099006921455,1914.7350705754614,1685.8737734165923,792.9842748980781,1100.3095148552088,1057.1424483306837,626.0861837692823,520.138281838734,1337.0572045331894,961.6074007220217,755.1237249095097,1394.2535825545172,1328.346393588602,683.2850447379634,858.2774746687452,977.4326332794831,1014.3387152181381,1062.583091436865,841.5266097240473,461.1304347826087,427.2308587386549,1195.8449559918754,1117.2835820895523,1095.1930246542393,820.7736738703339,411.6339187705818,700.2352941176471,938.1667103538663,526.5633981403212,1657.7888707037644,862.4856702619414,1113.9776785714287,1482.5105849582174,475.690127388535,907.1636481241915
07:00,825.9360557138335,1369.561544873576,895.7613941018767,1118.2739994402464,764.4828571428571,893.0964405232735,1172.4821479577263,1946.964959568733,1709.3424142790043,787.3697749196142,1099.4213957055215,1031.8041651443186,639.3113429821609,551.5384038965905,1348.5541535226077,1039.8235588972432,763.528071334214,1401.9082110521385,1331.6491911324147,687.2652726527265,881.3933933933934,966.1087169441723,1025.5770042194092,1065.9906306306307,851.5420653249753,455.16392177045805,553.9797533162672,1199.8438890790826,1132.7397524071528,1098.2979179424372,820.9170883612301,416.1690716035938,704.9939668174962,949.399841017488,546.1788517141676,1701.6193063100711,861.5577578197584,1119.9112795363353,1549.8107387661844,501.09261051952245,982.492673992674
07:20,821.0800248138958,1365.8426229508198,905.200355397601,1137.159323912441,787.5429292929293,881.1025405570861,1173.6563621308308,1967.1326475365458,1666.7985280588775,806.8282887077997,1126.225867989317,1059.1253205128205,610.9512195121952,519.6639908256881,1317.130005200208,1005.2053346753901,765.2101973684211,1391.6315459391658,1332.242487354954,671.607627118644,880.7927617406291,980.9244917715392,1042.259985984583,1073.836573074154,860.2115572967679,444.8986852281516,568.8501773049645,1173.7301641586866,1155.7108229988726,1089.4732327713693,828.7472613458528,423.46639892904955,707.0405456612353,962.9549839228296,527.5683345780433,1710.603836530442,837.6563552833078,1104.3738197424893,1503.978953522362,494.2608261159227,1012.6915213469633
07:40,836.8340584213797,1365.0100108225108,912.4414655942807,1111.4629381857105,795.0434192672999,935.4542168674699,1245.290726052471,2015.8191603875134,1598.5827245380317,823.6896051103369,1122.525009545628,1063.9111982881598,614.208445945946,551.2591603053435,1297.9787012987013,1002.3070175438596,780.630911901082,1401.8277271298334,1340.9643178410795,654.5374732334047,895.4449281671746,975.9143407122233,1043.9638074556642,1078.7663180670754,869.4816272965879,445.733935483871,608.6371504660452,1159.195851751105,1078.2238436804353,1059.7179028894845,831.6747081712062,517.4311903566047,720.2634164777022,972.4066193853428,526.5604589585172,1694.4700201207243,843.1928195605076,1082.3803937997486,1417.971386861314,502.8990400529626,1000.5301775147929
08:00,869.9547005895129,1346.4151919411925,915.69280762565,1134.7820378151262,775.5411436541144,881.512084592145,1189.813251245969,1958.2874865156418,1687.2497691597414,800.9385065885798,1058.5572096980009,1004.4367088607595,599.1686166551962,575.2827868852459,1269.2096608427544,1031.1678427419354,784.5232415902141,1413.294375,1322.1376789521778,684.7111388196176,890.4799651567944,974.5304237018158,1053.6270944741534,1080.4047791455466,865.8144853875476,412.3258513931888,602.4270693939973,1202.8397104446742,1157.600401031223,1059.5505917159762,834.1257645259939,474.25615763546796,692.6572818908585,957.5999459751486,567.0848694316436,1741.3999177969586,851.5379395434917,1118.3742044972423,1519.1622819982265,511.95177402686875,1068.0881494454175
08:20,868.2197500761963,1354.8121079901828,934.87375,1143.2339701648782,782.3662873399716,893.9447665547757,1232.3009146341462,1955.9206008583692,1652.4558823529412,803.1944682064443,1072.5445151033387,1045.098586444364,624.5829302004147,579.4667162513946,1292.314527503526,1002.691914022518,802.1589467005076,1410.8269831355403,1341.2100636556531,699.885460693153,886.0680068434559,977.5212121212121,1050.2044025157234,1077.8928828181165,853.0907044065616,480.7379375591296,574.7982359426682,1176.7379073756433,1070.0046717482173,1065.075015124017,839.8428626993388,497.2738125476251,700.9296066252588,968.5010775862069,551.7790291262136,1715.21185422507,856.123114061557,1119.1497666525245,1487.6829555490137,539.1989565217391,1025.0532475131656
08:40,861.5371775417299,1355.6324440851522,913.8195718654434,1179.063122923588,772.3636988655895,887.080795525171,1195.9449901768173,1975.375541125541,1629.7589126559715,822.2047469259365,1040.971706454465,1004.3716166788588,601.5602811950791,577.6090197540067,1306.6421643695762,946.5804701627486,786.2192307692308,1407.723130106851,1343.5113840623128,731.7376504773765,872.1822051936995,960.5114479200258,1069.7114235500878,1085.19598540146,841.631884057971,478.64066782955393,660.8179177837354,1186.7905849775009,1078.5985777341834,1046.1967514557157,852.7631178707225,503.77831386490607,712.9369701437523,964.1347979387035,533.7714915503307,1713.4680337756333,850.61503347535,1108.6432474629196,1484.956471271039,539.2995518786626,995.6296750459841
09:00,882.3851921274602,1353.7928706454227,900.6756161971831,1154.598466105888,763.1495263870095,863.9699906220694,1203.6807987711213,2009.2449536279323,1625.363917071019,800.5056538126993,1044.9677988531098,973.5230946882217,589.3987206823027,579.6682908545727,1312.0055471507817,1025.248262164846,794.0006359300477,1400.3434593924364,1346.5111044417768,728.2661456190868,865.2241086587436,958.2978998384491,1072.1311766797014,1087.6470588235295,842.3490504256713,510.6120434353406,702.0279965004374,1217.8683748683748,1144.4924855491329,1035.2166356300434,854.7731762917933,503.7118644067797,734.9159851301115,964.8394722374932,563.8302702702703,1712.8248540450375,855.2487714987715,1107.0714589536367,1501.4024461269657,568.8855994152046,1024.4545454545455
09:20,877.2294930875576,1344.8992332968237,906.0169491525423,1128.3977777777777,777.0573314801945,861.3596273291926,1161.513415315819,2010.2403740374039,1671.9172141918527,807.370702109217,1061.9201042118975,993.7779479326186,577.0989361702127,561.7167673716012,1322.4376438104005,1015.752320468979,798.3434152488973,1391.930296545399,1356.7625187406297,748.7456176110885,863.3627118644068,1024.6794966691339,1094.6872791519434,1095.353783982366,863.6853858784893,477.36653386454185,708.2588364434687,1208.425043478261,1167.2050847457626,1042.6285892634207,855.7070088088855,502.7099545224861,709.0373489564262,967.3960558751027,566.7712318286151,1708.4507962433647,866.5878936105166,1043.5674538984147,1540.711898588303,535.5877102643323,1029.0821494749846
09:40,852.0216718266254,1345.8399301513389,927.4555457746479,1137.7692711064499,784.5918160297599,870.1395278450364,1257.8781110402042,2009.8865979381444,1710.3617234468938,818.7314629258517,1047.2123197903015,1011.3321287779238,577.6843771991555,552.159708923784,1324.0318118948824,1000.5205016883743,770.567431625275,1408.217364720269,1388.4317779090372,758.5106295993459,889.5581297388374,958.2271540469974,1092.9547511312217,1090.954226651901,884.9390125847048,472.0256475368207,788.0351519589893,1169.4328205128206,1142.4966992342224,1039.8631293337353,857.4722433460076,519.6791842825168,724.2074019787468,980.4724409448819,535.7082973206569,1660.7535875358753,846.3251737685101,1029.9609756097561,1496.2457461645747,532.3305814788226,948.9007490636704
10:00,892.7601993148552,1321.8426082068577,928.0634720470786,1149.0851063829787,753.8183978275628,861.1536803202956,1150.677449168207,2003.851506849315,1711.5545722713864,777.1653476540419,1075.4844878878027,984.0991609458429,573.2279700321085,589.5804143126177,1338.267572633552,982.9974059662776,785.5497553017944,1392.1525944120356,1380.1905903506142,728.8598283612587,876.0784313725491,954.5573824399869,1084.9435318275155,1095.4075723830736,866.9195693476884,478.2780269058296,755.8002589236175,1184.592159559835,1168.4122807017543,1070.290283645142,831.5779196395043,508.38186813186815,706.1752224503765,983.9197614529683,590.3384912959381,1688.9257305194806,848.9981510015408,1014.4555342290467,1539.4606900452488,560.244026635331,998.6463262764632
10:20,870.4852163087457,1331.516838296688,932.0204918032787,1179.769077802635,782.8429024304332,863.7338082901555,1296.1471408647142,1989.0951585976627,1740.1991744066047,792.0461538461539,1077.483575883576,1005.7948131197559,582.0057000356252,610.1071958456973,1341.1235324144973,959.8241098241098,793.3348329048844,1378.0135746606336,1385.2675804529201,756.3582089552239,874.4047619047619,959.622691292876,1083.1927422115714,1109.3486306439675,855.5430759412891,483.62268402603905,782.7558097312999,1164.3431607816249,1156.2115183246074,1057.9508295625942,841.5091883614089,523.8993948562784,708.5978074683111,1000.243475921442,591.3261904761905,1691.6044534412956,837.3019786910198,1059.1788268955652,1518.6950455580866,576.5023980815348,1031.003742981909
10:40,870.3135779241142,1316.2843959731545,950.0323611666,1174.5111681643132,794.7254971590909,852.3344459279039,1250.752,2007.1583990980835,1750.527833001988,816.0134734572891,1082.139028475712,996.170639424896,601.5993612491128,614.5372360133383,1369.6249361267246,951.9412593984962,785.541339201509,1354.349744821375,1384.272565320665,761.3850482315113,850.9614503816794,964.0845490716181,1108.4759340289465,1133.5636966126656,838.6474705695196,479.79253005883857,798.8952813067151,1183.5336307481125,1173.792937399679,987.7015321154979,854.7399309551208,520.4404341241797,686.4715596330275,992.5547798066596,588.0169172932331,1673.682649329541,844.5169286577993,1100.7479644707623,1524.4050880626223,588.2253236245955,1011.2109571788413
11:00,864.0289319790705,1305.1865857024566,938.1316113161132,1161.9802904564315,790.5328854314002,878.041553133515,1267.593992248062,2023.108938547486,1758.6127724277749,810.5225823591924,1087.9358490566037,984.2092641261498,608.4770155586988,603.953288490284,1367.8139754485364,903.2387737478412,782.977897063467,1373.5900417412045,1403.2471179426545,770.6288331342095,891.9384297520661,962.5057774843183,1096.427318718381,1156.6339155749636,844.1528314028315,492.97726124305206,736.3571171818835,1199.971870604782,1180.8178059536936,1017.009656004828,869.315295001879,513.3248847926267,685.3190556492411,1000.4216084484159,565.4924939467312,1647.9513078470825,835.6440476190476,1064.3524680073126,1504.8842837273992,575.1353032659409,983.1413515189089
11:20,859.442944785276,1342.5558690744922,974.7647768395658,1188.3686765457333,796.5376569037657,863.0325520833334,1268.8459835547121,2017.5810885101705,1743.7255192878338,809.5996131528046,1090.0599409033348,980.9762443438914,567.6228919985648,594.3593106032222,1353.3213032581455,906.3984045049273,775.506926952141,1322.256981580511,1398.4390315913788,755.8010471204188,897.065934065934,981.923051735429,1105.7319765436357,1162.1323851203501,848.6442802056555,511.2272498743087,628.8258490996125,1181.1783216783217,1156.6995753715498,1038.809137360986,867.2825095057034,385.314465408805,715.3502016868354,1013.5467353020862,561.7900237529691,1660.358115998443,845.2795666566356,1023.9898626553303,1505.9199549041714,588.6875250701966,983.8180677540778
11:40,904.8132530120482,1322.028148990617,946.1911589008363,1140.438349514563,779.4422525107605,847.390466862553,1241.5211877513145,2014.1405375139977,1720.0412074748442,786.5919714050041,1097.391886240067,924.2392141756549,579.5003599712023,627.7121099554234,1335.6053122087606,942.9321394910462,775.622429906542,1311.8021883098186,1373.81660692951,763.1944006309149,886.9094262295082,973.6462093862816,1124.3597393689986,1153.6123043319985,874.686392510866,489.9688123752495,615.1016910420475,1211.6783216783217,1183.0334088335221,1009.1360946745563,882.4608311879367,385.1363636363636,712.3153450807636,988.9736623232603,609.961174713788,1700.388105223027,844.7287522603979,1016.2444581280788,1576.7727403156384,563.474673829624,1069.0420854271356
12:00,824.1591249625412,1286.188854489164,954.2438247011952,1148.998124330118,792.9504666188084,850.7757291317465,1284.2664304123712,2038.9301948051948,1720.0087809917356,829.1866410115448,1067.5264227642276,978.5875601629026,606.3836633663366,622.5684678016285,1347.7432562620425,841.9650092081031,775.1784409257003,1341.5888339633614,1412.203115814227,761.9616297468355,872.5704039260098,988.5628664495114,1075.4045341834928,1161.512473271561,841.9674160964483,534.0402797877472,779.830223535932,1200.9554317548746,1128.6065573770493,964.4138331880267,858.5935628742515,373.78104489367286,676.942345276873,1025.342689120556,530.4639220894201,1645.3567779960708,825.3980322003578,998.0219490781387,1517.487859335752,597.160841938046,975.3894472361809
12:20,867.5579010856453,1263.8529909706547,939.0196629213483,1140.1880069524914,776.6835951772014,880.5647738864332,1304.336701434159,2048.411189570885,1710.1001984126983,818.4911612727767,1083.9286597938144,958.0014582573824,626.2004924375659,602.0998137802607,1339.4832214765102,836.2724550898204,803.4321471652594,1336.9811866859625,1428.04143565801,767.5131941709334,892.3461850649351,970.9355577363428,1072.7890896455872,1143.0889692585895,841.3455074337427,528.697397226952,719.2731927094,1208.6414900888585,1149.555165902347,1006.367508813161,861.1014604150654,362.8148532848611,703.8994413407821,1037.8092577813247,583.5727493917275,1683.2582807570977,824.7825696316262,1204.6838266838267,1546.3210702341137,625.0130801687764,973.275974025974
12:40,883.8936855670103,1284.330220713073,939.7732581554571,1144.9185580774365,778.7645327446652,890.1814029363785,1293.1280853902601,2039.9244060475162,1722.2330637007078,801.024202420242,1087.5225375626044,947.1219512195122,620.84637068358,589.8022598870057,1346.8048426150121,885.6826568265683,791.5492227979274,1349.7963400236129,1425.060879697058,745.6846522781775,881.8255908720456,979.6907486106571,1091.3456445993031,1118.548492553578,836.5533596837945,523.0172288279543,627.1659634317862,1215.0540727902946,1169.5635700252597,975.2216404886562,879.0401059402194,398.1252942715145,711.0949074074074,1018.1661752881265,595.6559191530317,1669.1569314641745,824.2155198545014,1182.1729518855657,1542.436251055446,641.2575496117342,980.9855832241153
13:00,905.3940983606558,1254.2208638956806,938.3391199031086,1130.9507708953206,785.096834264432,874.5509938090584,1300.5407626561473,2064.18097826087,1715.6479083665338,797.947928331467,1104.2971639950679,924.1560846560847,644.7633239831697,589.8233110616184,1355.3289535429376,860.6615127455077,778.8060848186847,1289.657863145258,1432.7386428982174,767.1888888888889,851.4764239909468,985.5873691099476,1130.6468946266573,1115.3572463768116,825.5252592840415,489.8595309960529,608.4126108846799,1232.373779637378,1150.9298974785258,1029.0797856504912,886.8314176245211,395.0503209242619,706.092180774749,1004.0862068965517,589.3339253996447,1692.3442367601247,835.9942266788211,1190.5113537117904,1601.0237825594563,602.5771476230192,1004.1585445094217
13:20,869.0185728250244,1242.6252364225884,925.7146331576814,1128.9296277409485,796.8508771929825,933.1144465290806,1306.550637156271,2048.565596080566,1708.7963147410358,813.6860896886603,1092.6386768447837,923.0684367988033,664.868089573128,617.1699633699634,1359.9022628791527,898.968129330254,782.6841945288754,1321.0514507927012,1454.1529209621992,773.6650998824912,893.4732793522268,982.9834710743802,1116.9873905429072,1120.9844428364688,858.0013342228152,513.9827666511411,597.6359555870541,1234.0207308503163,1150.6236559139784,1053.51649670066,886.5088529638183,511.1644237827257,717.1655459494076,1025.851871657754,558.9690305206464,1678.0960407683262,837.9503311258278,1200.0492589363557,1567.045810055866,618.7532908704883,967.5202312138729
13:40,862.3497214028188,1254.6077915240853,926.1037964458804,1119.066797642436,792.9143476689555,917.0009715025907,1285.3815881939565,2028.4624373956594,1705.6120556414219,811.990234375,1071.5954487989886,893.2661169415293,630.2847025495751,617.7351955307263,1365.2008587786258,898.2376973073352,774.8615337796713,1292.5108951707891,1434.3721395881007,740.4463570856685,894.7282072368421,1000.0176528277215,1114.9635527246992,1128.907461594733,822.579282601408,503.8191047531149,590.5656660412758,1234.3919774806475,1153.3234554095611,1060.0347930413918,890.3902252768232,383.62610734757686,717.0289324908547,998.7825154196836,536.6750818139318,1691.6833463643472,845.5008955223881,1213.969964664311,1582.9473536036037,570.7898009950248,967.0782268578879
14:00,911.9445169712794,1255.9624898070128,920.6377921031426,1110.4258207849914,774.5664259927797,889.4432752384084,1275.127424749164,2036.2253596164092,1735.2732855680656,804.1114253393665,1077.2974119643616,918.8249541284404,650.7832044975404,653.5610645278891,1345.8261273826126,872.4836933502753,775.9966017917825,1302.7092587251225,1458.717397454031,754.8771858479057,853.0197193780812,994.4511427625041,1122.071504050722,1126.3334548104956,826.6279229711141,507.5554010199351,556.3525850023289,1253.7930174563592,1162.9940323955668,1027.836794384323,859.8289575289575,504.73454636091725,721.4309788454643,982.8684422921712,562.4182939362795,1715.3875243664718,831.0318262938727,1172.5275041050902,1590.7476609016162,623.7502131287298,1013.3555840821566
14:20,947.997030682943,1261.1179193899782,913.8437754271765,1111.763590099468,779.5499291784703,915.0723417524166,1267.8095074061316,2055.534090909091,1782.1162109375,774.9994212962963,1091.379280070237,904.3077205882353,630.4471170852494,649.1820512820512,1328.0062200956938,904.9765758091993,793.6493902439024,1307.820982272595,1459.6812749003984,734.031328320802,878.6837113402062,995.6480241125251,1133.409975238769,1140.058173784978,852.0299026425591,524.1563610518834,560.8555288461539,1287.9428168019767,1175.9650929899858,1042.7190615835777,875.2988108937476,501.704025066281,725.504797806717,971.268726079825,558.8935965334617,1730.82491186839,830.939813421607,1183.0557053009884,1620.8064149872268,640.854149548069,1022.9074664964901
14:40,889.9315738025415,1257.6984425349087,933.849387755102,1165.9743522638053,793.443419652359,913.2400509391913,1351.5035620547433,2063.8746623446787,1767.508040201005,810.5434843793977,1073.209854817422,947.0703209520375,593.6339350180506,645.6895533407161,1342.4779411764705,910.7511563367252,780.203605843954,1344.6966227819119,1468.9712433042007,732.9452861952861,894.1428571428571,1075.7146084337348,1107.261996497373,1164.6631270596852,883.4142807864781,521.6409444985394,546.0541363955941,1273.926846342317,1166.2843855693347,1028.045956951716,889.4792380952381,495.811388755406,719.153898535921,986.8415330252786,522.2610978520287,1713.5286499215072,836.0436994911703,1182.6101390758188,1586.590484282073,599.5563463819692,1058.4647887323943
15:00,901.9185742315238,1254.1806350858928,956.7280033840948,1136.5579322638146,805.1941416893733,958.9237288135594,1304.6569724086503,2037.676712328767,1770.928494623656,792.0965063001146,1081.076651982379,984.2584593232541,583.1029624277456,642.2230825958702,1338.4071494893221,914.5661764705883,778.1506211180124,1353.0946180555557,1510.9868861607142,761.630844954881,900.1541959487391,1080.1497945461338,1106.074267782427,1163.6821337230544,886.7536483669214,524.8522281228354,666.5224089635855,1260.9278963948198,1158.772240990991,1009.2906158357771,898.0082987551867,500.8569015444015,706.292192294579,998.5869270409547,522.2600461893765,1680.0528789659224,844.1509490810485,1170.743260058067,1561.5136274234335,541.2464035411288,1052.6271844660193
15:20,830.284735812133,1253.5417490118577,956.808263136783,1173.863456985004,828.162133142448,952.6068320979697,1235.410442828817,2048.8006681514476,1752.4462109167991,805.3485924112607,1082.4455357142858,961.9273307337824,636.6194533191339,635.0841836734694,1356.1387362637363,841.3228678537957,770.5785826771654,1343.1428157589803,1516.8436282693378,782.4830126893164,866.3962765957447,1029.8743801652893,1081.9951740779043,1170.459586806814,887.6623946037099,507.6987237921604,733.5377468060395,1222.9207746478874,1140.4444746869897,1050.1929466627805,863.1587301587301,374.69314359637775,695.1652557968348,1018.0151033386328,500.64203871987354,1642.7739299610896,836.8326384752829,1178.8377056469542,1540.589836156623,521.4669811320755,1018.0370611183355
15:40,893.9782051282051,1252.4187832250443,934.3958707360862,1120.123500893085,799.9242473292328,941.8747616020344,1273.8782883198878,2040.9069898534385,1751.359391965255,781.7260235558048,1085.9609515260322,964.0123322451941,650.4833922261485,649.8165637486378,1303.0450023685457,873.8047460449625,804.8184952978056,1319.9226069246436,1504.8427813459928,754.9895572263994,875.4297994269341,1032.0016556291391,1089.1300309597523,1158.1686046511627,890.7196738022426,494.4570786516854,567.7056084656085,1291.486907289455,1176.4326679786336,1053.9507519905633,890.891263592051,391.7765468792218,694.5254424778761,986.8992669019821,573.3292939936775,1687.298259493671,841.456214264219,1161.8581414473683,1560.0970404097893,609.2027942421677,1098.0817120622569
16:00,877.2891056910569,1241.947601885223,966.8566853482786,1112.8945663010968,822.9899569583931,978.2667489966038,1276.5468850353243,2069.1328081035454,1787.325494388028,772.6771428571428,1089.4952681388013,970.8400131406045,668.9159400069759,647.9832361516035,1318.7318116975748,890.1191992720655,777.4937996820349,1335.4010431758911,1521.1378926883515,760.1907867916836,858.0208012326657,1025.993073878628,1082.153533987149,1154.5962305183036,874.8342354533153,488.719651240778,610.8941151655769,1263.0187080833039,1168.9825007056168,1056.0475770925111,899.2789193302892,406.0592769803296,674.1082562521411,995.2782774597983,566.6428571428571,1676.181168057211,873.9784881983866,1151.836709384043,1587.2273872864744,568.7019950124688,1056.9029900332225
16:20,921.4044722130878,1243.8749001863189,955.5667841754798,1102.056243272336,817.4278331487634,956.0355596784168,1233.195836044242,2072.214974475326,1799.4809200209095,753.845934379458,1081.3097065462755,963.060418027433,634.3718130311614,629.967008797654,1277.1018644838564,919.483185840708,767.2095329494562,1290.564139521476,1514.6515950069347,747.1839967506093,885.9257095158598,1028.1917673962757,1115.5653923541247,1140.3572717430532,877.2202928157984,478.6040549988348,667.9401879291652,1269.8098591549297,1181.2809659090908,1070.3940754039497,911.980841472577,490.27338515143396,690.9227586206897,986.9870737073708,563.472855591748,1697.2803700724055,874.0232067510549,1138.766125676238,1570.6475433115593,580.3245251857969,1079.1833114323258
16:40,979.8865573770491,1243.7265193370165,944.1164330218069,1106.9777476255088,783.3541430192962,913.6816212871287,1291.7535131029244,2082.1542288557216,1814.5305719921105,750.7437742114001,1087.2578444747612,915.0373924553276,638.5402877697842,628.6418943533697,1242.3404452690168,964.9963784517881,772.7738246505718,1273.153308073448,1482.6813094571908,726.6868442292171,867.329625051504,1089.8904761904762,1172.2739230516277,1131.370705244123,869.3808038808039,464.4530321046373,661.3623136976579,1319.8727789623313,1185.127394080093,1139.1811771919067,911.7308995107264,488.7116531165312,704.3282809611829,941.9350290295826,605.2975778546713,1720.296492659054,894.5418448381185,1169.8379232505642,1578.8141795311606,589.5343663090981,1134.310276679842
17:00,952.2812195913071,1283.766259585345,962.8835511145273,1111.4140604116546,759.7257942511346,881.0406530089629,1274.625,2032.9448863636364,1765.6604166666666,748.4413910505837,1088.5581289736604,869.7115883006294,638.6291771469637,622.570705244123,1255.9318913943857,941.9244264507422,790.2128777923784,1294.486299394289,1466.0242610150585,743.2115537848606,853.2663917525773,1128.0017998560115,1122.2791084497671,1133.7301873198846,864.8939445774889,451.59975961538464,682.5648114901256,1304.3878571428572,1176.9403376018627,1079.4508371385084,925.3567426223384,478.05927291886195,699.0140480591497,927.9153570443893,572.4115267947421,1709.1864061864062,873.3116686819831,1162.1416366906474,1591.260344827586,589.6092796092796,1148.4607712765958
17:20,883.7426805465192,1282.9103184713376,985.1407265774378,1108.5985201425049,777.3722846441948,924.8161672908864,1266.2192530585962,2060.4217002237137,1801.3981288981288,760.5428096425603,1071.8653846153845,920.2384152812168,640.8656395557148,645.6902971715002,1277.1577998196574,873.2684684684684,768.5213842637937,1312.2782432822883,1458.6361103371412,746.7562783038287,862.4480198019802,1123.7276334776334,1121.1141719216728,1155.7895878524946,897.871012482663,451.0322338830585,726.9648375066596,1274.3163701067615,1165.4524693120184,1096.5971005738447,918.4152352501867,482.09719387755104,695.7918188458729,962.5523939808481,547.2372322899506,1705.95599515543,858.5192655027092,1162.076237182345,1584.4667996580222,564.1166666666667,1092.1048064085446
17:40,917.0733290071382,1279.316178343949,965.3264840182649,1103.4668172832532,752.0169179845532,906.180031695721,1302.7454337899544,2001.9844110854503,1773.187627811861,746.1266206896552,1083.169376693767,921.1742397137746,630.7866666666666,612.8229768786127,1281.6197576887232,891.0013440860215,782.3448390308663,1326.1793023926205,1469.7270960577457,724.1121848739496,834.3140589569161,1084.4927219796216,1113.5132417029836,1137.422636103152,896.7289751447055,439.6249110320285,593.4825200972144,1298.9478908188585,1166.226540011514,1122.6211387038159,915.6828260052612,477.3483346046275,684.5724717050018,930.2542841348811,581.043216630197,1701.2527562270313,854.8753462603878,1154.968556244464,1616.4657924743444,613.1669708029198,1124.2355289421157
18:00,878.1327060350421,1292.9690670626082,982.6051534672224,1142.8734525447042,735.6422287390029,926.2699596147872,1174.4167798913043,2027.913141567964,1793.8546922300707,762.8693102485339,1069.3469298245614,928.9717457114026,607.6084446048358,646.2068965517242,1296.4923518164435,861.452130096198,768.6028985507246,1280.875803623612,1468.8697596422583,717.0946004319654,862.4222672064777,1077.4576642335767,1117.636,1135.4657780979828,894.4700854700855,432.88338658146967,593.700127295872,1277.659227771874,1167.2695156695156,1088.8100208768267,923.1592261904761,479.83040935672517,685.0814596387762,943.9007464749793,552.3373378183566,1709.855970455478,838.9375379017587,1181.7660242043926,1611.8392502130077,568.4676258992806,1085.9424083769634
18:20,896.2582220774992,1318.0063597049098,981.6477099236641,1162.4335426478283,758.6144005847954,875.4714241581711,1237.6746365105007,2036.522547914318,1803.4355400696863,748.1817924795024,1059.8228798586572,942.9193962748876,623.5538965768391,660.0754180007115,1294.0968674698795,852.4134860050891,756.7593307593307,1322.0419336051252,1460.31398934679,730.8478783026421,865.3080971659919,1072.2525325615052,1076.7212950600801,1149.32911849711,872.3641579480256,521.7189075630253,599.9544799176107,1303.384063173008,1157.0928531232414,1069.5877322323797,941.7189929655683,487.8853569567483,675.8073664825046,941.2125173852573,578.2881889763779,1692.8468288791385,847.4328717639976,1155.8390852390853,1592.433783395576,558.0056611403154,1128.4078175895766
18:40,926.7836644591612,1283.962073324905,984.2856046065259,1149.087142857143,746.6577370461755,947.3787394713912,1173.8527646129542,2061.621111111111,1800.0114143920596,745.0472895040369,1070.8125533731852,920.3679732604072,632.5569666182873,630.5565123789021,1277.1304978250362,936.2131367292225,763.5373724069806,1314.5355696934644,1486.1379694019472,720.1748492678726,851.806347930896,1090.1255395683454,1059.1423796791444,1141.9672426205902,867.2092710782667,422.56643887623386,624.7006062767475,1295.320558739255,1166.2387297986959,1126.0659111243663,920.9756645451142,476.64304741608953,678.7859007832898,941.7081473214286,569.5978312116926,1703.8029814665592,833.0912364945979,1189.5915619389586,1567.9328530259365,575.011939069576,1118.741790083709
19:00,949.3262387761889,1280.1721037760083,982.1340085703156,1132.6502463054187,755.3762831858407,969.4560645347162,1160.0652597402598,2044.3131370328426,1849.040513833992,746.8045546266935,1072.519315188762,895.0877028714108,654.8195707530011,682.0379746835443,1258.7897484575226,943.7768994290733,766.3634663341646,1278.2878918607996,1482.6867301231803,720.208350730689,845.8112515287403,1110.7572398998927,1111.0288808664259,1125.4549047790154,868.8926763415458,441.9290020093771,666.8675690506676,1286.8712338593973,1159.9452133794694,1133.7529095792302,918.2020587113992,477.055750067331,672.1957005189029,943.1414030261348,576.3699360341151,1686.8685353335966,820.8360119047619,1170.588479071695,1548.9454545454546,632.4355353075171,1119.5280612244899
19:20,906.8885061071093,1325.7777777777778,1000.0292870905588,1159.5300253735552,761.9689285714286,968.657600916118,1164.7531140210795,2053.3558558558557,1838.8390243902438,732.7733333333333,1076.8378494623655,893.0936639118457,669.7561327561327,692.9905495274763,1266.2154471544716,936.8497797356828,766.8148148148148,1255.6007346708109,1480.3254703734906,729.3823529411765,822.1884498480243,1116.3668341708542,1115.1989940270355,1130.313309352518,844.1499176276772,473.15966934957584,572.1060419235512,1263.2797724848915,1140.9593542807725,1071.5407166123778,905.581942336874,497.9972951041385,657.9509337239107,962.1411541587646,587.5042105263158,1663.3634222919936,835.6578556578556,1212.0463780918728,1555.9600578871202,606.9995689655173,1112.5745642349902
19:40,979.9253378378378,1358.8665594855306,974.3607376104495,1166.1984126984128,737.0953746862675,969.6532281624307,1230.143185550082,2030.2043503148254,1850.934858279463,728.8167630057803,1078.0806928601605,886.0535433070867,658.9953220582944,705.9573873559203,1273.8270571827056,976.0394853593612,768.4678111587983,1261.83693843594,1474.3677639046539,702.0221039705281,835.5998373322489,1083.2783467446964,1119.3873466752743,1134.5994944023114,867.7844451894066,422.84611973392464,505.8137516688919,1283.8091006043371,1148.156303479749,1086.8846387370977,897.8125238640703,490.0167091475503,643.1395434462445,931.974372955289,625.7671018276762,1655.5029702970296,845.4876506024096,1202.1952951620062,1576.1291893440275,641.4652213188798,1139.131931166348
20:00,942.6617100371748,1388.6767541510444,1001.002977298102,1154.8736185888354,744.6320541760722,989.8178664353859,1211.4874529485571,2049.2351274787534,1839.1463996185025,727.5819339895774,1091.235368956743,889.8516937090806,679.3443968593862,733.6348122866895,1277.879981884058,970.4608378870674,723.8367213114755,1278.946793615234,1485.931053970048,706.8733360225898,814.5026737967914,1084.6693459992694,1109.8639921722113,1123.374409305707,868.0483234714004,394.28488501897743,509.19538638985006,1305.8901177310024,1141.988574692945,1055.8771621225446,888.488203957382,491.25745767266864,622.0776098901099,919.3882320593896,637.9837099316868,1654.2560784313725,827.7815709969789,1178.8769356153218,1588.3569023569023,614.5719298245614,1125.1186331399097
20:20,967.5400132275132,1372.1020571733902,1012.9630597014925,1188.9851205746536,727.789161098738,956.1329444273872,1205.329880220136,2089.1296296296296,1863.10799031477,738.5382520425848,1096.0386554621848,969.2923412204234,703.3553481694186,695.4385231626611,1256.050022737608,946.301244813278,760.3632721202003,1298.439581612992,1505.621728117084,703.4129213483146,828.1782215523738,989.8679867986799,1119.2529296875,1126.1931407942238,844.4672589667654,379.21245932124594,479.20715587967186,1305.7831623629288,1150.3895035460994,1089.323743185948,881.4745634016705,501.1244858788045,618.9521690767519,924.6068399452804,619.9052333804809,1644.385428907168,837.6466867469879,1202.6725352112676,1581.7946629213484,672.1449341208541,1120.669749009247
20:40,980.4898717083051,1350.2432287476536,1013.6059602649007,1168.804846274101,773.4197437829691,959.4848120300752,1180.589537869063,2044.632336018412,1884.2977392977393,731.5369077306733,1089.4965149651496,919.2764639639639,702.9767025089606,689.4620473537605,1262.5094679891795,925.1353413654618,781.3206447187929,1245.6295116772824,1491.5130801687765,692.915932746197,833.0030476190476,1062.4231332357247,1110.3979791395045,1123.818480642805,826.7925548838689,393.2807056721751,453.90355555555556,1311.6022606852703,1136.8465698832906,1075.4091179976162,892.3790504898267,509.1362992349107,636.1910734046477,895.2348464256592,603.5849146110057,1565.0470053070508,828.2909799220857,1218.1640935156595,1524.3791495198902,657.6091901728845,1139.986962190352
21:00,928.519445383835,1333.8139658848613,1027.6630956778722,1139.4846077457796,755.9041498347411,928.5626822157434,1187.2444587214904,2066.874441964286,1760.7383947939263,732.3530280649926,1098.7241523650064,978.2666250390259,698.0713521227257,705.3158076790038,1262.9605621033545,928.2501114578689,763.5813305468478,1235.81059602649,1499.2211538461538,690.0736975857687,855.646694214876,1021.9776609724047,1109.3464309102817,1138.5535068691252,794.9890556597874,410.084798575562,486.1259507829978,1302.4966678358471,1129.9431146156012,1054.5011911852293,885.0609428899961,511.41279233586926,621.0212527964205,920.2958435207823,594.9284570208222,1601.927459172047,828.801724137931,1168.5886730053742,1539.624470189319,629.2869860110217,1125.1716906946265
21:20,955.7804223935635,1306.4201247626797,1008.0173127587504,1101.146475770925,748.3807272727273,936.4128250591017,1130.2412826899129,2069.78543635353,1708.2943410558298,716.4509415262636,1087.5566037735848,964.3151059466849,703.468449197861,700.5390218522373,1247.5744089012517,923.1821797931583,738.9996683250415,1253.1461812209143,1492.0728251629357,679.4270042194092,871.5881866997108,1016.0467351673848,1114.686982444518,1129.6423410404625,842.8818635607321,379.0036756260051,449.4041391858085,1328.7886178861788,1134.495159453303,1055.2488862488863,881.3968558282209,510.2564679415073,629.9905624764062,914.6392528575411,608.8864,1639.965102753005,818.6224215246637,1201.5389408099688,1554.5375606969437,645.0945017182131,1153.0983072916667
21:40,973.3864636209814,1380.1236968160044,1002.1609108159392,1170.6149606299214,736.4008714596949,929.8159276546091,1156.3980673316707,2068.2955580865605,1697.3756515264333,705.9132272501244,1104.905231560892,970.8460490463216,720.4565140220092,657.0953382404487,1235.3602484472049,932.3940455341506,765.7555248618785,1213.6515392781316,1485.2232872850295,669.7026450511945,857.8963363863447,1037.9654913728432,1100.518556005398,1135.5388788426762,876.8325900514579,383.38403931663936,437.9074365311166,1312.5489846811543,1119.6558219178082,1088.6365044933375,885.6799387442572,509.10672917815776,621.9871601208459,881.7887165021157,632.4165792235048,1627.3167701863354,811.1110779337115,1190.8905018664454,1570.6160181766543,653.2498830135704,1194.428478543563
22:00,984.7605492297388,1346.735250518826,966.4417808219179,1145.0458762886599,714.9559043348281,935.5692969870876,1124.616548317382,2042.4078567302138,1699.2404637247569,684.8666666666667,1102.1509945750452,952.6415672913117,705.0361359570662,646.1113861386139,1208.0183363148478,974.1428571428571,765.4647538080056,1215.8036123123886,1454.2610781823314,660.8362068965517,869.9995702621401,982.7108352901711,1104.5734053324334,1139.706265845708,851.9604230638007,385.26596736596736,404.294373284538,1332.4030226700252,1103.5647226173542,1126.3130544993662,870.4151445966514,514.6207849640685,647.85620463187,863.5536770921386,634.3208530805687,1658.8234126984128,813.3080370481027,1211.0481712756468,1537.0566145092462,673.0863377609109,1178.23868852459
22:20,978.2031564808597,1338.743930635838,974.9486486486486,1119.2776430649853,707.3400145772595,922.0976539589443,1051.441866812227,2083.6788732394366,1694.4816734542762,691.2855386128873,1133.684187279152,987.209263578807,676.9638511095204,640.5665842458495,1227.9562642369021,943.7918660287081,769.7974376731302,1162.232833655706,1439.858919988691,673.3135556517973,851.9338203695745,982.8153122901276,1115.0597165991903,1146.1039855072463,821.7548625083837,387.3792382721784,400.02235294117645,1343.312841033103,1127.7310325156875,1113.4744479495268,863.1705837755876,493.1840885684861,638.0316220238095,839.5596355604638,640.533894343151,1662.2164,810.1832932692307,1197.8458333333333,1548.3389976958526,655.0615384615385,1198.5507152145644
22:40,1015.0452244346945,1340.9005724615847,956.5169361046959,1144.7899236641222,695.9776064610867,931.8518835616438,1157.0785098522167,2085.3173241852487,1682.7674242424243,690.1941437007874,1120.0186005314438,962.5561835106383,674.4578530259366,587.3946705077421,1205.378991207774,977.554791577138,784.6220445062587,1168.8674324000958,1442.9087335018253,643.5757575757576,825.2406844106464,974.9205497820985,1126.8741743725232,1148.5481428056257,871.5376234252639,388.5286476455579,404.77382839031014,1340.405982905983,1136.398002853067,1097.083740831296,863.2023947470066,493.7332971211298,664.2717948717949,860.1777158774373,632.9174705251876,1656.1702380952381,798.5350432448554,1192.8168884809545,1541.2082386363636,666.4711131986849,1171.5698787492022
23:00,981.4627266621894,1292.0291448996425,975.3895551257253,1122.4291187739464,689.1081481481482,941.2070300863867,1121.621887488472,1988.3013768485466,1673.2197595792636,694.7760352854692,1130.310553633218,951.1537184594954,680.216119828816,590.6025044722719,1208.7761989342807,975.3314727350794,773.4781073446328,1154.308060272662,1466.9288504464287,656.0538896132116,854.3013698630137,963.2058526740666,1126.0210942649967,1161.6648822269808,843.8034071550255,378.047541365649,402.7076290543627,1311.3271823988644,1149.4058385804235,1118.1884013501074,866.6044291714395,491.9801925722146,656.706884057971,832.2813559322034,595.1775280898877,1678.2324303101689,807.6015485407981,1204.5433287482806,1566.5710556844547,647.3460631777464,1181.353776630084
23:20,960.9793570219966,1281.0089837170128,1005.0077101002313,1137.055802908875,720.1418570375829,942.843560145808,1167.1813186813188,1997.482383419689,1816.770727188513,718.1989367655289,1139.0623441396508,973.3446569920844,637.790264853257,643.7024062278839,1237.4236745886653,929.3549783549784,744.5818568391212,1204.5271411338963,1505.1881078077245,670.6762028608582,858.3346422338569,976.0716207128446,1077.4507651363938,1189.2590618336887,883.2004872955099,395.99835100117787,412.9726487523992,1297.596620908131,1148.5266106442577,1115.2803909590714,834.336137667304,482.86517452704504,666.1665451895044,882.8278487897743,571.1850117096019,1656.4300194931775,790.7567647933392,1149.3403726708075,1539.351445086705,659.7162288930582,1117.2456813819579
23:40,936.0061307901907,1294.6845945945945,1024.5067075507857,1124.3788534342889,785.5134839650145,928.5773353751914,1208.0967637540452,2036.123949579832,1828.410401891253,738.9913301956899,1168.2024590163935,980.643186711781,644.2047159699893,596.5441978901418,1259.0169104204754,903.6597141753573,756.5782073813708,1204.2780722891566,1518.556927297668,702.763440860215,845.5906155832974,1018.2769580022701,1092.578114700066,1196.787932251235,890.6577042399173,403.83266176819154,430.26608026388124,1264.4856433888692,1136.3091508656223,1088.2587878787879,848.4646769928221,506.9593360995851,640.9836005830904,884.2035928143713,568.9005847953216,1645.2734225621416,796.8871825162433,1163.0727046115496,1527.0598240469208,618.9478732276898,1123.299217731421
24:00,884.5207419898819,1287.4679749250477,1008.5470451010887,1135.2842994465482,789.5991410164638,945.1928004881025,1198.6805736636245,2033.9313478041393,1800.5947368421052,731.9041975308642,1170.176110884631,994.2726715686274,580.5766026801883,605.9617927994123,1251.0111679851093,911.675,757.9512628957666,1230.2735381565906,1550.0674796747967,720.2609442060086,854.5295131408875,1020.5099811676083,1066.1267226890757,1166.4017094017095,899.4522510231924,406.08681135225373,425.8386563876652,1268.0081214689264,1141.7806345733043,1044.3509031684928,853.7464150943396,460.35948015780923,633.2330275229358,912.272678475577,566.0941747572815,1638.4212733511247,792.4392110685899,1177.571875,1524.1039187227866,603.54140395124,1066.8524590163934
24:20,920.5179109474388,1244.0002803476311,999.8064889918887,1147.7762634866554,772.8478500551267,949.942063971032,1184.345302981725,2073.243511871894,1812.0612800726283,741.9580957103893,1206.3568515497552,1007.848992248062,552.4340379008746,596.9146431199412,1272.3331795108445,925.3909360440491,774.2316643159379,1231.4784712143203,1533.1449118046132,722.6699235344095,843.011144449207,1040.5529676934636,1084.3334453781513,1180.2560975609756,891.296052631579,410.09493219129195,421.8490617351101,1310.7792253521127,1134.9988888888888,1067.4359800761792,861.5604395604396,457.01248864668486,629.0842450765864,880.6395380069836,595.0541706615533,1672.8967889908256,775.3513831665686,1187.3105892778024,1510.7924860581156,605.3941821247892,1089.397582697201
24:40,870.2243735763097,1297.4009504009505,978.3434579439253,1122.0342735820443,749.7862513426423,945.4349078341014,1181.9525779758117,2108.1661073825503,1861.6699029126214,721.9683716333086,1208.4087382605144,1036.5659873037087,555.4981975486662,592.8020756115641,1225.6750700280113,954.5760824742268,788.1963778409091,1224.5973186497486,1516.3953871499177,724.5837542087542,841.5110647181629,1013.5650684931506,1079.8655715722427,1160.0108538350216,900.426206410708,410.1061176470588,432.4614809274495,1334.4195342370524,1123.3963224893919,1137.8582701062217,847.0741581536133,465.54449877750613,635.5331882480957,863.0407667386609,608.051295610788,1658.835860500379,794.5610114672155,1193.1115555555555,1526.482398568019,625.1976351351351,1081.4501587301588
25:00,955.9491749174917,1346.6359360301035,993.6697746697747,1148.5357974388824,722.3729552889858,969.4233165232869,1172.7940123657663,2105.2324786324784,1863.7614555256064,706.9146825396825,1199.1235154394299,943.6682591818453,648.3804347826087,615.2634075155053,1268.9849039341264,939.479079497908,837.8446801231611,1254.3398727465535,1512.681276005548,731.9361522198732,803.0003806623525,1034.0777065258394,1095.6032388663969,1142.0241441441442,907.6618931191058,397.59547079856975,431.67182169661135,1337.9427494000686,1109.5053733031675,1120.0342064714946,843.394376618572,477.19107240065324,625.0510725229826,831.7768076398363,622.2190324295588,1639.7923394667669,798.1603913430181,1184.3472099202834,1536.729657228018,657.3023045639403,1118.9311454311455
25:20,887.0760183591509,1373.6385345109584,988.1837921675068,1182.1376988984089,723.942188071716,977.2356004901961,1171.8036923076922,2099.3799201369084,1839.0329719963866,720.5328557312253,1203.9812749003984,950.9496425240908,651.8085855031668,580.4909959573686,1263.3216240875913,937.5190935795216,845.3714090287277,1213.0407796870993,1515.7249724972498,722.2566709021601,810.9562715765247,1016.6546077684692,1110.3573117190138,1140.1907681211685,927.6384696384696,409.3554513481829,507.4113626655276,1346.2634608872334,1118.4581349761972,1092.8576271186441,868.1191176470588,470.5429184549356,630.2432532347505,838.2555615843733,628.1378392762108,1630.6114457831325,805.1013215859031,1178.2418996893032,1520.6437223042835,626.0731200664728,1134.3294270833333
25:40,918.4407051282051,1406.9851583113457,997.2780811232449,1180.1561835308416,755.6737871107892,975.505928853755,1158.696253071253,2098.7068385650223,1846.8923357664235,714.1836734693877,1210.9980103461999,949.7879532882606,657.4724328049621,631.988120950324,1263.5111209964414,908.6934244235696,835.9697587495752,1233.2909803921568,1509.9254641174841,717.9042875703768,843.8507525083612,1056.255098257323,1117.4535001690904,1152.3826714801444,929.9047783933518,421.23638470451914,521.3825148645673,1318.6565554432086,1121.5087373167983,1074.3659277254783,862.9785344189489,460.5533193936226,613.0707182320442,841.8380434782608,619.225974025974,1610.0623825629464,811.8262661955241,1175.0961108627625,1538.6629279811098,655.8789335664336,1125.6268656716418
26:00,979.7032362459547,1431.4961474036852,984.0874904067537,1143.4803001876173,750.2645739910314,981.5624069109324,1128.8335358444715,2121.3653955606146,1878.829539951574,685.5377098471561,1217.8719084533038,946.5046632124353,642.7891319207108,595.6087114337568,1222.5635135135135,940.0727580372251,853.8306698401905,1198.0503364737551,1498.0259138025096,721.3465058236272,813.0985709050934,1029.9719557195572,1139.5817515817516,1156.2913616398243,907.3586109142452,413.2134624250807,507.449573397506,1358.9346648612052,1107.197980931015,1095.9331876365907,871.2350981118104,463.00135685210313,626.8524646673561,832.8818231441048,618.3609625668449,1596.6326606875934,809.6993774088348,1146.8442510306918,1530.177903177903,673.7281510759772,1109.3668789808917
26:20,931.4246881995523,1431.2563011456627,1011.2334869431644,1143.2363231552163,764.5345345345345,997.81657160012,1124.9189746611667,2080.7482211275315,1823.4459394521864,709.4876650884624,1210.3405718422005,899.8326478962354,664.0971004720162,555.8807476635513,1240.2317999106745,893.1256345177665,813.8445923460898,1171.9475266466247,1501.761093073593,704.3277919863598,835.7404028886355,984.1137905048982,1149.3925387916804,1182.1027027027028,909.5370879120879,414.01448259752397,523.6242360379347,1349.1900544959128,1072.9703424103532,1080.7951843950016,863.7239718414228,448.36399326977005,602.8086213303604,849.8603260869565,594.8778501628665,1553.715609936967,817.3740390301597,1181.4177440927328,1489.7612028301887,646.2720240653201,1093.814413265306
26:40,932.0355905511811,1419.9419183538002,991.3333333333334,1169.02413568167,778.2173423423424,983.4536838887191,1138.7560761347,2105.063714902808,1847.4912442396314,724.7536518940332,1238.6857379767828,932.4199175388519,688.1031692515172,576.2590405904059,1258.8144876325089,900.3866493281317,801.4741492146596,1210.925875273523,1513.3119190814652,718.5391451544647,867.7054231717337,985.6374291115312,1123.099597585513,1203.5663395129045,930.3344875346261,432.61949172301235,563.0807692307692,1336.9898614396757,1121.9159500693481,1078.932444713723,860.0141158989599,459.41259119156985,624.5208791208792,874.2243066884176,592.7670058918051,1520.9061701350859,828.0551928783383,1184.6326164874552,1457.6670574443142,620.5700365408039,1079.0130463144162
27:00,940.8454545454546,1393.6709657124882,1012.391717325228,1140.9175954069572,763.0322213798332,1002.862915294822,1107.5241559953433,2098.126923076923,1801.716577540107,694.0932371954252,1227.040756302521,969.0959322033898,647.4093937375084,551.0767225325884,1299.5317276516905,934.0237892948173,808.5246753246753,1212.9609526446968,1496.4438677956841,718.5149528881606,849.849833610649,1014.0942002216476,1139.7890759189281,1188.4972855591748,933.0989049805722,406.87857641311933,508.04244147888863,1366.3774676650783,1099.8012965050732,1056.1144293317564,867.2626112759644,448.47854785478546,606.8965282505105,822.4827586206897,639.8349664775658,1567.6276715410575,842.7808014354067,1230.3807174887893,1531.4621922626027,638.2333767926988,1083.2375690607735
27:20,1004.4173722169959,1379.6128410914928,977.1208255159474,1152.6788370520621,747.7841171935236,987.9680626694787,1079.7899934167215,2009.713782696177,1891.763035622096,672.571305099395,1205.6948275862069,974.2389507725476,631.2843461030383,560.1833516685002,1281.9911914696338,991.9450101832994,815.8423841059603,1184.3804591265398,1480.162162162162,709.2311850311851,851.2939708939709,1022.6427767354596,1149.735144312394,1176.7046931407942,902.4885118416402,402.72816901408453,514.5011096316023,1382.38231292517,1112.3400229357799,1058.4967997561719,848.6348377471093,440.6026797921794,635.5112397820163,811.5406154699195,608.7591160220994,1565.3076352853966,853.6860006073489,1179.5536596317916,1566.040990858154,638.6140043763676,1114.358957654723
27:40,928.3931297709923,1333.949078412996,1007.7181818181818,1171.9402362751912,784.97625643055,965.1220755848831,1170.2978723404256,1942.649300530632,1764.8729411764705,704.3067331670823,1199.7330118369136,963.1149875400498,641.2814449917898,552.0567765567765,1316.0882899628252,987.71309314587,821.4057873485868,1193.4114885390777,1455.9806683236675,705.8455319148936,819.1665443873808,1074.9270449521002,1152.5028648466464,1193.8834776334777,912.7126356317816,401.5972024656235,513.7700825010855,1387.2518468770986,1119.8827160493827,1073.7835524304494,872.203663003663,425.5067998889814,636.1694352159468,817.8804317741489,600.397578692494,1583.6358737490377,848.1474626865671,1187.2638655462185,1571.7768888888888,632.9790739091719,1121.7926509186352
28:00,867.7563423473655,1287.185028674917,992.0864676231097,1120.3335616438355,785.7794719226479,961.8559807170834,1118.7523716061498,2036.8974874371859,1904.7204806687566,702.3789928057554,1221.8633031479085,986.4332749562171,612.3127899271041,615.6830229226362,1303.4247336729968,984.6662348877375,827.3879051119278,1248.0613961312026,1459.1280760626398,707.5392362568191,877.1568123393316,1009.6888059701492,1127.2127512127513,1205.7379659790083,922.8743807501769,414.6,518.5059387848332,1362.3258426966293,1104.4231704023764,1057.4743083003953,865.5399776868725,436.9150707743547,650.989591078067,833.2244062244063,611.8554277138569,1571.9935606060606,862.1654545454545,1168.5702828197552,1530.7417435287116,639.3685556028973,1067.2281835811248
28:20,904.5381858285084,1329.2879256965944,1010.8384180790961,1155.9314586994728,807.3852272727273,942.2221889952153,1166.5253164556962,2074.797985153765,1895.9541473467284,702.3738532110092,1219.4133219470539,1002.0191681735986,621.3304777594728,609.7409942363113,1310.0521500457457,984.1541434091885,832.1013916500995,1240.4783813747229,1479.3685236768802,699.7027136492507,860.6500627877773,982.4719101123595,1134.9565217391305,1229.8416666666667,924.4397417503587,395.81620085267645,530.9306451612903,1391.9086505190312,1114.9202231520223,1018.5609896432682,861.465275142315,434.29841622672967,633.2117364447495,820.1819939243303,628.0266120777892,1563.8683611532624,855.7544019429265,1186.5229933110368,1557.2395245170876,625.1593763533997,1116.3216828478965
28:40,1000.4977692797961,1272.1186599874766,1010.5427580893682,1170.8649110807114,792.0835558946967,949.8269402319357,1151.630024360536,2111.3476856835305,1903.1448525607864,713.998001998002,1234.9858490566037,969.6987865810136,586.9698895951823,621.2502720348205,1312.8504504504504,1009.2985702270815,849.2891963109355,1233.9834239130435,1497.0928093645484,698.0925545043192,868.9128992119453,964.0339181286549,1135.5977242302542,1196.2658959537573,915.9059423988334,396.47790780988777,481.6081300813008,1398.1769789146215,1130.5813756014718,1040.018335273574,861.7236693091733,446.7086820083682,633.3192138258217,803.5947965679491,618.8630504833512,1545.9153616703952,856.6963366636392,1175.266081871345,1508.6708111308467,630.1885593220339,1029.7045454545455
29:00,995.7079505859994,1192.9001430615165,1003.4918714555765,1173.7975291695263,775.9597083653108,944.7050422617313,1132.0964360587002,2120.0650224215246,1965.7397260273972,707.6473973973974,1211.5906261442694,992.0504261363636,600.514981890023,620.1250903832249,1306.3523765996345,1019.3956616052061,866.8781676413255,1176.4693042291951,1441.8928771733035,704.6552003237556,855.6870037609694,978.6538020634314,1180.3358404185742,1201.8532804614276,900.0870343839541,378.34129376304196,506.10107477704094,1405.4576388888888,1136.939574468085,1096.0233426704015,868.9007751937985,434.31883274790596,636.1342086068563,778.3080168776371,631.620356970574,1554.852294639414,870.714069591528,1204.0686894226717,1564.437997054492,596.0423197492163,1037.8502705953097
29:20,990.5461808884628,1234.8814794816415,1010.451010293557,1180.7997261211913,795.7586732748761,974.2208858902904,1145.5012853470437,2136.522828507795,1709.5406234031682,714.8160341794421,1226.9429516329062,987.1149503934314,614.0429230223483,628.3061076978677,1337.308432630614,968.2337195365561,837.382597568778,1215.1830101065282,1491.537987104009,721.2660242982823,839.8375905451772,1038.936751497006,1157.6961250849763,1221.7129996398992,890.4170010944911,401.62025611175784,474.4478800655891,1389.5081174438687,1128.8649563010995,1049.925513196481,881.3024147182829,452.40994295028526,633.1721698113207,805.8693384573154,650.1649694501018,1579.8746540134441,875.4650602409639,1221.2107142857142,1551.1355685131196,544.2163827473722,1012.1861397479954
29:40,1048.0136736554239,1260.695865070729,1006.3626707132019,1174.5112211221121,776.5821631878558,964.8564719694746,1196.2878017789074,2125.0897142857143,1746.9763261727312,700.44075,1219.4564144736842,990.6207381370826,654.9042667622804,620.148161370939,1341.409866297833,1013.4904181184669,836.655149934811,1162.906309751434,1488.0191135734071,728.8402996845426,859.0950959488273,1013.9746115953012,1174.981345769487,1201.1587764020394,895.6909747292419,386.9353023909986,455.5793462813832,1391.2658839779006,1133.3004828173814,1042.426916221034,876.7366191759722,452.26978323322015,634.5749493585415,802.4857298178853,665.5126390293226,1589.5973871733968,881.2875264270613,1209.2372345232716,1558.3283406754772,572.3629893238434,1017.1918412348401
30:00,1037.8770670826832,1348.7061224489796,1003.8610692771084,1140.5688311688311,780.5709923664123,955.5697777777777,1169.2714060031597,2150.1837078651683,2010.446568627451,688.174810936591,1203.8136739293764,971.729595222296,665.0007042253521,653.1318293972506,1308.343228200371,1046.388986784141,828.6520051746443,1163.238726042841,1468.858768035516,719.3913879277201,862.6807692307692,1026.323948948949,1163.8236078692898,1193.6166484118291,904.1705624543463,385.87170071149876,433.3835746498932,1405.3382453735435,1114.5872291904218,1073.5237231792082,862.5040618955512,451.41770508826585,627.7239242685026,749.4643741403027,717.2983034872761,1577.0771382893686,873.6038485033598,1170.237452551666,1538.9470295580918,578.7086583463339,1033.9478114478115
30:20,1084.9962109251658,1257.4928200427742,964.8927904370564,1188.9692500784436,760.0331918178309,943.6066897347174,1144.165548098434,2126.2260115606937,2002.4859675036928,660.9543973941368,1234.5630815035356,982.5958583834336,677.6470792767733,649.3969813969813,1273.0087962962964,1109.8809318377912,832.3914728682171,1148.3317348377998,1397.4270512461496,723.2143962848297,876.9329608938548,993.3209125475286,1180.4348837209302,1151.6584122359795,877.2347826086957,357.56309182999337,471.35890975721486,1422.557945870923,1122.3084982537835,1099.9549632352941,861.758089976322,453.45898123324395,609.4864864864865,729.7384823848239,726.9693430656935,1591.046233559187,865.1967871485944,1178.8543557168784,1575.4131012097964,562.8829305135952,1053.846328969835
30:40,1046.2644762524399,1221.7710739030024,995.6160578386606,1170.9290931223372,796.0825278810408,985.6384297520661,1157.6869300911853,2179.685552407932,1921.9666030534352,717.9187184811628,1239.2965159377316,1020.0642035130224,692.2084333219061,700.8038942976356,1284.2385882352942,1044.352,830.208118556701,1188.469449820293,1505.1747762863536,700.7068965517242,901.8415159345392,1043.1331592689296,1185.5112929623567,1203.5426074289876,912.3203777697058,383.6196826856749,462.7747383444339,1379.7964420116318,1129.415341701534,1019.898409893993,846.1756810106593,460.00696414753673,612.8218085106383,801.5252552391188,708.9669631512071,1579.8557956777995,880.3619783616692,1206.17352010845,1566.4532710280373,618.6526145115525,1019.9276094276095
31:00,1090.816084588273,1214.81271005194,963.8596031448895,1199.4751633986928,783.3238970588235,940.7126174878952,1149.5993086109365,2136.46784660767,1983.9794296400187,674.7843137254902,1241.7181409295351,966.4966698382493,660.2642247510669,672.436926215573,1280.5493465525012,1043.1353293413174,827.3063856558666,1081.3084112149534,1436.8748606465997,711.0543524416136,868.1177215189873,1017.6417397939717,1179.9377444589309,1153.5659834591872,873.4287901990812,371.58154354496105,467.5669716162327,1397.7283531409169,1136.0448392554993,1064.23960578996,855.715242221347,463.22360894435775,594.1900038153376,778.2393947581735,736.0434572670208,1573.841580207502,883.0735202492211,1212.9264440433212,1588.423887587822,617.4828164291702,1061.7801749271136
31:20,1067.8353976531941,1255.1650457665903,969.1919153758972,1226.2152964959569,774.2724926253687,951.7992058990358,1161.962143086301,2152.569598136284,1929.9803278688526,692.7110914974993,1231.7081784386617,998.5992815153494,669.071675900277,677.4204081632653,1301.8340385519512,1041.2824324324324,834.0181080237278,1085.8590047393366,1475.0646503884573,729.8554913294797,858.8273291925466,1036.2009080590237,1165.686858656074,1176.2813728995352,888.8576309794988,383.0459930313589,474.44854111405834,1399.6973818429105,1121.6930335831253,1074.489270386266,884.9108055009823,464.5272542027509,610.3304413428895,784.1836181177109,667.694195375177,1603.6921545201114,884.2136251541307,1188.9499774673277,1579.0650644783118,625.5394280762565,1026.9101316542644
31:40,1078.6529886914377,1288.7758719268154,970.5301339285714,1216.7255574614064,761.3718918918919,956.8050966115934,1193.2194398682043,2181.0398613518196,1881.028227672374,693.1687907108468,1212.6947524020695,1024.8959557552714,675.4779696862884,657.8082719943918,1302.721379310345,1008.8383754662246,832.5274961597543,1082.0108593012276,1485.810624827966,734.3136142625608,846.8294117647059,1042.917076864824,1151.9084199932909,1160.7946851110303,889.7032428355958,384.86515816208725,495.1408525284617,1429.988231338265,1161.7054913294799,1056.9027319123386,885.3823415013613,470.61961528041184,611.2752467729689,778.770295954385,656.755111745126,1574.2953020134228,889.960729746444,1183.0406976744187,1568.4992649220817,629.916371681416,1003.2575757575758
32:00,1022.9230271668823,1276.9778723404256,967.5239852398524,1222.051857042747,778.2159795695002,970.8110367892976,1171.1552466070837,2190.3847487001735,1861.1542380731821,715.1322219028457,1235.011127596439,1035.431649593783,686.8496427461945,654.5421476040574,1320.2445977011494,1016.5295194508009,822.9767873723306,1079.386214953271,1504.3638105666575,738.5561912545975,850.294710327456,1050.8619246861924,1164.1192815994577,1184.3087808417997,891.1187197618161,396.9068582020389,513.2373068432671,1403.47043100568,1179.096347425942,1120.821748532592,883.4494909945184,475.26461038961037,602.593340815563,803.5642837727644,609.6170520231213,1609.626572327044,911.5969827586207,1183.495829858215,1585.0491949910554,614.6449652777778,1017.0134303301622
32:20,1082.6082209377007,1241.3035766211108,975.9911209766925,1232.4292717086835,769.9948942377827,971.4185267857143,1214.2066532258063,2160.6689855072464,1890.7329624478443,683.3976047904191,1239.012105649303,1059.1819469026548,689.6761963952765,649.8887318968563,1324.6159153633855,1043.8026196928636,848.5844318895166,1071.4667602996255,1471.9952973720608,725.3077239112572,850.3107321131448,1058.8510718315156,1185.0444518716577,1170.6899338721528,893.7463795024137,392.9805194805195,490.70552964690205,1433.5418082936778,1164.701030927835,1135.9119925627517,892.0655054903445,465.5120514193894,608.8401920438957,757.3399394439857,673.2774813233725,1637.9385342789599,911.4017494532958,1159.427415730337,1562.9415950192706,604.5182084554207,1043.835641180012
32:40,1039.9003174603174,1272.8258790436005,988.5994754589734,1224.3801851217004,810.3920118343195,997.3977017937219,1326.8719550281073,2196.971181556196,1888.3322368421052,702.7172646427476,1253.8928961748634,1068.8039351052814,725.9903969270166,675.7902319044273,1365.584608252202,1030.332884097035,835.1359950093574,1093.0049295774647,1489.5205744269538,737.9364617940199,829.0766917293233,1069.0440060698027,1166.991905564924,1212.6973875181422,892.1328645447817,406.38007117437724,480.5533980582524,1379.7259631490788,1169.1458983820608,1065.652442613302,908.4169854628922,466.1600543478261,653.9881634211531,785.0872109222624,651.8434826371414,1627.6495164410057,923.0385093167702,1170.6879730866274,1519.1159801343852,565.0213426464882,1015.1480186480186
33:00,1058.0697524911604,1230.945308162132,978.9456928838952,1207.5697350069736,795.3465491923641,985.4134345137718,1251.50083864475,2194.453115899825,1820.2265037593984,701.1000909918107,1251.4263736263736,1107.6405978449775,726.6158357771261,682.8097439544808,1340.1344537815125,1043.1511839708562,843.7583385777218,1102.884445477796,1461.413687150838,734.1614221495709,824.0963768115942,1056.726860596902,1158.4335687857383,1205.037037037037,899.7407407407408,423.5872189349112,456.7077464788732,1390.4409261150834,1170.4783968163729,1066.8824587706147,892.9848071679003,466.1712403951701,666.3930817610063,804.1769061985738,679.5208955223881,1615.1261296660118,905.1930970149253,1149.173017958826,1504.5502630040912,607.5717204740498,1002.0328984685195
33:20,1067.5078149920255,1198.531983805668,1000.2791120815139,1201.0632780082988,783.0986597170514,979.6855222626715,1256.2007848266842,2163.0388405797103,1959.4083107497743,681.7894579215334,1247.684664416948,1095.646337188924,702.7530570652174,655.7880101119538,1342.9383974062066,1056.099037138927,830.7327613600254,1227.6140783347028,1432.8420168067228,732.1951718494272,826.2328666175387,1056.7499066815976,1153.6970912738216,1189.243114212266,907.1282240235814,421.19349516851287,482.0160965794769,1390.8549114890664,1185.6587161366313,1026.9885664028145,900.6939571150098,467.78510813030385,694.5230249260668,780.1048166392994,657.1064483111566,1635.2251759186865,918.532232949237,1142.7864538395168,1479.2642940490082,601.7375,996.7698646262508
33:40,1074.5960496973557,1164.1496507254164,984.2420358842915,1151.6282492953335,785.3461395001865,978.3355574089519,1303.8675241157557,2168.636,1935.514563106796,695.1768478924863,1244.3043960103435,1106.6440014239943,737.1400597411218,668.0787792760823,1309.8073012939,1037.4942067736185,828.5646364201367,1224.0425473510843,1437.0289163391353,742.2543424317618,847.7899543378995,1046.6179227596551,1168.48310139165,1223.35528723015,905.5537833827893,421.76029788224344,457.4875532630635,1406.6785714285713,1187.8936108701937,1002.4963820549928,910.6712328767123,471.9982978723404,637.6731332357248,800.7043429844098,647.4198161389172,1649.2176583493283,913.845698254364,1144.5391628677994,1510.8146298472386,583.4383664293742,1005.6953863257365
34:00,1069.3514127963624,1211.6917382291974,987.4115315315315,1187.8603335318642,792.874060150376,945.069844789357,1280.7934122161817,2180.4402050113895,1929.252236135957,686.7313701923077,1236.4488823744962,1101.3827634333566,745.0578566732413,636.5383799080297,1317.3453103126458,1050.5162852112676,835.7866834963711,1225.3161434977578,1414.1073129728215,737.5382087099425,837.857202158572,1039.334595003785,1151.1815137307435,1206.1697836450312,916.8471849865952,409.8356754306437,449.44941332742974,1424.3594232749742,1195.4150220913107,1041.5230455075846,916.8206032119076,480.3324720068906,622.5005378271782,794.0398773006135,658.6528046421663,1636.5364420062697,906.33470681458,1176.6023839931886,1559.080151559312,615.1269375785505,1055.6641131408367
34:20,1060.5617504051863,1210.6858877086495,986.3310690025027,1168.8130537507384,784.9911176905996,958.1968482167542,1243.5412637008383,2180.591379310345,1936.9901625320788,689.987087087087,1243.682603898492,1096.27763953075,745.5994659546061,622.0609712867778,1316.374181478017,1048.0872302158273,839.3969346262121,1225.3539596934431,1465.6870463428252,740.5769230769231,841.5262295081967,1035.9795531995455,1146.8351539225423,1171.7910559939871,933.4568702290077,419.7350057012543,457.5605520926091,1435.1370094722597,1202.7571090047393,1113.8772854044005,926.8991143627262,492.0132756132756,627.3193079040503,797.4294003868472,670.2387434554973,1641.596283115856,895.4629981024668,1136.3605870020965,1522.7412587412587,619.097205346294,1022.4320699708455
34:40,1052.1543882126841,1198.5654418463407,977.9894353369763,1187.7320400121248,811.1542473919523,969.8679297089511,1260.6651612903227,2216.4820717131474,1852.8743902439023,712.1363361547762,1232.5355805243446,1077.564532694283,762.0099239166391,681.8250257820557,1335.7810760667903,1056.5463871543266,843.5724349157733,1229.2960248096983,1518.8512256973795,760.1583298883836,840.4725099601594,1031.720692368214,1165.7468729427255,1168.5939821693908,946.425761666024,429.4989853438557,462.9832199546485,1419.9239960172586,1208.698408104197,1173.410536159601,923.790814357391,483.34343434343435,639.576761904762,810.5256124721603,655.6556986170721,1662.5163476874004,893.5982450642432,1144.0475988100297,1554.8493430656933,628.2869747899159,1065.1159243441123
35:00,1089.6798274717983,1214.0319855159928,970.7802889959244,1185.4109090909092,804.653831775701,973.1299093655589,1241.654515599343,2203.9177215189875,1828.2675718849841,680.4117114397827,1221.6392523364486,1060.9572301425662,747.1027138440398,681.8651003167898,1328.5908239700375,1064.1951648351649,857.7876160990712,1236.8939436226626,1507.4392757660166,744.3142389525368,893.7248238707003,1042.9407114624505,1141.8486253726398,1175.6997379258705,931.7303201506592,410.63546354635463,497.0789414159692,1439.6316650310762,1185.266246779273,1124.1811286407767,907.4595531587057,481.56393718452046,631.7773234200744,806.0505106265526,662.7151134717528,1649.9248210023866,893.1362644215778,1149.269481932956,1579.7381712626996,611.1781655844156,1081.192588092345
